-- phpMyAdmin SQL Dump
-- version 5.2.1
-- https://www.phpmyadmin.net/
--
-- Host: 127.0.0.1
-- Generation Time: Jul 23, 2026 at 01:08 AM
-- Server version: 10.4.32-MariaDB
-- PHP Version: 8.0.30

SET SQL_MODE = "NO_AUTO_VALUE_ON_ZERO";
START TRANSACTION;
SET time_zone = "+00:00";


/*!40101 SET @OLD_CHARACTER_SET_CLIENT=@@CHARACTER_SET_CLIENT */;
/*!40101 SET @OLD_CHARACTER_SET_RESULTS=@@CHARACTER_SET_RESULTS */;
/*!40101 SET @OLD_COLLATION_CONNECTION=@@COLLATION_CONNECTION */;
/*!40101 SET NAMES utf8mb4 */;

--
-- Database: `kamau inventory`
--

-- --------------------------------------------------------

--
-- Table structure for table `activity_logs`
--

CREATE TABLE `activity_logs` (
  `id` int(11) NOT NULL,
  `user` varchar(100) NOT NULL,
  `user_id` int(11) DEFAULT NULL,
  `action` text NOT NULL,
  `details` longtext CHARACTER SET utf8mb4 COLLATE utf8mb4_bin DEFAULT NULL CHECK (json_valid(`details`)),
  `ip_address` varchar(45) DEFAULT NULL,
  `user_agent` text DEFAULT NULL,
  `created_at` timestamp NOT NULL DEFAULT current_timestamp()
) ENGINE=InnoDB DEFAULT CHARSET=utf8mb4 COLLATE=utf8mb4_general_ci;

--
-- Dumping data for table `activity_logs`
--

INSERT INTO `activity_logs` (`id`, `user`, `user_id`, `action`, `details`, `ip_address`, `user_agent`, `created_at`) VALUES
(1, 'John Kamau', 1, 'Logged into the system', '{\"module\":\"Authentication\"}', '192.168.1.10', 'Mozilla/5.0 (Windows NT 10.0; Win64; x64) Chrome/137.0', '2026-06-01 05:00:15'),
(2, 'jane', 2, 'Added a new inventory item: Oil Filter', '{\"module\":\"Inventory\"}', '192.168.1.15', 'Mozilla/5.0 (Windows NT 10.0; Win64; x64) Chrome/137.0', '2026-06-01 05:12:43'),
(3, 'Mary', 3, 'Updated stock for Brake Pads from 35 to 60', '{\"module\":\"Inventory\"}', '192.168.1.21', 'Mozilla/5.0 (Windows NT 10.0; Win64; x64) Chrome/137.0', '2026-06-01 05:25:10'),
(4, 'peter', 4, 'Created Sales Invoice INV-0001', '{\"module\":\"Sales\"}', '192.168.1.18', 'Mozilla/5.0 (Windows NT 10.0; Win64; x64) Chrome/137.0', '2026-06-01 06:03:55'),
(5, 'John Kamau', 1, 'Approved pending stock adjustment #12', '{\"module\":\"Pending Adjustments\"}', '192.168.1.10', 'Mozilla/5.0 (Windows NT 10.0; Win64; x64) Chrome/137.0', '2026-06-01 06:20:42'),
(6, 'jane', 2, 'Added supplier: Toyota Kenya Ltd', '{\"module\":\"Suppliers\"}', '192.168.1.15', 'Mozilla/5.0 (Windows NT 10.0; Win64; x64) Chrome/137.0', '2026-06-01 06:45:18'),
(7, 'Mary', 3, 'Updated supplier information for Bosch Auto Parts', '{\"module\":\"Suppliers\"}', '192.168.1.21', 'Mozilla/5.0 (Windows NT 10.0; Win64; x64) Chrome/137.0', '2026-06-01 07:05:27'),
(8, 'peter', 4, 'Generated Inventory Report', '{\"module\":\"Reports\"}', '192.168.1.18', 'Mozilla/5.0 (Windows NT 10.0; Win64; x64) Chrome/137.0', '2026-06-01 07:30:11'),
(9, 'John Kamau', 1, 'Changed system setting: Low Stock Threshold', '{\"module\":\"System Settings\"}', '192.168.1.10', 'Mozilla/5.0 (Windows NT 10.0; Win64; x64) Chrome/137.0', '2026-06-01 08:10:50'),
(10, 'jane', 2, 'Recorded customer sale worth KSh 15,800', '{\"module\":\"Sales\"}', '192.168.1.15', 'Mozilla/5.0 (Windows NT 10.0; Win64; x64) Chrome/137.0', '2026-06-01 08:42:19'),
(11, 'Mary', 3, 'Requested inventory adjustment for CV Joint', '{\"module\":\"Pending Adjustments\"}', '192.168.1.21', 'Mozilla/5.0 (Windows NT 10.0; Win64; x64) Chrome/137.0', '2026-06-01 09:03:31'),
(12, 'John Kamau', 1, 'Approved inventory adjustment request', '{\"module\":\"Pending Adjustments\"}', '192.168.1.10', 'Mozilla/5.0 (Windows NT 10.0; Win64; x64) Chrome/137.0', '2026-06-01 09:18:47'),
(13, 'peter', 4, 'Updated inventory price for Alternator', '{\"module\":\"Inventory\"}', '192.168.1.18', 'Mozilla/5.0 (Windows NT 10.0; Win64; x64) Chrome/137.0', '2026-06-01 10:07:54'),
(14, 'jane', 2, 'Deleted duplicate inventory item', '{\"module\":\"Inventory\"}', '192.168.1.15', 'Mozilla/5.0 (Windows NT 10.0; Win64; x64) Chrome/137.0', '2026-06-01 10:45:28'),
(15, 'John Kamau', 1, 'Created new user account: sales01', '{\"module\":\"Users\"}', '192.168.1.10', 'Mozilla/5.0 (Windows NT 10.0; Win64; x64) Chrome/137.0', '2026-06-01 11:05:42'),
(16, 'Mary', 3, 'Reset password for user sales01', '{\"module\":\"Users\"}', '192.168.1.21', 'Mozilla/5.0 (Windows NT 10.0; Win64; x64) Chrome/137.0', '2026-06-01 11:38:16'),
(17, 'peter', 4, 'Performed stock audit', '{\"module\":\"Inventory\"}', '192.168.1.18', 'Mozilla/5.0 (Windows NT 10.0; Win64; x64) Chrome/137.0', '2026-06-01 12:11:08'),
(18, 'jane', 2, 'Exported Sales Report to PDF', '{\"module\":\"Reports\"}', '192.168.1.15', 'Mozilla/5.0 (Windows NT 10.0; Win64; x64) Chrome/137.0', '2026-06-01 12:52:40'),
(19, 'John Kamau', 1, 'Backed up the database', '{\"module\":\"System\"}', '192.168.1.10', 'Mozilla/5.0 (Windows NT 10.0; Win64; x64) Chrome/137.0', '2026-06-01 13:25:59'),
(20, 'Mary', 3, 'Logged out of the system', '{\"module\":\"Authentication\"}', '192.168.1.21', 'Mozilla/5.0 (Windows NT 10.0; Win64; x64) Chrome/137.0', '2026-06-01 14:01:14');

-- --------------------------------------------------------

--
-- Table structure for table `inventory`
--

CREATE TABLE `inventory` (
  `id` int(11) NOT NULL,
  `sku` varchar(50) NOT NULL,
  `name` varchar(100) NOT NULL,
  `description` text DEFAULT NULL,
  `category` varchar(50) NOT NULL DEFAULT 'Other',
  `stock` int(11) NOT NULL DEFAULT 0,
  `location` varchar(100) NOT NULL,
  `price` decimal(10,2) NOT NULL,
  `cost_price` decimal(10,2) DEFAULT NULL,
  `reorder_level` int(11) NOT NULL DEFAULT 5,
  `compatibility` text DEFAULT NULL,
  `supplier_id` int(11) DEFAULT NULL,
  `sold_count` int(11) NOT NULL DEFAULT 0,
  `is_active` tinyint(1) NOT NULL DEFAULT 1
) ENGINE=InnoDB DEFAULT CHARSET=utf8mb4 COLLATE=utf8mb4_general_ci;

--
-- Dumping data for table `inventory`
--

INSERT INTO `inventory` (`id`, `sku`, `name`, `description`, `category`, `stock`, `location`, `price`, `cost_price`, `reorder_level`, `compatibility`, `supplier_id`, `sold_count`, `is_active`) VALUES
(2, 'PRT0001', 'Battery', NULL, 'Other', 18, 'Shelf B3', 19370.00, NULL, 20, 'Mazda Demio', 19, 122, 1),
(3, 'PRT0002', 'CV Joint', NULL, 'Other', 136, 'Shelf E3', 16843.00, NULL, 19, 'Toyota Hilux', 5, 239, 1),
(4, 'PRT0003', 'Brake Disc', NULL, 'Other', 61, 'Shelf B12', 6941.00, NULL, 5, 'Honda Fit', 14, 287, 1),
(5, 'PRT0004', 'Side Mirror', NULL, 'Other', 193, 'Shelf H6', 8037.00, NULL, 11, 'VW Golf', 19, 344, 1),
(6, 'PRT0005', 'CV Joint', NULL, 'Other', 53, 'Shelf B5', 24375.00, NULL, 20, 'Toyota Corolla', 18, 443, 1),
(7, 'PRT0006', 'Shock Absorber', NULL, 'Other', 34, 'Shelf D6', 2488.00, NULL, 13, 'Nissan X-Trail', 4, 240, 1),
(8, 'PRT0007', 'Water Pump', NULL, 'Other', 177, 'Shelf D17', 21986.00, NULL, 12, 'Toyota Corolla', 11, 286, 1),
(9, 'PRT0008', 'Timing Belt', NULL, 'Other', 40, 'Shelf H20', 20994.00, NULL, 14, 'Nissan X-Trail', 7, 397, 1),
(10, 'PRT0009', 'Brake Disc', NULL, 'Other', 83, 'Shelf D4', 6420.00, NULL, 12, 'Mazda Demio', 10, 303, 1),
(11, 'PRT0010', 'Brake Pad', NULL, 'Other', 158, 'Shelf B12', 23660.00, NULL, 7, 'Ford Ranger', 6, 70, 1),
(12, 'PRT0011', 'Side Mirror', NULL, 'Other', 13, 'Shelf A1', 9884.00, NULL, 17, 'Mazda Demio', 6, 268, 1),
(13, 'PRT0012', 'Brake Pad', NULL, 'Other', 139, 'Shelf E8', 15270.00, NULL, 5, 'Isuzu D-Max', 13, 236, 1),
(14, 'PRT0013', 'Air Filter', NULL, 'Other', 48, 'Shelf G20', 22648.00, NULL, 7, 'Mazda Demio', 13, 272, 1),
(15, 'PRT0014', 'Tail Lamp', NULL, 'Other', 56, 'Shelf C10', 8817.00, NULL, 16, 'Toyota Hilux', 19, 104, 1),
(16, 'PRT0015', 'Wheel Bearing', NULL, 'Other', 153, 'Shelf E12', 14246.00, NULL, 14, 'Toyota Corolla', 10, 318, 1),
(17, 'PRT0016', 'Fuel Filter', NULL, 'Other', 95, 'Shelf B7', 23399.00, NULL, 16, 'Honda Fit', 16, 467, 1),
(18, 'PRT0017', 'Drive Belt', NULL, 'Other', 121, 'Shelf E8', 15913.00, NULL, 9, 'Ford Ranger', 20, 400, 1),
(19, 'PRT0018', 'Battery', NULL, 'Other', 192, 'Shelf G18', 6114.00, NULL, 16, 'Mitsubishi L200', 16, 127, 1),
(20, 'PRT0019', 'Side Mirror', NULL, 'Other', 8, 'Shelf H10', 21333.00, NULL, 6, 'Nissan X-Trail', 19, 311, 1),
(21, 'PRT0020', 'Brake Disc', NULL, 'Other', 8, 'Shelf A15', 8540.00, NULL, 8, 'Toyota Corolla', 19, 466, 1),
(22, 'PRT0021', 'Tail Lamp', NULL, 'Other', 91, 'Shelf C1', 12606.00, NULL, 5, 'Honda Fit', 1, 0, 1),
(23, 'PRT0022', 'Shock Absorber', NULL, 'Other', 44, 'Shelf F13', 4429.00, NULL, 19, 'Toyota Hilux', 12, 195, 1),
(24, 'PRT0023', 'Side Mirror', NULL, 'Other', 142, 'Shelf C5', 17222.00, NULL, 5, 'Mitsubishi L200', 1, 244, 1),
(25, 'PRT0024', 'Air Filter', NULL, 'Other', 29, 'Shelf F5', 1168.00, NULL, 18, 'Ford Ranger', 16, 302, 1),
(26, 'PRT0025', 'Clutch Kit', NULL, 'Other', 57, 'Shelf G11', 14068.00, NULL, 5, 'Honda Fit', 16, 38, 1),
(27, 'PRT0026', 'Battery', NULL, 'Other', 81, 'Shelf E8', 3503.00, NULL, 14, 'Subaru Forester', 9, 155, 1),
(28, 'PRT0027', 'Shock Absorber', NULL, 'Other', 134, 'Shelf C3', 9504.00, NULL, 10, 'Honda Fit', 20, 233, 1),
(29, 'PRT0028', 'Tail Lamp', NULL, 'Other', 147, 'Shelf D13', 18804.00, NULL, 13, 'Honda Fit', 12, 46, 1),
(30, 'PRT0029', 'CV Joint', NULL, 'Other', 169, 'Shelf E2', 23711.00, NULL, 18, 'Mitsubishi L200', 11, 52, 1),
(31, 'PRT0030', 'Starter Motor', NULL, 'Other', 93, 'Shelf H15', 16851.00, NULL, 12, 'VW Golf', 14, 263, 1),
(32, 'PRT0031', 'Fuel Filter', NULL, 'Other', 139, 'Shelf E3', 23127.00, NULL, 14, 'Toyota Hilux', 9, 472, 1),
(33, 'PRT0032', 'Brake Disc', NULL, 'Other', 31, 'Shelf F19', 12884.00, NULL, 19, 'VW Golf', 12, 284, 1),
(34, 'PRT0033', 'Oil Filter', NULL, 'Other', 162, 'Shelf A17', 13671.00, NULL, 16, 'Honda Fit', 12, 469, 1),
(35, 'PRT0034', 'Timing Belt', NULL, 'Other', 47, 'Shelf C5', 23167.00, NULL, 17, 'Isuzu D-Max', 18, 393, 1),
(36, 'PRT0035', 'Side Mirror', NULL, 'Other', 12, 'Shelf B3', 21811.00, NULL, 6, 'Toyota Corolla', 8, 235, 1),
(37, 'PRT0036', 'Fuel Filter', NULL, 'Other', 11, 'Shelf B16', 8958.00, NULL, 10, 'VW Golf', 19, 88, 1),
(38, 'PRT0037', 'Tail Lamp', NULL, 'Other', 113, 'Shelf G12', 9861.00, NULL, 8, 'Toyota Corolla', 4, 200, 1),
(39, 'PRT0038', 'Side Mirror', NULL, 'Other', 115, 'Shelf C1', 12028.00, NULL, 18, 'Subaru Forester', 15, 253, 1),
(40, 'PRT0039', 'Shock Absorber', NULL, 'Other', 30, 'Shelf G2', 22622.00, NULL, 19, 'Honda Fit', 15, 68, 1),
(41, 'PRT0040', 'Side Mirror', NULL, 'Other', 96, 'Shelf H2', 9732.00, NULL, 13, 'Isuzu D-Max', 18, 263, 1),
(42, 'PRT0041', 'Side Mirror', NULL, 'Other', 107, 'Shelf D16', 10780.00, NULL, 15, 'Mazda Demio', 12, 255, 1),
(43, 'PRT0042', 'Headlamp', NULL, 'Other', 6, 'Shelf D19', 4444.00, NULL, 7, 'Subaru Forester', 20, 306, 1),
(44, 'PRT0043', 'CV Joint', NULL, 'Other', 25, 'Shelf E11', 2243.00, NULL, 6, 'Toyota Hilux', 19, 472, 1),
(45, 'PRT0044', 'Brake Disc', NULL, 'Other', 82, 'Shelf E7', 15730.00, NULL, 17, 'Isuzu D-Max', 12, 53, 1),
(46, 'PRT0045', 'Timing Belt', NULL, 'Other', 116, 'Shelf G14', 6185.00, NULL, 10, 'Nissan X-Trail', 12, 307, 1),
(47, 'PRT0046', 'Water Pump', NULL, 'Other', 150, 'Shelf F18', 2361.00, NULL, 7, 'Mitsubishi L200', 6, 95, 1),
(48, 'PRT0047', 'Tail Lamp', NULL, 'Other', 183, 'Shelf D2', 4385.00, NULL, 19, 'Ford Ranger', 19, 241, 1),
(49, 'PRT0048', 'Clutch Kit', NULL, 'Other', 83, 'Shelf C18', 12511.00, NULL, 11, 'Honda Fit', 7, 124, 1),
(50, 'PRT0049', 'Brake Disc', NULL, 'Other', 192, 'Shelf E11', 21112.00, NULL, 19, 'Honda Fit', 9, 497, 1),
(51, 'PRT0050', 'Alternator', NULL, 'Other', 17, 'Shelf C16', 2538.00, NULL, 18, 'Toyota Corolla', 14, 139, 1),
(52, 'PRT0051', 'Side Mirror', NULL, 'Other', 96, 'Shelf A4', 3650.00, NULL, 15, 'VW Golf', 15, 48, 1),
(53, 'PRT0052', 'Oil Filter', NULL, 'Other', 18, 'Shelf A16', 6144.00, NULL, 9, 'Mazda Demio', 17, 299, 1),
(54, 'PRT0053', 'Oil Filter', NULL, 'Other', 74, 'Shelf D11', 4547.00, NULL, 5, 'Mitsubishi L200', 5, 18, 1),
(55, 'PRT0054', 'Tail Lamp', NULL, 'Other', 37, 'Shelf F4', 21892.00, NULL, 14, 'Subaru Forester', 11, 62, 1),
(56, 'PRT0055', 'Air Filter', NULL, 'Other', 113, 'Shelf H9', 5713.00, NULL, 16, 'Nissan X-Trail', 13, 7, 1),
(57, 'PRT0056', 'Fuel Filter', NULL, 'Other', 173, 'Shelf G14', 13585.00, NULL, 19, 'Honda Fit', 3, 9, 1),
(58, 'PRT0057', 'Water Pump', NULL, 'Other', 38, 'Shelf F5', 13833.00, NULL, 5, 'Isuzu D-Max', 18, 49, 1),
(59, 'PRT0058', 'Spark Plug', NULL, 'Other', 62, 'Shelf A19', 3701.00, NULL, 13, 'Subaru Forester', 1, 50, 1),
(60, 'PRT0059', 'Brake Disc', NULL, 'Other', 51, 'Shelf E7', 7616.00, NULL, 17, 'Mazda Demio', 14, 145, 1),
(61, 'PRT0060', 'Tail Lamp', NULL, 'Other', 86, 'Shelf A2', 3457.00, NULL, 16, 'Mitsubishi L200', 20, 9, 1),
(62, 'PRT0061', 'Clutch Kit', NULL, 'Other', 37, 'Shelf A8', 9945.00, NULL, 5, 'Subaru Forester', 9, 483, 1),
(63, 'PRT0062', 'Brake Pad', NULL, 'Other', 102, 'Shelf B16', 15566.00, NULL, 8, 'Isuzu D-Max', 19, 76, 1),
(64, 'PRT0063', 'Clutch Kit', NULL, 'Other', 38, 'Shelf F15', 24300.00, NULL, 5, 'Mazda Demio', 12, 47, 1),
(65, 'PRT0064', 'Fuel Filter', NULL, 'Other', 89, 'Shelf B11', 13060.00, NULL, 18, 'Subaru Forester', 1, 57, 1),
(66, 'PRT0065', 'Side Mirror', NULL, 'Other', 188, 'Shelf H19', 14960.00, NULL, 18, 'Mazda Demio', 19, 190, 1),
(67, 'PRT0066', 'Drive Belt', NULL, 'Other', 96, 'Shelf D2', 9780.00, NULL, 19, 'Ford Ranger', 5, 75, 1),
(68, 'PRT0067', 'Side Mirror', NULL, 'Other', 98, 'Shelf A16', 2355.00, NULL, 15, 'Mitsubishi L200', 13, 389, 1),
(69, 'PRT0068', 'Side Mirror', NULL, 'Other', 170, 'Shelf B16', 20091.00, NULL, 7, 'Honda Fit', 15, 267, 1),
(70, 'PRT0069', 'CV Joint', NULL, 'Other', 8, 'Shelf E12', 18877.00, NULL, 19, 'Mitsubishi L200', 11, 44, 1),
(71, 'PRT0070', 'Starter Motor', NULL, 'Other', 35, 'Shelf D7', 14032.00, NULL, 18, 'Honda Fit', 11, 378, 1),
(72, 'PRT0071', 'Alternator', NULL, 'Other', 22, 'Shelf H18', 16834.00, NULL, 8, 'Nissan X-Trail', 4, 372, 1),
(73, 'PRT0072', 'Fuel Filter', NULL, 'Other', 86, 'Shelf B4', 7007.00, NULL, 18, 'Mitsubishi L200', 8, 233, 1),
(74, 'PRT0073', 'Starter Motor', NULL, 'Other', 151, 'Shelf B17', 1095.00, NULL, 15, 'Mitsubishi L200', 9, 433, 1),
(75, 'PRT0074', 'Air Filter', NULL, 'Other', 192, 'Shelf H2', 1258.00, NULL, 13, 'Mitsubishi L200', 6, 271, 1),
(76, 'PRT0075', 'Oil Filter', NULL, 'Other', 140, 'Shelf C5', 10162.00, NULL, 14, 'Mitsubishi L200', 8, 192, 1),
(77, 'PRT0076', 'Oil Filter', NULL, 'Other', 91, 'Shelf E13', 19990.00, NULL, 17, 'Mitsubishi L200', 15, 74, 1),
(78, 'PRT0077', 'Wheel Bearing', NULL, 'Other', 118, 'Shelf B4', 21132.00, NULL, 8, 'Toyota Hilux', 16, 159, 1),
(79, 'PRT0078', 'Water Pump', NULL, 'Other', 17, 'Shelf H13', 23671.00, NULL, 15, 'Nissan X-Trail', 18, 141, 1),
(80, 'PRT0079', 'Water Pump', NULL, 'Other', 198, 'Shelf C12', 22301.00, NULL, 17, 'Subaru Forester', 7, 167, 1),
(81, 'PRT0080', 'Starter Motor', NULL, 'Other', 63, 'Shelf A5', 6718.00, NULL, 9, 'Mazda Demio', 17, 455, 1),
(82, 'PRT0081', 'CV Joint', NULL, 'Other', 165, 'Shelf B12', 7521.00, NULL, 18, 'Subaru Forester', 10, 460, 1),
(83, 'PRT0082', 'Oil Filter', NULL, 'Other', 149, 'Shelf E12', 7476.00, NULL, 17, 'Subaru Forester', 20, 345, 1),
(84, 'PRT0083', 'Drive Belt', NULL, 'Other', 100, 'Shelf C9', 21051.00, NULL, 17, 'Honda Fit', 6, 396, 1),
(85, 'PRT0084', 'Shock Absorber', NULL, 'Other', 122, 'Shelf G18', 16173.00, NULL, 18, 'Ford Ranger', 20, 281, 1),
(86, 'PRT0085', 'Starter Motor', NULL, 'Other', 106, 'Shelf H20', 20796.00, NULL, 13, 'Isuzu D-Max', 17, 221, 1),
(87, 'PRT0086', 'Battery', NULL, 'Other', 133, 'Shelf C18', 9278.00, NULL, 16, 'Honda Fit', 7, 84, 1),
(88, 'PRT0087', 'Wheel Bearing', NULL, 'Other', 145, 'Shelf A13', 1306.00, NULL, 13, 'Mitsubishi L200', 4, 215, 1),
(89, 'PRT0088', 'Starter Motor', NULL, 'Other', 195, 'Shelf H8', 18745.00, NULL, 6, 'VW Golf', 13, 120, 1),
(90, 'PRT0089', 'Drive Belt', NULL, 'Other', 14, 'Shelf D12', 16291.00, NULL, 14, 'Toyota Corolla', 19, 434, 1),
(91, 'PRT0090', 'Headlamp', NULL, 'Other', 158, 'Shelf H10', 16752.00, NULL, 5, 'VW Golf', 16, 40, 1),
(92, 'PRT0091', 'Battery', NULL, 'Other', 151, 'Shelf G17', 16451.00, NULL, 12, 'Ford Ranger', 4, 405, 1),
(93, 'PRT0092', 'Air Filter', NULL, 'Other', 21, 'Shelf H7', 13217.00, NULL, 20, 'Toyota Corolla', 12, 346, 1),
(94, 'PRT0093', 'Clutch Kit', NULL, 'Other', 99, 'Shelf A13', 13467.00, NULL, 20, 'VW Golf', 2, 491, 1),
(95, 'PRT0094', 'Headlamp', NULL, 'Other', 76, 'Shelf E18', 17781.00, NULL, 19, 'Subaru Forester', 14, 71, 1),
(96, 'PRT0095', 'Tail Lamp', NULL, 'Other', 163, 'Shelf E13', 6403.00, NULL, 7, 'Nissan X-Trail', 15, 84, 1),
(97, 'PRT0096', 'Shock Absorber', NULL, 'Other', 27, 'Shelf H20', 14566.00, NULL, 11, 'Subaru Forester', 8, 224, 1),
(98, 'PRT0097', 'Water Pump', NULL, 'Other', 133, 'Shelf E10', 7818.00, NULL, 7, 'Toyota Corolla', 18, 77, 1),
(99, 'PRT0098', 'Spark Plug', NULL, 'Other', 81, 'Shelf E7', 5506.00, NULL, 11, 'VW Golf', 14, 419, 1),
(100, 'PRT0099', 'Wheel Bearing', NULL, 'Other', 111, 'Shelf H10', 8287.00, NULL, 12, 'Nissan X-Trail', 16, 295, 1),
(101, 'PRT0100', 'Oil Filter', NULL, 'Other', 53, 'Shelf D18', 9284.00, NULL, 16, 'Subaru Forester', 7, 110, 1),
(102, 'PRT0101', 'Spark Plug', NULL, 'Other', 105, 'Shelf G15', 24940.00, NULL, 20, 'Honda Fit', 11, 335, 1),
(103, 'PRT0102', 'Starter Motor', NULL, 'Other', 195, 'Shelf G10', 4049.00, NULL, 18, 'VW Golf', 18, 101, 1),
(104, 'PRT0103', 'Shock Absorber', NULL, 'Other', 187, 'Shelf D8', 12853.00, NULL, 20, 'Honda Fit', 17, 153, 1),
(105, 'PRT0104', 'Starter Motor', NULL, 'Other', 185, 'Shelf C6', 13777.00, NULL, 10, 'Toyota Hilux', 16, 186, 1),
(106, 'PRT0105', 'Brake Pad', NULL, 'Other', 45, 'Shelf D2', 11674.00, NULL, 9, 'Honda Fit', 3, 368, 1),
(107, 'PRT0106', 'Clutch Kit', NULL, 'Other', 197, 'Shelf C13', 2444.00, NULL, 12, 'Nissan X-Trail', 14, 141, 1),
(108, 'PRT0107', 'Air Filter', NULL, 'Other', 117, 'Shelf A15', 5588.00, NULL, 11, 'Subaru Forester', 6, 84, 1),
(109, 'PRT0108', 'Headlamp', NULL, 'Other', 64, 'Shelf B20', 11206.00, NULL, 18, 'Toyota Hilux', 19, 241, 1),
(110, 'PRT0109', 'CV Joint', NULL, 'Other', 146, 'Shelf A3', 4576.00, NULL, 10, 'Mitsubishi L200', 6, 321, 1),
(111, 'PRT0110', 'Battery', NULL, 'Other', 54, 'Shelf E9', 13228.00, NULL, 7, 'Toyota Corolla', 17, 461, 1),
(112, 'PRT0111', 'Fuel Filter', NULL, 'Other', 56, 'Shelf D9', 9489.00, NULL, 15, 'Subaru Forester', 15, 364, 1),
(113, 'PRT0112', 'Side Mirror', NULL, 'Other', 42, 'Shelf A19', 6254.00, NULL, 14, 'Ford Ranger', 4, 235, 1),
(114, 'PRT0113', 'Headlamp', NULL, 'Other', 99, 'Shelf D11', 13102.00, NULL, 12, 'Toyota Hilux', 7, 131, 1),
(115, 'PRT0114', 'Air Filter', NULL, 'Other', 37, 'Shelf A9', 17831.00, NULL, 18, 'Mitsubishi L200', 20, 313, 1),
(116, 'PRT0115', 'Brake Pad', NULL, 'Other', 181, 'Shelf F13', 20840.00, NULL, 14, 'Mitsubishi L200', 9, 229, 1),
(117, 'PRT0116', 'Starter Motor', NULL, 'Other', 176, 'Shelf H5', 10490.00, NULL, 14, 'Mitsubishi L200', 12, 344, 1),
(118, 'PRT0117', 'Fuel Filter', NULL, 'Other', 61, 'Shelf A6', 15092.00, NULL, 17, 'Toyota Hilux', 6, 423, 1),
(119, 'PRT0118', 'Side Mirror', NULL, 'Other', 171, 'Shelf C15', 16189.00, NULL, 8, 'Mitsubishi L200', 18, 408, 1),
(120, 'PRT0119', 'Wheel Bearing', NULL, 'Other', 115, 'Shelf H6', 18863.00, NULL, 18, 'Mazda Demio', 18, 46, 1),
(121, 'PRT0120', 'Oil Filter', NULL, 'Other', 78, 'Shelf E9', 17382.00, NULL, 16, 'Mitsubishi L200', 4, 281, 1),
(122, 'PRT0121', 'Brake Pad', NULL, 'Other', 192, 'Shelf D2', 971.00, NULL, 7, 'Toyota Hilux', 9, 394, 1),
(123, 'PRT0122', 'Tail Lamp', NULL, 'Other', 35, 'Shelf C7', 15475.00, NULL, 12, 'Mazda Demio', 7, 309, 1),
(124, 'PRT0123', 'Radiator', NULL, 'Other', 93, 'Shelf C3', 14040.00, NULL, 16, 'Ford Ranger', 12, 312, 1),
(125, 'PRT0124', 'CV Joint', NULL, 'Other', 35, 'Shelf G1', 17537.00, NULL, 15, 'Nissan X-Trail', 4, 309, 1),
(126, 'PRT0125', 'Battery', NULL, 'Other', 122, 'Shelf F13', 23505.00, NULL, 12, 'Toyota Corolla', 13, 331, 1),
(127, 'PRT0126', 'Air Filter', NULL, 'Other', 17, 'Shelf G16', 19630.00, NULL, 18, 'Ford Ranger', 11, 417, 1),
(128, 'PRT0127', 'Wheel Bearing', NULL, 'Other', 7, 'Shelf B17', 13321.00, NULL, 11, 'Toyota Hilux', 1, 232, 1),
(129, 'PRT0128', 'Drive Belt', NULL, 'Other', 11, 'Shelf E16', 17680.00, NULL, 12, 'Toyota Corolla', 10, 329, 1),
(130, 'PRT0129', 'Air Filter', NULL, 'Other', 51, 'Shelf H1', 16908.00, NULL, 6, 'Mitsubishi L200', 5, 368, 1),
(131, 'PRT0130', 'Spark Plug', NULL, 'Other', 149, 'Shelf B16', 23192.00, NULL, 15, 'VW Golf', 19, 162, 1),
(132, 'PRT0131', 'Spark Plug', NULL, 'Other', 41, 'Shelf H20', 4120.00, NULL, 14, 'VW Golf', 15, 264, 1),
(133, 'PRT0132', 'Side Mirror', NULL, 'Other', 163, 'Shelf H14', 12711.00, NULL, 20, 'Subaru Forester', 10, 302, 1),
(134, 'PRT0133', 'Wheel Bearing', NULL, 'Other', 74, 'Shelf G5', 6231.00, NULL, 8, 'Honda Fit', 6, 385, 1),
(135, 'PRT0134', 'Headlamp', NULL, 'Other', 63, 'Shelf C9', 14382.00, NULL, 18, 'Mitsubishi L200', 6, 456, 1),
(136, 'PRT0135', 'Oil Filter', NULL, 'Other', 143, 'Shelf B6', 20162.00, NULL, 15, 'Honda Fit', 3, 236, 1),
(137, 'PRT0136', 'Radiator', NULL, 'Other', 24, 'Shelf C16', 8441.00, NULL, 18, 'Subaru Forester', 9, 103, 1),
(138, 'PRT0137', 'Headlamp', NULL, 'Other', 46, 'Shelf A2', 11121.00, NULL, 9, 'Toyota Corolla', 6, 174, 1),
(139, 'PRT0138', 'Fuel Filter', NULL, 'Other', 5, 'Shelf C20', 4446.00, NULL, 12, 'Mazda Demio', 15, 247, 1),
(140, 'PRT0139', 'Brake Pad', NULL, 'Other', 157, 'Shelf E14', 8663.00, NULL, 12, 'Mazda Demio', 8, 277, 1),
(141, 'PRT0140', 'Air Filter', NULL, 'Other', 104, 'Shelf D10', 14316.00, NULL, 15, 'Toyota Corolla', 18, 102, 1),
(142, 'PRT0141', 'Clutch Kit', NULL, 'Other', 110, 'Shelf C20', 16137.00, NULL, 19, 'Toyota Corolla', 9, 423, 1),
(143, 'PRT0142', 'Wheel Bearing', NULL, 'Other', 25, 'Shelf H10', 4793.00, NULL, 14, 'Ford Ranger', 17, 404, 1),
(144, 'PRT0143', 'Battery', NULL, 'Other', 124, 'Shelf G13', 4104.00, NULL, 9, 'Ford Ranger', 6, 437, 1),
(145, 'PRT0144', 'Oil Filter', NULL, 'Other', 61, 'Shelf C11', 17744.00, NULL, 10, 'Isuzu D-Max', 2, 164, 1),
(146, 'PRT0145', 'Starter Motor', NULL, 'Other', 114, 'Shelf D4', 17323.00, NULL, 17, 'Toyota Hilux', 5, 316, 1),
(147, 'PRT0146', 'Tail Lamp', NULL, 'Other', 58, 'Shelf F12', 24677.00, NULL, 9, 'Mazda Demio', 8, 156, 1),
(148, 'PRT0147', 'Spark Plug', NULL, 'Other', 77, 'Shelf A4', 18556.00, NULL, 13, 'Ford Ranger', 2, 45, 1),
(149, 'PRT0148', 'Brake Disc', NULL, 'Other', 60, 'Shelf E3', 14408.00, NULL, 13, 'Subaru Forester', 19, 289, 1),
(150, 'PRT0149', 'Headlamp', NULL, 'Other', 37, 'Shelf B10', 20285.00, NULL, 17, 'Toyota Hilux', 7, 313, 1),
(151, 'PRT0150', 'Oil Filter', NULL, 'Other', 104, 'Shelf D20', 10874.00, NULL, 7, 'Ford Ranger', 3, 111, 1),
(152, 'PRT0151', 'Spark Plug', NULL, 'Other', 22, 'Shelf F20', 20513.00, NULL, 17, 'Subaru Forester', 9, 435, 1),
(153, 'PRT0152', 'Fuel Filter', NULL, 'Other', 106, 'Shelf B5', 680.00, NULL, 6, 'VW Golf', 12, 400, 1),
(154, 'PRT0153', 'Spark Plug', NULL, 'Other', 102, 'Shelf D13', 9744.00, NULL, 15, 'Toyota Corolla', 18, 40, 1),
(155, 'PRT0154', 'Spark Plug', NULL, 'Other', 152, 'Shelf H18', 13532.00, NULL, 10, 'Mazda Demio', 4, 460, 1),
(156, 'PRT0155', 'Drive Belt', NULL, 'Other', 115, 'Shelf H14', 5082.00, NULL, 19, 'Ford Ranger', 5, 81, 1),
(157, 'PRT0156', 'Air Filter', NULL, 'Other', 116, 'Shelf B13', 4095.00, NULL, 17, 'Ford Ranger', 18, 421, 1),
(158, 'PRT0157', 'Tail Lamp', NULL, 'Other', 120, 'Shelf G11', 9202.00, NULL, 16, 'VW Golf', 18, 480, 1),
(159, 'PRT0158', 'Side Mirror', NULL, 'Other', 87, 'Shelf C10', 15786.00, NULL, 16, 'Nissan X-Trail', 16, 214, 1),
(160, 'PRT0159', 'Wheel Bearing', NULL, 'Other', 78, 'Shelf D11', 10585.00, NULL, 12, 'Honda Fit', 10, 254, 1),
(161, 'PRT0160', 'Spark Plug', NULL, 'Other', 169, 'Shelf C8', 9791.00, NULL, 10, 'Ford Ranger', 16, 107, 1),
(162, 'PRT0161', 'Drive Belt', NULL, 'Other', 70, 'Shelf A11', 3120.00, NULL, 8, 'Isuzu D-Max', 12, 344, 1),
(163, 'PRT0162', 'Spark Plug', NULL, 'Other', 137, 'Shelf F3', 15167.00, NULL, 9, 'Honda Fit', 7, 305, 1),
(164, 'PRT0163', 'Starter Motor', NULL, 'Other', 194, 'Shelf B5', 2058.00, NULL, 13, 'Nissan X-Trail', 4, 43, 1),
(165, 'PRT0164', 'Brake Disc', NULL, 'Other', 155, 'Shelf C14', 11271.00, NULL, 11, 'Isuzu D-Max', 12, 80, 1),
(166, 'PRT0165', 'Clutch Kit', NULL, 'Other', 167, 'Shelf C6', 21800.00, NULL, 9, 'Honda Fit', 18, 203, 1),
(167, 'PRT0166', 'Air Filter', NULL, 'Other', 160, 'Shelf A1', 4614.00, NULL, 19, 'Ford Ranger', 11, 400, 1),
(168, 'PRT0167', 'Tail Lamp', NULL, 'Other', 83, 'Shelf C6', 22279.00, NULL, 19, 'Toyota Corolla', 14, 262, 1),
(169, 'PRT0168', 'Side Mirror', NULL, 'Other', 130, 'Shelf A7', 4652.00, NULL, 14, 'Toyota Hilux', 5, 422, 1),
(170, 'PRT0169', 'Tail Lamp', NULL, 'Other', 160, 'Shelf B9', 19107.00, NULL, 18, 'Honda Fit', 7, 438, 1),
(171, 'PRT0170', 'CV Joint', NULL, 'Other', 82, 'Shelf G12', 14210.00, NULL, 18, 'Mitsubishi L200', 18, 302, 1),
(172, 'PRT0171', 'Wheel Bearing', NULL, 'Other', 90, 'Shelf H3', 14637.00, NULL, 14, 'VW Golf', 4, 343, 1),
(173, 'PRT0172', 'Spark Plug', NULL, 'Other', 150, 'Shelf H8', 11631.00, NULL, 5, 'Mitsubishi L200', 5, 390, 1),
(174, 'PRT0173', 'Headlamp', NULL, 'Other', 136, 'Shelf H8', 15669.00, NULL, 8, 'Isuzu D-Max', 12, 314, 1),
(175, 'PRT0174', 'Brake Disc', NULL, 'Other', 95, 'Shelf F2', 20493.00, NULL, 5, 'Toyota Corolla', 20, 243, 1),
(176, 'PRT0175', 'Clutch Kit', NULL, 'Other', 191, 'Shelf D15', 19357.00, NULL, 20, 'Mitsubishi L200', 5, 359, 1),
(177, 'PRT0176', 'Timing Belt', NULL, 'Other', 178, 'Shelf E7', 10053.00, NULL, 11, 'Mitsubishi L200', 18, 193, 1),
(178, 'PRT0177', 'Fuel Filter', NULL, 'Other', 29, 'Shelf D4', 15462.00, NULL, 17, 'Ford Ranger', 7, 456, 1),
(179, 'PRT0178', 'Drive Belt', NULL, 'Other', 78, 'Shelf D17', 13199.00, NULL, 7, 'Subaru Forester', 19, 470, 1),
(180, 'PRT0179', 'Wheel Bearing', NULL, 'Other', 160, 'Shelf D1', 22584.00, NULL, 16, 'Isuzu D-Max', 18, 26, 1),
(181, 'PRT0180', 'Brake Disc', NULL, 'Other', 74, 'Shelf C20', 7186.00, NULL, 15, 'Nissan X-Trail', 1, 116, 1),
(182, 'PRT0181', 'Wheel Bearing', NULL, 'Other', 174, 'Shelf A16', 18681.00, NULL, 6, 'Toyota Hilux', 19, 2, 1),
(183, 'PRT0182', 'CV Joint', NULL, 'Other', 18, 'Shelf C1', 24732.00, NULL, 6, 'Isuzu D-Max', 3, 6, 1),
(184, 'PRT0183', 'Alternator', NULL, 'Other', 13, 'Shelf A11', 15151.00, NULL, 8, 'Toyota Hilux', 20, 334, 1),
(185, 'PRT0184', 'Timing Belt', NULL, 'Other', 11, 'Shelf C5', 17139.00, NULL, 6, 'Subaru Forester', 18, 237, 1),
(186, 'PRT0185', 'Brake Pad', NULL, 'Other', 12, 'Shelf F17', 5914.00, NULL, 16, 'Mitsubishi L200', 11, 266, 1),
(187, 'PRT0186', 'Oil Filter', NULL, 'Other', 97, 'Shelf F11', 21127.00, NULL, 16, 'Mitsubishi L200', 10, 1, 1),
(188, 'PRT0187', 'Air Filter', NULL, 'Other', 10, 'Shelf H6', 9325.00, NULL, 10, 'Mazda Demio', 3, 349, 1),
(189, 'PRT0188', 'Headlamp', NULL, 'Other', 117, 'Shelf F6', 8962.00, NULL, 10, 'Mitsubishi L200', 2, 282, 1),
(190, 'PRT0189', 'Drive Belt', NULL, 'Other', 114, 'Shelf G19', 6654.00, NULL, 16, 'Toyota Hilux', 9, 430, 1),
(191, 'PRT0190', 'Wheel Bearing', NULL, 'Other', 179, 'Shelf D2', 7746.00, NULL, 8, 'Toyota Corolla', 17, 11, 1),
(192, 'PRT0191', 'Radiator', NULL, 'Other', 126, 'Shelf C15', 19237.00, NULL, 20, 'Mazda Demio', 19, 209, 1),
(193, 'PRT0192', 'Wheel Bearing', NULL, 'Other', 20, 'Shelf B11', 7042.00, NULL, 15, 'Mazda Demio', 3, 133, 1),
(194, 'PRT0193', 'Air Filter', NULL, 'Other', 178, 'Shelf A17', 1865.00, NULL, 16, 'Toyota Hilux', 9, 76, 1),
(195, 'PRT0194', 'Alternator', NULL, 'Other', 36, 'Shelf G9', 18651.00, NULL, 6, 'VW Golf', 4, 488, 1),
(196, 'PRT0195', 'Oil Filter', NULL, 'Other', 77, 'Shelf D1', 8657.00, NULL, 9, 'VW Golf', 1, 121, 1),
(197, 'PRT0196', 'Spark Plug', NULL, 'Other', 125, 'Shelf G11', 20320.00, NULL, 14, 'Subaru Forester', 16, 156, 1),
(198, 'PRT0197', 'Water Pump', NULL, 'Other', 87, 'Shelf F19', 7706.00, NULL, 16, 'VW Golf', 6, 8, 1),
(199, 'PRT0198', 'Oil Filter', NULL, 'Other', 191, 'Shelf E4', 4430.00, NULL, 20, 'Nissan X-Trail', 11, 491, 1),
(200, 'PRT0199', 'Timing Belt', NULL, 'Other', 110, 'Shelf H16', 14973.00, NULL, 9, 'Toyota Corolla', 1, 372, 1),
(201, 'PRT0200', 'Air Filter', NULL, 'Other', 88, 'Shelf E20', 3942.00, NULL, 5, 'Nissan X-Trail', 2, 337, 1),
(202, 'PRT0201', 'Timing Belt', NULL, 'Other', 55, 'Shelf C17', 3254.00, NULL, 8, 'Toyota Corolla', 17, 416, 1),
(203, 'PRT0202', 'Fuel Filter', NULL, 'Other', 163, 'Shelf C4', 14291.00, NULL, 11, 'Toyota Corolla', 19, 479, 1),
(204, 'PRT0203', 'Spark Plug', NULL, 'Other', 137, 'Shelf A16', 5912.00, NULL, 18, 'Toyota Hilux', 12, 234, 1),
(205, 'PRT0204', 'Radiator', NULL, 'Other', 189, 'Shelf C12', 8691.00, NULL, 11, 'VW Golf', 4, 386, 1),
(206, 'PRT0205', 'Air Filter', NULL, 'Other', 19, 'Shelf D4', 4160.00, NULL, 14, 'Subaru Forester', 2, 387, 1),
(207, 'PRT0206', 'Alternator', NULL, 'Other', 47, 'Shelf F7', 17805.00, NULL, 18, 'Nissan X-Trail', 18, 372, 1),
(208, 'PRT0207', 'Brake Disc', NULL, 'Other', 119, 'Shelf E10', 19011.00, NULL, 18, 'Toyota Corolla', 5, 45, 1),
(209, 'PRT0208', 'Shock Absorber', NULL, 'Other', 83, 'Shelf B10', 17960.00, NULL, 13, 'Mazda Demio', 13, 291, 1),
(210, 'PRT0209', 'Shock Absorber', NULL, 'Other', 79, 'Shelf E6', 21895.00, NULL, 6, 'Subaru Forester', 6, 42, 1),
(211, 'PRT0210', 'Alternator', NULL, 'Other', 69, 'Shelf F3', 4384.00, NULL, 20, 'Honda Fit', 18, 308, 1),
(212, 'PRT0211', 'Battery', NULL, 'Other', 61, 'Shelf A11', 885.00, NULL, 11, 'Isuzu D-Max', 3, 217, 1),
(213, 'PRT0212', 'Water Pump', NULL, 'Other', 143, 'Shelf F6', 20088.00, NULL, 11, 'Mazda Demio', 11, 249, 1),
(214, 'PRT0213', 'Tail Lamp', NULL, 'Other', 76, 'Shelf D5', 6702.00, NULL, 8, 'Subaru Forester', 20, 89, 1),
(215, 'PRT0214', 'Starter Motor', NULL, 'Other', 49, 'Shelf C18', 15670.00, NULL, 5, 'Toyota Corolla', 9, 42, 1),
(216, 'PRT0215', 'Starter Motor', NULL, 'Other', 45, 'Shelf E18', 23961.00, NULL, 19, 'Mitsubishi L200', 20, 83, 1),
(217, 'PRT0216', 'Brake Disc', NULL, 'Other', 43, 'Shelf H10', 5946.00, NULL, 20, 'VW Golf', 10, 50, 1),
(218, 'PRT0217', 'Radiator', NULL, 'Other', 49, 'Shelf H16', 13928.00, NULL, 16, 'VW Golf', 2, 191, 1),
(219, 'PRT0218', 'Clutch Kit', NULL, 'Other', 61, 'Shelf D18', 18781.00, NULL, 14, 'Mazda Demio', 1, 495, 1),
(220, 'PRT0219', 'CV Joint', NULL, 'Other', 48, 'Shelf G2', 7800.00, NULL, 5, 'Honda Fit', 2, 271, 1),
(221, 'PRT0220', 'Brake Disc', NULL, 'Other', 94, 'Shelf H20', 17530.00, NULL, 12, 'VW Golf', 6, 386, 1),
(222, 'PRT0221', 'Headlamp', NULL, 'Other', 43, 'Shelf D2', 17020.00, NULL, 20, 'Mitsubishi L200', 13, 333, 1),
(223, 'PRT0222', 'Battery', NULL, 'Other', 189, 'Shelf F7', 13814.00, NULL, 9, 'Toyota Corolla', 5, 205, 1),
(224, 'PRT0223', 'Timing Belt', NULL, 'Other', 7, 'Shelf B6', 13776.00, NULL, 13, 'Mitsubishi L200', 8, 311, 1),
(225, 'PRT0224', 'Starter Motor', NULL, 'Other', 108, 'Shelf E18', 20031.00, NULL, 7, 'Isuzu D-Max', 19, 438, 1),
(226, 'PRT0225', 'Fuel Filter', NULL, 'Other', 49, 'Shelf A9', 14960.00, NULL, 5, 'Honda Fit', 8, 325, 1),
(227, 'PRT0226', 'Clutch Kit', NULL, 'Other', 69, 'Shelf B1', 7452.00, NULL, 11, 'Mitsubishi L200', 17, 269, 1),
(228, 'PRT0227', 'Tail Lamp', NULL, 'Other', 107, 'Shelf C5', 7956.00, NULL, 5, 'Toyota Corolla', 3, 368, 1),
(229, 'PRT0228', 'Drive Belt', NULL, 'Other', 29, 'Shelf G19', 20279.00, NULL, 6, 'Subaru Forester', 9, 445, 1),
(230, 'PRT0229', 'Starter Motor', NULL, 'Other', 160, 'Shelf G4', 19826.00, NULL, 12, 'Mitsubishi L200', 1, 307, 1),
(231, 'PRT0230', 'Water Pump', NULL, 'Other', 164, 'Shelf H18', 16284.00, NULL, 8, 'Isuzu D-Max', 10, 224, 1),
(232, 'PRT0231', 'Water Pump', NULL, 'Other', 168, 'Shelf G4', 1697.00, NULL, 10, 'Mazda Demio', 8, 243, 1),
(233, 'PRT0232', 'Spark Plug', NULL, 'Other', 160, 'Shelf H2', 17195.00, NULL, 5, 'Toyota Corolla', 14, 342, 1),
(234, 'PRT0233', 'Brake Pad', NULL, 'Other', 175, 'Shelf G7', 3165.00, NULL, 17, 'Toyota Corolla', 19, 459, 1),
(235, 'PRT0234', 'Headlamp', NULL, 'Other', 76, 'Shelf H16', 21616.00, NULL, 5, 'Toyota Hilux', 10, 136, 1),
(236, 'PRT0235', 'CV Joint', NULL, 'Other', 196, 'Shelf H1', 12719.00, NULL, 7, 'Ford Ranger', 14, 411, 1),
(237, 'PRT0236', 'Battery', NULL, 'Other', 128, 'Shelf A15', 12247.00, NULL, 8, 'Subaru Forester', 3, 63, 1),
(238, 'PRT0237', 'Timing Belt', NULL, 'Other', 82, 'Shelf G10', 20839.00, NULL, 16, 'VW Golf', 12, 130, 1),
(239, 'PRT0238', 'Air Filter', NULL, 'Other', 175, 'Shelf C17', 9193.00, NULL, 18, 'Ford Ranger', 11, 422, 1),
(240, 'PRT0239', 'Alternator', NULL, 'Other', 186, 'Shelf D17', 12342.00, NULL, 20, 'VW Golf', 18, 440, 1),
(241, 'PRT0240', 'Air Filter', NULL, 'Other', 191, 'Shelf B9', 22537.00, NULL, 8, 'Subaru Forester', 20, 427, 1),
(242, 'PRT0241', 'Alternator', NULL, 'Other', 46, 'Shelf F3', 2788.00, NULL, 10, 'VW Golf', 20, 464, 1),
(243, 'PRT0242', 'Drive Belt', NULL, 'Other', 64, 'Shelf B10', 14766.00, NULL, 17, 'Mitsubishi L200', 9, 389, 1),
(244, 'PRT0243', 'Timing Belt', NULL, 'Other', 123, 'Shelf A17', 24870.00, NULL, 20, 'Toyota Corolla', 15, 210, 1),
(245, 'PRT0244', 'Fuel Filter', NULL, 'Other', 50, 'Shelf B2', 10355.00, NULL, 15, 'Toyota Hilux', 13, 253, 1),
(246, 'PRT0245', 'Timing Belt', NULL, 'Other', 136, 'Shelf D19', 24691.00, NULL, 13, 'Isuzu D-Max', 9, 500, 1),
(247, 'PRT0246', 'Battery', NULL, 'Other', 145, 'Shelf B3', 19072.00, NULL, 16, 'Nissan X-Trail', 4, 334, 1),
(248, 'PRT0247', 'Wheel Bearing', NULL, 'Other', 38, 'Shelf E20', 15179.00, NULL, 12, 'Honda Fit', 7, 295, 1),
(249, 'PRT0248', 'Starter Motor', NULL, 'Other', 104, 'Shelf A11', 20069.00, NULL, 20, 'Mazda Demio', 13, 459, 1),
(250, 'PRT0249', 'Brake Disc', NULL, 'Other', 73, 'Shelf D8', 11091.00, NULL, 17, 'Ford Ranger', 15, 154, 1),
(251, 'PRT0250', 'Wheel Bearing', NULL, 'Other', 140, 'Shelf F8', 19501.00, NULL, 11, 'Toyota Corolla', 15, 198, 1),
(252, 'PRT0251', 'Battery', NULL, 'Other', 176, 'Shelf H14', 4309.00, NULL, 13, 'Mazda Demio', 19, 265, 1),
(253, 'PRT0252', 'Shock Absorber', NULL, 'Other', 33, 'Shelf G3', 4435.00, NULL, 7, 'Nissan X-Trail', 13, 205, 1),
(254, 'PRT0253', 'Water Pump', NULL, 'Other', 55, 'Shelf E11', 17682.00, NULL, 5, 'Nissan X-Trail', 6, 71, 1),
(255, 'PRT0254', 'Shock Absorber', NULL, 'Other', 146, 'Shelf G4', 24162.00, NULL, 12, 'Subaru Forester', 11, 352, 1),
(256, 'PRT0255', 'Timing Belt', NULL, 'Other', 113, 'Shelf D17', 15352.00, NULL, 13, 'Toyota Hilux', 2, 286, 1),
(257, 'PRT0256', 'Water Pump', NULL, 'Other', 155, 'Shelf B10', 18200.00, NULL, 20, 'Toyota Corolla', 13, 154, 1),
(258, 'PRT0257', 'Clutch Kit', NULL, 'Other', 89, 'Shelf C7', 18481.00, NULL, 8, 'Subaru Forester', 3, 438, 1),
(259, 'PRT0258', 'Fuel Filter', NULL, 'Other', 5, 'Shelf B16', 9845.00, NULL, 5, 'Mitsubishi L200', 5, 312, 1),
(260, 'PRT0259', 'Tail Lamp', NULL, 'Other', 50, 'Shelf C19', 17854.00, NULL, 19, 'Nissan X-Trail', 12, 4, 1),
(261, 'PRT0260', 'Fuel Filter', NULL, 'Other', 94, 'Shelf E4', 2424.00, NULL, 20, 'Mazda Demio', 4, 370, 1),
(262, 'PRT0261', 'Shock Absorber', NULL, 'Other', 151, 'Shelf D1', 17508.00, NULL, 17, 'Toyota Hilux', 18, 336, 1),
(263, 'PRT0262', 'Oil Filter', NULL, 'Other', 90, 'Shelf A2', 20438.00, NULL, 5, 'Isuzu D-Max', 14, 385, 1),
(264, 'PRT0263', 'Radiator', NULL, 'Other', 160, 'Shelf F15', 17635.00, NULL, 7, 'Subaru Forester', 8, 116, 1),
(265, 'PRT0264', 'CV Joint', NULL, 'Other', 101, 'Shelf A11', 22353.00, NULL, 18, 'Nissan X-Trail', 11, 412, 1),
(266, 'PRT0265', 'Radiator', NULL, 'Other', 172, 'Shelf C2', 10502.00, NULL, 10, 'Subaru Forester', 12, 338, 1),
(267, 'PRT0266', 'Starter Motor', NULL, 'Other', 61, 'Shelf C20', 13278.00, NULL, 6, 'Nissan X-Trail', 15, 1, 1),
(268, 'PRT0267', 'Battery', NULL, 'Other', 87, 'Shelf A11', 20121.00, NULL, 18, 'Toyota Hilux', 1, 404, 1),
(269, 'PRT0268', 'Brake Disc', NULL, 'Other', 44, 'Shelf B4', 19901.00, NULL, 6, 'Subaru Forester', 18, 30, 1),
(270, 'PRT0269', 'Side Mirror', NULL, 'Other', 84, 'Shelf D6', 18038.00, NULL, 6, 'Ford Ranger', 1, 275, 1),
(271, 'PRT0270', 'Tail Lamp', NULL, 'Other', 153, 'Shelf G5', 21689.00, NULL, 17, 'Isuzu D-Max', 14, 298, 1),
(272, 'PRT0271', 'Oil Filter', NULL, 'Other', 58, 'Shelf H18', 18214.00, NULL, 6, 'Nissan X-Trail', 16, 472, 1),
(273, 'PRT0272', 'Drive Belt', NULL, 'Other', 78, 'Shelf A13', 21184.00, NULL, 19, 'Toyota Corolla', 7, 13, 1),
(274, 'PRT0273', 'Radiator', NULL, 'Other', 77, 'Shelf G6', 14841.00, NULL, 17, 'Toyota Hilux', 16, 278, 1),
(275, 'PRT0274', 'Clutch Kit', NULL, 'Other', 176, 'Shelf A15', 4744.00, NULL, 14, 'Toyota Hilux', 6, 315, 1),
(276, 'PRT0275', 'Air Filter', NULL, 'Other', 116, 'Shelf B7', 2122.00, NULL, 6, 'Honda Fit', 12, 498, 1),
(277, 'PRT0276', 'Timing Belt', NULL, 'Other', 133, 'Shelf G13', 15416.00, NULL, 17, 'Isuzu D-Max', 17, 392, 1),
(278, 'PRT0277', 'Drive Belt', NULL, 'Other', 107, 'Shelf E10', 2666.00, NULL, 16, 'Toyota Corolla', 11, 389, 1),
(279, 'PRT0278', 'Radiator', NULL, 'Other', 65, 'Shelf F13', 22248.00, NULL, 9, 'Honda Fit', 4, 146, 1),
(280, 'PRT0279', 'Spark Plug', NULL, 'Other', 197, 'Shelf F6', 4643.00, NULL, 19, 'Mitsubishi L200', 2, 68, 1),
(281, 'PRT0280', 'Alternator', NULL, 'Other', 46, 'Shelf D16', 8158.00, NULL, 12, 'Mazda Demio', 5, 116, 1),
(282, 'PRT0281', 'Headlamp', NULL, 'Other', 142, 'Shelf A18', 24940.00, NULL, 6, 'VW Golf', 2, 201, 1),
(283, 'PRT0282', 'Tail Lamp', NULL, 'Other', 45, 'Shelf C7', 14538.00, NULL, 12, 'Toyota Hilux', 3, 434, 1),
(284, 'PRT0283', 'Spark Plug', NULL, 'Other', 34, 'Shelf B18', 8514.00, NULL, 19, 'Toyota Corolla', 7, 78, 1),
(285, 'PRT0284', 'CV Joint', NULL, 'Other', 81, 'Shelf F19', 17864.00, NULL, 13, 'Isuzu D-Max', 16, 241, 1),
(286, 'PRT0285', 'Battery', NULL, 'Other', 144, 'Shelf C3', 4325.00, NULL, 19, 'Toyota Corolla', 16, 262, 1),
(287, 'PRT0286', 'Air Filter', NULL, 'Other', 136, 'Shelf H10', 7239.00, NULL, 14, 'VW Golf', 5, 40, 1),
(288, 'PRT0287', 'Brake Pad', NULL, 'Other', 174, 'Shelf B14', 16076.00, NULL, 14, 'Subaru Forester', 19, 361, 1),
(289, 'PRT0288', 'Wheel Bearing', NULL, 'Other', 20, 'Shelf C5', 22125.00, NULL, 6, 'Isuzu D-Max', 5, 257, 1),
(290, 'PRT0289', 'Headlamp', NULL, 'Other', 16, 'Shelf C5', 16458.00, NULL, 7, 'Toyota Corolla', 5, 300, 1),
(291, 'PRT0290', 'Water Pump', NULL, 'Other', 51, 'Shelf H11', 22230.00, NULL, 19, 'Toyota Corolla', 7, 329, 1),
(292, 'PRT0291', 'Battery', NULL, 'Other', 163, 'Shelf G2', 22273.00, NULL, 5, 'Ford Ranger', 9, 441, 1),
(293, 'PRT0292', 'Radiator', NULL, 'Other', 35, 'Shelf H7', 2004.00, NULL, 17, 'VW Golf', 13, 361, 1),
(294, 'PRT0293', 'Air Filter', NULL, 'Other', 47, 'Shelf C10', 10146.00, NULL, 17, 'Toyota Hilux', 17, 145, 1),
(295, 'PRT0294', 'Alternator', NULL, 'Other', 63, 'Shelf D20', 10448.00, NULL, 16, 'Toyota Corolla', 19, 131, 1),
(296, 'PRT0295', 'Brake Pad', NULL, 'Other', 187, 'Shelf F19', 14816.00, NULL, 17, 'Ford Ranger', 16, 87, 1),
(297, 'PRT0296', 'Wheel Bearing', NULL, 'Other', 127, 'Shelf H13', 19247.00, NULL, 16, 'Nissan X-Trail', 14, 302, 1),
(298, 'PRT0297', 'CV Joint', NULL, 'Other', 189, 'Shelf B2', 7957.00, NULL, 12, 'Toyota Hilux', 20, 65, 1),
(299, 'PRT0298', 'Water Pump', NULL, 'Other', 50, 'Shelf F19', 22203.00, NULL, 14, 'Isuzu D-Max', 13, 317, 1),
(300, 'PRT0299', 'Radiator', NULL, 'Other', 48, 'Shelf G1', 24453.00, NULL, 9, 'Ford Ranger', 11, 96, 1),
(301, 'PRT0300', 'Water Pump', NULL, 'Other', 182, 'Shelf E13', 16706.00, NULL, 13, 'VW Golf', 1, 353, 1),
(302, 'PRT0301', 'Timing Belt', NULL, 'Other', 131, 'Shelf H4', 3049.00, NULL, 19, 'Toyota Corolla', 12, 242, 1),
(303, 'PRT0302', 'Spark Plug', NULL, 'Other', 99, 'Shelf D1', 8304.00, NULL, 15, 'Isuzu D-Max', 16, 244, 1),
(304, 'PRT0303', 'Water Pump', NULL, 'Other', 74, 'Shelf C17', 10398.00, NULL, 6, 'Mitsubishi L200', 5, 241, 1),
(305, 'PRT0304', 'Clutch Kit', NULL, 'Other', 37, 'Shelf D1', 11107.00, NULL, 7, 'Isuzu D-Max', 15, 184, 1),
(306, 'PRT0305', 'Tail Lamp', NULL, 'Other', 169, 'Shelf D5', 9411.00, NULL, 13, 'Nissan X-Trail', 12, 209, 1),
(307, 'PRT0306', 'Spark Plug', NULL, 'Other', 53, 'Shelf C20', 4577.00, NULL, 18, 'Subaru Forester', 13, 369, 1),
(308, 'PRT0307', 'Starter Motor', NULL, 'Other', 189, 'Shelf E5', 10037.00, NULL, 20, 'Mazda Demio', 7, 499, 1),
(309, 'PRT0308', 'Clutch Kit', NULL, 'Other', 165, 'Shelf F3', 1142.00, NULL, 18, 'Isuzu D-Max', 6, 15, 1),
(310, 'PRT0309', 'Starter Motor', NULL, 'Other', 168, 'Shelf D20', 5938.00, NULL, 16, 'VW Golf', 2, 96, 1),
(311, 'PRT0310', 'Shock Absorber', NULL, 'Other', 75, 'Shelf C19', 10240.00, NULL, 8, 'Mazda Demio', 11, 433, 1),
(312, 'PRT0311', 'Brake Disc', NULL, 'Other', 83, 'Shelf B11', 17271.00, NULL, 19, 'VW Golf', 20, 105, 1),
(313, 'PRT0312', 'CV Joint', NULL, 'Other', 189, 'Shelf A16', 10876.00, NULL, 20, 'VW Golf', 15, 473, 1),
(314, 'PRT0313', 'Radiator', NULL, 'Other', 74, 'Shelf A18', 5186.00, NULL, 5, 'Mitsubishi L200', 6, 257, 1),
(315, 'PRT0314', 'Brake Disc', NULL, 'Other', 84, 'Shelf E6', 14785.00, NULL, 19, 'Subaru Forester', 15, 441, 1),
(316, 'PRT0315', 'Brake Disc', NULL, 'Other', 187, 'Shelf F6', 13741.00, NULL, 16, 'Ford Ranger', 8, 261, 1),
(317, 'PRT0316', 'Drive Belt', NULL, 'Other', 109, 'Shelf C12', 2082.00, NULL, 10, 'Subaru Forester', 2, 245, 1),
(318, 'PRT0317', 'Timing Belt', NULL, 'Other', 113, 'Shelf C5', 23529.00, NULL, 15, 'Nissan X-Trail', 6, 217, 1),
(319, 'PRT0318', 'Alternator', NULL, 'Other', 166, 'Shelf H11', 4970.00, NULL, 12, 'Honda Fit', 20, 322, 1),
(320, 'PRT0319', 'CV Joint', NULL, 'Other', 109, 'Shelf D15', 4195.00, NULL, 12, 'Mitsubishi L200', 6, 316, 1),
(321, 'PRT0320', 'Starter Motor', NULL, 'Other', 159, 'Shelf F1', 18508.00, NULL, 19, 'Nissan X-Trail', 11, 361, 1),
(322, 'PRT0321', 'Tail Lamp', NULL, 'Other', 170, 'Shelf F6', 11635.00, NULL, 6, 'VW Golf', 15, 308, 1),
(323, 'PRT0322', 'Brake Disc', NULL, 'Other', 121, 'Shelf E1', 17552.00, NULL, 16, 'Honda Fit', 10, 310, 1),
(324, 'PRT0323', 'Brake Disc', NULL, 'Other', 40, 'Shelf D2', 24189.00, NULL, 5, 'Toyota Corolla', 7, 166, 1),
(325, 'PRT0324', 'Drive Belt', NULL, 'Other', 88, 'Shelf A20', 19762.00, NULL, 20, 'Subaru Forester', 18, 201, 1),
(326, 'PRT0325', 'Shock Absorber', NULL, 'Other', 99, 'Shelf G1', 10358.00, NULL, 16, 'VW Golf', 12, 153, 1),
(327, 'PRT0326', 'Brake Disc', NULL, 'Other', 199, 'Shelf F1', 15819.00, NULL, 14, 'Nissan X-Trail', 15, 397, 1),
(328, 'PRT0327', 'Drive Belt', NULL, 'Other', 57, 'Shelf C12', 19469.00, NULL, 17, 'Toyota Hilux', 1, 468, 1),
(329, 'PRT0328', 'CV Joint', NULL, 'Other', 116, 'Shelf E7', 15039.00, NULL, 17, 'Nissan X-Trail', 4, 362, 1),
(330, 'PRT0329', 'Water Pump', NULL, 'Other', 64, 'Shelf A17', 10174.00, NULL, 13, 'Nissan X-Trail', 20, 165, 1),
(331, 'PRT0330', 'Headlamp', NULL, 'Other', 188, 'Shelf C15', 23580.00, NULL, 19, 'Isuzu D-Max', 2, 394, 1),
(332, 'PRT0331', 'Water Pump', NULL, 'Other', 70, 'Shelf D15', 12360.00, NULL, 8, 'Nissan X-Trail', 10, 157, 1),
(333, 'PRT0332', 'Water Pump', NULL, 'Other', 119, 'Shelf F6', 6017.00, NULL, 18, 'Mitsubishi L200', 14, 337, 1),
(334, 'PRT0333', 'Wheel Bearing', NULL, 'Other', 180, 'Shelf H19', 7356.00, NULL, 14, 'Toyota Corolla', 15, 371, 1),
(335, 'PRT0334', 'Clutch Kit', NULL, 'Other', 181, 'Shelf F6', 22222.00, NULL, 13, 'Ford Ranger', 13, 205, 1),
(336, 'PRT0335', 'Radiator', NULL, 'Other', 91, 'Shelf A18', 24842.00, NULL, 11, 'VW Golf', 1, 362, 1),
(337, 'PRT0336', 'Brake Pad', NULL, 'Other', 65, 'Shelf D20', 5617.00, NULL, 18, 'Ford Ranger', 10, 379, 1),
(338, 'PRT0337', 'Brake Pad', NULL, 'Other', 197, 'Shelf D11', 22948.00, NULL, 17, 'Ford Ranger', 18, 20, 1),
(339, 'PRT0338', 'Spark Plug', NULL, 'Other', 54, 'Shelf A14', 711.00, NULL, 7, 'Ford Ranger', 2, 349, 1),
(340, 'PRT0339', 'Spark Plug', NULL, 'Other', 69, 'Shelf F12', 22098.00, NULL, 14, 'Mazda Demio', 11, 396, 1),
(341, 'PRT0340', 'Brake Pad', NULL, 'Other', 12, 'Shelf F10', 13587.00, NULL, 16, 'Honda Fit', 1, 89, 1),
(342, 'PRT0341', 'Brake Pad', NULL, 'Other', 198, 'Shelf B13', 4303.00, NULL, 8, 'Mazda Demio', 13, 101, 1),
(343, 'PRT0342', 'Tail Lamp', NULL, 'Other', 72, 'Shelf H16', 18567.00, NULL, 16, 'Ford Ranger', 15, 231, 1),
(344, 'PRT0343', 'Clutch Kit', NULL, 'Other', 168, 'Shelf F14', 15551.00, NULL, 13, 'Toyota Hilux', 1, 429, 1),
(345, 'PRT0344', 'Timing Belt', NULL, 'Other', 114, 'Shelf F14', 17915.00, NULL, 15, 'Toyota Corolla', 8, 261, 1),
(346, 'PRT0345', 'Brake Pad', NULL, 'Other', 145, 'Shelf G2', 1007.00, NULL, 11, 'Mitsubishi L200', 19, 449, 1),
(347, 'PRT0346', 'Air Filter', NULL, 'Other', 48, 'Shelf G7', 22805.00, NULL, 20, 'Honda Fit', 7, 441, 1),
(348, 'PRT0347', 'Battery', NULL, 'Other', 92, 'Shelf G2', 20966.00, NULL, 15, 'Nissan X-Trail', 1, 298, 1),
(349, 'PRT0348', 'Wheel Bearing', NULL, 'Other', 118, 'Shelf F19', 24799.00, NULL, 15, 'Subaru Forester', 2, 493, 1),
(350, 'PRT0349', 'Headlamp', NULL, 'Other', 189, 'Shelf C17', 18682.00, NULL, 16, 'Honda Fit', 13, 245, 1),
(351, 'PRT0350', 'Radiator', NULL, 'Other', 40, 'Shelf B2', 7901.00, NULL, 18, 'Toyota Hilux', 11, 441, 1),
(352, 'PRT0351', 'Tail Lamp', NULL, 'Other', 34, 'Shelf G14', 1118.00, NULL, 5, 'Mitsubishi L200', 13, 282, 1),
(353, 'PRT0352', 'Oil Filter', NULL, 'Other', 21, 'Shelf D8', 3611.00, NULL, 15, 'Subaru Forester', 3, 350, 1),
(354, 'PRT0353', 'Timing Belt', NULL, 'Other', 179, 'Shelf D17', 10986.00, NULL, 16, 'Subaru Forester', 3, 34, 1),
(355, 'PRT0354', 'Wheel Bearing', NULL, 'Other', 39, 'Shelf D14', 9892.00, NULL, 10, 'Toyota Corolla', 20, 157, 1),
(356, 'PRT0355', 'Alternator', NULL, 'Other', 148, 'Shelf C8', 6006.00, NULL, 6, 'Honda Fit', 10, 91, 1),
(357, 'PRT0356', 'Battery', NULL, 'Other', 186, 'Shelf B7', 12865.00, NULL, 13, 'VW Golf', 4, 132, 1),
(358, 'PRT0357', 'Oil Filter', NULL, 'Other', 36, 'Shelf F1', 13788.00, NULL, 16, 'Toyota Hilux', 15, 408, 1),
(359, 'PRT0358', 'Fuel Filter', NULL, 'Other', 55, 'Shelf A15', 11177.00, NULL, 17, 'Ford Ranger', 14, 136, 1),
(360, 'PRT0359', 'Brake Disc', NULL, 'Other', 63, 'Shelf B9', 8139.00, NULL, 11, 'Honda Fit', 11, 20, 1),
(361, 'PRT0360', 'Brake Disc', NULL, 'Other', 169, 'Shelf H16', 12255.00, NULL, 7, 'Toyota Hilux', 5, 435, 1),
(362, 'PRT0361', 'Brake Disc', NULL, 'Other', 5, 'Shelf H20', 12337.00, NULL, 7, 'VW Golf', 9, 39, 1),
(363, 'PRT0362', 'Water Pump', NULL, 'Other', 167, 'Shelf D7', 1484.00, NULL, 20, 'Ford Ranger', 15, 288, 1),
(364, 'PRT0363', 'Water Pump', NULL, 'Other', 85, 'Shelf D18', 11513.00, NULL, 18, 'Mazda Demio', 17, 85, 1),
(365, 'PRT0364', 'Starter Motor', NULL, 'Other', 94, 'Shelf H10', 17426.00, NULL, 14, 'VW Golf', 7, 43, 1),
(366, 'PRT0365', 'Tail Lamp', NULL, 'Other', 55, 'Shelf G9', 14884.00, NULL, 17, 'Mitsubishi L200', 1, 340, 1),
(367, 'PRT0366', 'Oil Filter', NULL, 'Other', 98, 'Shelf E7', 14864.00, NULL, 20, 'Honda Fit', 17, 418, 1),
(368, 'PRT0367', 'Alternator', NULL, 'Other', 22, 'Shelf B2', 22288.00, NULL, 10, 'Honda Fit', 18, 77, 1),
(369, 'PRT0368', 'Brake Pad', NULL, 'Other', 152, 'Shelf H20', 17378.00, NULL, 12, 'Isuzu D-Max', 10, 96, 1),
(370, 'PRT0369', 'Radiator', NULL, 'Other', 196, 'Shelf G20', 23809.00, NULL, 15, 'Toyota Hilux', 3, 258, 1),
(371, 'PRT0370', 'Spark Plug', NULL, 'Other', 76, 'Shelf E2', 4642.00, NULL, 13, 'Isuzu D-Max', 13, 434, 1),
(372, 'PRT0371', 'Timing Belt', NULL, 'Other', 14, 'Shelf A7', 11264.00, NULL, 9, 'Mitsubishi L200', 3, 59, 1),
(373, 'PRT0372', 'Battery', NULL, 'Other', 17, 'Shelf G20', 20369.00, NULL, 15, 'Honda Fit', 18, 181, 1),
(374, 'PRT0373', 'Brake Pad', NULL, 'Other', 157, 'Shelf E14', 12901.00, NULL, 12, 'Mazda Demio', 2, 476, 1),
(375, 'PRT0374', 'Timing Belt', NULL, 'Other', 105, 'Shelf G10', 16920.00, NULL, 5, 'Mitsubishi L200', 10, 335, 1),
(376, 'PRT0375', 'Side Mirror', NULL, 'Other', 110, 'Shelf B17', 11471.00, NULL, 15, 'Nissan X-Trail', 19, 465, 1),
(377, 'PRT0376', 'Starter Motor', NULL, 'Other', 106, 'Shelf G16', 15906.00, NULL, 19, 'VW Golf', 19, 259, 1),
(378, 'PRT0377', 'Wheel Bearing', NULL, 'Other', 131, 'Shelf E9', 19166.00, NULL, 17, 'Subaru Forester', 19, 356, 1),
(379, 'PRT0378', 'Fuel Filter', NULL, 'Other', 7, 'Shelf B13', 6043.00, NULL, 11, 'Honda Fit', 14, 454, 1),
(380, 'PRT0379', 'Timing Belt', NULL, 'Other', 63, 'Shelf G17', 6599.00, NULL, 14, 'VW Golf', 3, 38, 1),
(381, 'PRT0380', 'Spark Plug', NULL, 'Other', 13, 'Shelf H14', 4399.00, NULL, 13, 'Toyota Hilux', 10, 267, 1),
(382, 'PRT0381', 'Spark Plug', NULL, 'Other', 120, 'Shelf C15', 19617.00, NULL, 15, 'Toyota Hilux', 6, 323, 1),
(383, 'PRT0382', 'Wheel Bearing', NULL, 'Other', 124, 'Shelf H4', 14202.00, NULL, 9, 'Ford Ranger', 2, 33, 1),
(384, 'PRT0383', 'Battery', NULL, 'Other', 195, 'Shelf A5', 11327.00, NULL, 20, 'Toyota Hilux', 9, 409, 1),
(385, 'PRT0384', 'Radiator', NULL, 'Other', 193, 'Shelf E13', 19015.00, NULL, 13, 'Toyota Corolla', 13, 145, 1),
(386, 'PRT0385', 'Fuel Filter', NULL, 'Other', 199, 'Shelf H2', 3516.00, NULL, 10, 'Subaru Forester', 13, 251, 1),
(387, 'PRT0386', 'Brake Disc', NULL, 'Other', 178, 'Shelf D7', 1003.00, NULL, 7, 'Mazda Demio', 2, 316, 1),
(388, 'PRT0387', 'Oil Filter', NULL, 'Other', 118, 'Shelf E11', 1673.00, NULL, 11, 'VW Golf', 20, 21, 1),
(389, 'PRT0388', 'Starter Motor', NULL, 'Other', 42, 'Shelf H2', 21348.00, NULL, 8, 'VW Golf', 3, 167, 1),
(390, 'PRT0389', 'Wheel Bearing', NULL, 'Other', 194, 'Shelf E16', 21644.00, NULL, 20, 'Toyota Corolla', 3, 175, 1),
(391, 'PRT0390', 'Fuel Filter', NULL, 'Other', 51, 'Shelf E11', 14603.00, NULL, 14, 'Mazda Demio', 5, 421, 1),
(392, 'PRT0391', 'Shock Absorber', NULL, 'Other', 88, 'Shelf E5', 8553.00, NULL, 18, 'Isuzu D-Max', 19, 91, 1),
(393, 'PRT0392', 'Oil Filter', NULL, 'Other', 29, 'Shelf A12', 22111.00, NULL, 18, 'Ford Ranger', 6, 76, 1),
(394, 'PRT0393', 'Radiator', NULL, 'Other', 52, 'Shelf A14', 6574.00, NULL, 16, 'Nissan X-Trail', 1, 289, 1),
(395, 'PRT0394', 'Brake Disc', NULL, 'Other', 56, 'Shelf B3', 16495.00, NULL, 7, 'Honda Fit', 9, 353, 1),
(396, 'PRT0395', 'Water Pump', NULL, 'Other', 107, 'Shelf G15', 16573.00, NULL, 12, 'Honda Fit', 9, 80, 1),
(397, 'PRT0396', 'Alternator', NULL, 'Other', 7, 'Shelf A3', 1364.00, NULL, 20, 'Honda Fit', 14, 472, 1),
(398, 'PRT0397', 'Starter Motor', NULL, 'Other', 81, 'Shelf B11', 11707.00, NULL, 14, 'Mitsubishi L200', 10, 436, 1),
(399, 'PRT0398', 'Drive Belt', NULL, 'Other', 113, 'Shelf F11', 17624.00, NULL, 5, 'Mazda Demio', 9, 423, 1),
(400, 'PRT0399', 'Air Filter', NULL, 'Other', 192, 'Shelf D13', 14073.00, NULL, 8, 'Ford Ranger', 18, 261, 1),
(401, 'PRT0400', 'Air Filter', NULL, 'Other', 91, 'Shelf F10', 10401.00, NULL, 15, 'Nissan X-Trail', 2, 465, 1),
(402, 'PRT0401', 'Tail Lamp', NULL, 'Other', 90, 'Shelf D17', 22243.00, NULL, 20, 'Subaru Forester', 12, 345, 1),
(403, 'PRT0402', 'CV Joint', NULL, 'Other', 26, 'Shelf C2', 22863.00, NULL, 7, 'VW Golf', 4, 344, 1),
(404, 'PRT0403', 'Brake Pad', NULL, 'Other', 198, 'Shelf A7', 13244.00, NULL, 17, 'Subaru Forester', 8, 490, 1),
(405, 'PRT0404', 'Fuel Filter', NULL, 'Other', 13, 'Shelf A18', 18194.00, NULL, 19, 'Honda Fit', 20, 306, 1),
(406, 'PRT0405', 'Battery', NULL, 'Other', 103, 'Shelf F3', 4667.00, NULL, 12, 'Mazda Demio', 12, 151, 1),
(407, 'PRT0406', 'Shock Absorber', NULL, 'Other', 135, 'Shelf E20', 23170.00, NULL, 5, 'VW Golf', 10, 122, 1),
(408, 'PRT0407', 'Wheel Bearing', NULL, 'Other', 64, 'Shelf H18', 15234.00, NULL, 10, 'Honda Fit', 17, 77, 1),
(409, 'PRT0408', 'Brake Disc', NULL, 'Other', 121, 'Shelf C7', 15207.00, NULL, 8, 'Ford Ranger', 19, 42, 1),
(410, 'PRT0409', 'Air Filter', NULL, 'Other', 101, 'Shelf G14', 20427.00, NULL, 10, 'Ford Ranger', 2, 172, 1),
(411, 'PRT0410', 'Shock Absorber', NULL, 'Other', 96, 'Shelf G14', 21730.00, NULL, 13, 'Ford Ranger', 17, 184, 1),
(412, 'PRT0411', 'Alternator', NULL, 'Other', 186, 'Shelf D11', 3642.00, NULL, 19, 'Subaru Forester', 7, 177, 1),
(413, 'PRT0412', 'Side Mirror', NULL, 'Other', 61, 'Shelf B14', 2618.00, NULL, 15, 'Mitsubishi L200', 2, 496, 1),
(414, 'PRT0413', 'Spark Plug', NULL, 'Other', 147, 'Shelf C1', 2124.00, NULL, 8, 'Honda Fit', 8, 220, 1),
(415, 'PRT0414', 'Side Mirror', NULL, 'Other', 112, 'Shelf A12', 15613.00, NULL, 17, 'Toyota Corolla', 14, 0, 1),
(416, 'PRT0415', 'Clutch Kit', NULL, 'Other', 110, 'Shelf C9', 3861.00, NULL, 17, 'Honda Fit', 9, 78, 1),
(417, 'PRT0416', 'Battery', NULL, 'Other', 192, 'Shelf E8', 7869.00, NULL, 14, 'Isuzu D-Max', 17, 170, 1),
(418, 'PRT0417', 'Alternator', NULL, 'Other', 193, 'Shelf G15', 2706.00, NULL, 20, 'Nissan X-Trail', 15, 3, 1),
(419, 'PRT0418', 'Wheel Bearing', NULL, 'Other', 82, 'Shelf E14', 18691.00, NULL, 18, 'Mitsubishi L200', 3, 452, 1),
(420, 'PRT0419', 'Oil Filter', NULL, 'Other', 64, 'Shelf B11', 3574.00, NULL, 13, 'Isuzu D-Max', 17, 285, 1),
(421, 'PRT0420', 'Air Filter', NULL, 'Other', 46, 'Shelf E14', 22696.00, NULL, 5, 'Honda Fit', 15, 419, 1),
(422, 'PRT0421', 'Starter Motor', NULL, 'Other', 165, 'Shelf A11', 23568.00, NULL, 9, 'Honda Fit', 17, 44, 1),
(423, 'PRT0422', 'Oil Filter', NULL, 'Other', 48, 'Shelf G17', 18244.00, NULL, 19, 'Subaru Forester', 8, 471, 1),
(424, 'PRT0423', 'Starter Motor', NULL, 'Other', 82, 'Shelf G18', 9861.00, NULL, 6, 'Subaru Forester', 14, 102, 1),
(425, 'PRT0424', 'Drive Belt', NULL, 'Other', 171, 'Shelf E8', 15054.00, NULL, 19, 'Toyota Hilux', 3, 381, 1),
(426, 'PRT0425', 'Spark Plug', NULL, 'Other', 79, 'Shelf E18', 9548.00, NULL, 19, 'Ford Ranger', 17, 413, 1),
(427, 'PRT0426', 'Wheel Bearing', NULL, 'Other', 195, 'Shelf B13', 22032.00, NULL, 5, 'VW Golf', 6, 241, 1),
(428, 'PRT0427', 'Brake Pad', NULL, 'Other', 181, 'Shelf G17', 10450.00, NULL, 16, 'Isuzu D-Max', 1, 343, 1),
(429, 'PRT0428', 'Starter Motor', NULL, 'Other', 62, 'Shelf B19', 23740.00, NULL, 14, 'Toyota Corolla', 15, 339, 1),
(430, 'PRT0429', 'Water Pump', NULL, 'Other', 101, 'Shelf D13', 16547.00, NULL, 18, 'Subaru Forester', 9, 11, 1),
(431, 'PRT0430', 'Water Pump', NULL, 'Other', 143, 'Shelf G7', 2551.00, NULL, 20, 'Mazda Demio', 2, 229, 1),
(432, 'PRT0431', 'Fuel Filter', NULL, 'Other', 108, 'Shelf E15', 23192.00, NULL, 10, 'Toyota Hilux', 5, 57, 1),
(433, 'PRT0432', 'Oil Filter', NULL, 'Other', 68, 'Shelf F14', 21441.00, NULL, 9, 'Isuzu D-Max', 9, 102, 1),
(434, 'PRT0433', 'Air Filter', NULL, 'Other', 99, 'Shelf D9', 5175.00, NULL, 5, 'Mazda Demio', 3, 138, 1),
(435, 'PRT0434', 'Water Pump', NULL, 'Other', 9, 'Shelf G10', 7797.00, NULL, 14, 'Honda Fit', 9, 381, 1),
(436, 'PRT0435', 'Fuel Filter', NULL, 'Other', 116, 'Shelf D6', 14801.00, NULL, 13, 'VW Golf', 8, 242, 1),
(437, 'PRT0436', 'Air Filter', NULL, 'Other', 49, 'Shelf F20', 9781.00, NULL, 20, 'VW Golf', 11, 21, 1),
(438, 'PRT0437', 'Clutch Kit', NULL, 'Other', 37, 'Shelf B12', 13979.00, NULL, 17, 'Isuzu D-Max', 6, 138, 1),
(439, 'PRT0438', 'CV Joint', NULL, 'Other', 49, 'Shelf F14', 9234.00, NULL, 17, 'Honda Fit', 8, 147, 1),
(440, 'PRT0439', 'Starter Motor', NULL, 'Other', 36, 'Shelf H19', 9253.00, NULL, 17, 'Nissan X-Trail', 7, 417, 1),
(441, 'PRT0440', 'Starter Motor', NULL, 'Other', 35, 'Shelf G12', 21504.00, NULL, 19, 'Mitsubishi L200', 1, 104, 1),
(442, 'PRT0441', 'CV Joint', NULL, 'Other', 169, 'Shelf D16', 12751.00, NULL, 16, 'Toyota Hilux', 6, 414, 1),
(443, 'PRT0442', 'Shock Absorber', NULL, 'Other', 54, 'Shelf E17', 1377.00, NULL, 7, 'Subaru Forester', 12, 487, 1),
(444, 'PRT0443', 'Wheel Bearing', NULL, 'Other', 179, 'Shelf E6', 8775.00, NULL, 8, 'Honda Fit', 9, 217, 1),
(445, 'PRT0444', 'Side Mirror', NULL, 'Other', 167, 'Shelf H19', 6428.00, NULL, 9, 'VW Golf', 12, 78, 1),
(446, 'PRT0445', 'Headlamp', NULL, 'Other', 37, 'Shelf H16', 7775.00, NULL, 5, 'Mazda Demio', 1, 477, 1),
(447, 'PRT0446', 'Side Mirror', NULL, 'Other', 57, 'Shelf A7', 16227.00, NULL, 7, 'Subaru Forester', 12, 423, 1),
(448, 'PRT0447', 'Brake Pad', NULL, 'Other', 156, 'Shelf E8', 4382.00, NULL, 7, 'Isuzu D-Max', 8, 383, 1),
(449, 'PRT0448', 'Alternator', NULL, 'Other', 53, 'Shelf F14', 13940.00, NULL, 6, 'Toyota Corolla', 20, 352, 1),
(450, 'PRT0449', 'Alternator', NULL, 'Other', 190, 'Shelf f14', 12221.00, NULL, 15, 'Mitsubishi L200', 20, 392, 1),
(451, 'PRT0450', 'Drive Belt', NULL, 'Other', 37, 'Shelf A13', 22756.00, NULL, 11, 'Toyota Hilux', 8, 26, 1),
(452, 'PRT0451', 'Brake Pad', NULL, 'Other', 156, 'Shelf D12', 6987.00, NULL, 7, 'Honda Fit', 8, 145, 1),
(453, 'PRT0452', 'Drive Belt', NULL, 'Other', 101, 'Shelf H19', 4217.00, NULL, 11, 'Mazda Demio', 13, 201, 1),
(454, 'PRT0453', 'Water Pump', NULL, 'Other', 163, 'Shelf A11', 12908.00, NULL, 15, 'Toyota Corolla', 16, 481, 1),
(455, 'PRT0454', 'Brake Pad', NULL, 'Other', 121, 'Shelf H9', 2122.00, NULL, 13, 'Toyota Hilux', 8, 22, 1),
(456, 'PRT0455', 'Alternator', NULL, 'Other', 23, 'Shelf E11', 15317.00, NULL, 20, 'VW Golf', 20, 491, 1),
(457, 'PRT0456', 'Water Pump', NULL, 'Other', 64, 'Shelf C16', 23615.00, NULL, 9, 'Mitsubishi L200', 10, 169, 1),
(458, 'PRT0457', 'Alternator', NULL, 'Other', 152, 'Shelf H14', 1719.00, NULL, 6, 'Toyota Hilux', 19, 209, 1),
(459, 'PRT0458', 'Tail Lamp', NULL, 'Other', 170, 'Shelf G15', 13013.00, NULL, 18, 'Nissan X-Trail', 19, 336, 1);
INSERT INTO `inventory` (`id`, `sku`, `name`, `description`, `category`, `stock`, `location`, `price`, `cost_price`, `reorder_level`, `compatibility`, `supplier_id`, `sold_count`, `is_active`) VALUES
(460, 'PRT0459', 'Spark Plug', NULL, 'Other', 22, 'Shelf B11', 20279.00, NULL, 13, 'Honda Fit', 13, 319, 1),
(461, 'PRT0460', 'Tail Lamp', NULL, 'Other', 186, 'Shelf E4', 6148.00, NULL, 19, 'Nissan X-Trail', 7, 267, 1),
(462, 'PRT0461', 'Oil Filter', NULL, 'Other', 111, 'Shelf B10', 6897.00, NULL, 9, 'Subaru Forester', 9, 376, 1),
(463, 'PRT0462', 'Brake Pad', NULL, 'Other', 35, 'Shelf C3', 4924.00, NULL, 14, 'Mitsubishi L200', 6, 94, 1),
(464, 'PRT0463', 'Battery', NULL, 'Other', 197, 'Shelf B15', 23963.00, NULL, 14, 'Mitsubishi L200', 12, 305, 1),
(465, 'PRT0464', 'Wheel Bearing', NULL, 'Other', 74, 'Shelf C20', 7104.00, NULL, 17, 'Subaru Forester', 5, 145, 1),
(466, 'PRT0465', 'Clutch Kit', NULL, 'Other', 159, 'Shelf E13', 21971.00, NULL, 6, 'Mazda Demio', 20, 426, 1),
(467, 'PRT0466', 'Air Filter', NULL, 'Other', 111, 'Shelf E17', 1130.00, NULL, 17, 'Mazda Demio', 16, 313, 1),
(468, 'PRT0467', 'Wheel Bearing', NULL, 'Other', 70, 'Shelf D5', 12338.00, NULL, 15, 'Mazda Demio', 5, 50, 1),
(469, 'PRT0468', 'Side Mirror', NULL, 'Other', 14, 'Shelf E2', 8700.00, NULL, 16, 'VW Golf', 7, 402, 1),
(470, 'PRT0469', 'Drive Belt', NULL, 'Other', 62, 'Shelf E10', 24103.00, NULL, 13, 'Toyota Corolla', 11, 193, 1),
(471, 'PRT0470', 'Water Pump', NULL, 'Other', 152, 'Shelf F15', 5819.00, NULL, 7, 'VW Golf', 20, 353, 1),
(472, 'PRT0471', 'Air Filter', NULL, 'Other', 21, 'Shelf B7', 17713.00, NULL, 20, 'Subaru Forester', 15, 129, 1),
(473, 'PRT0472', 'Shock Absorber', NULL, 'Other', 26, 'Shelf A19', 12818.00, NULL, 14, 'Mazda Demio', 7, 21, 1),
(474, 'PRT0473', 'Oil Filter', NULL, 'Other', 144, 'Shelf C3', 7900.00, NULL, 13, 'Mitsubishi L200', 20, 482, 1),
(475, 'PRT0474', 'Air Filter', NULL, 'Other', 183, 'Shelf E7', 8478.00, NULL, 14, 'Subaru Forester', 4, 141, 1),
(476, 'PRT0475', 'Radiator', NULL, 'Other', 160, 'Shelf A12', 3234.00, NULL, 14, 'Isuzu D-Max', 19, 160, 1),
(477, 'PRT0476', 'Oil Filter', NULL, 'Other', 181, 'Shelf D16', 24114.00, NULL, 10, 'Toyota Corolla', 16, 464, 1),
(478, 'PRT0477', 'Radiator', NULL, 'Other', 122, 'Shelf E6', 16719.00, NULL, 13, 'Toyota Hilux', 7, 54, 1),
(479, 'PRT0478', 'Drive Belt', NULL, 'Other', 111, 'Shelf D11', 12283.00, NULL, 19, 'Toyota Hilux', 17, 67, 1),
(480, 'PRT0479', 'Brake Disc', NULL, 'Other', 143, 'Shelf F11', 7710.00, NULL, 14, 'Mitsubishi L200', 9, 47, 1),
(481, 'PRT0480', 'Wheel Bearing', NULL, 'Other', 90, 'Shelf E20', 14718.00, NULL, 19, 'Mazda Demio', 12, 30, 1),
(482, 'PRT0481', 'CV Joint', NULL, 'Other', 179, 'Shelf D4', 22066.00, NULL, 12, 'Isuzu D-Max', 14, 429, 1),
(483, 'PRT0482', 'Alternator', NULL, 'Other', 103, 'Shelf F15', 22475.00, NULL, 16, 'Isuzu D-Max', 2, 333, 1),
(484, 'PRT0483', 'Oil Filter', NULL, 'Other', 117, 'Shelf E19', 15420.00, NULL, 20, 'Isuzu D-Max', 9, 365, 1),
(485, 'PRT0484', 'Fuel Filter', NULL, 'Other', 130, 'Shelf B10', 3577.00, NULL, 14, 'Mitsubishi L200', 19, 163, 1),
(486, 'PRT0485', 'Wheel Bearing', NULL, 'Other', 160, 'Shelf G11', 19718.00, NULL, 6, 'Mitsubishi L200', 7, 224, 1),
(487, 'PRT0486', 'Tail Lamp', NULL, 'Other', 110, 'Shelf F13', 22194.00, NULL, 9, 'Mitsubishi L200', 4, 477, 1),
(488, 'PRT0487', 'CV Joint', NULL, 'Other', 173, 'Shelf C8', 8218.00, NULL, 17, 'Mazda Demio', 14, 308, 1),
(489, 'PRT0488', 'Air Filter', NULL, 'Other', 87, 'Shelf G1', 23226.00, NULL, 17, 'VW Golf', 5, 449, 1),
(490, 'PRT0489', 'Water Pump', NULL, 'Other', 83, 'Shelf H13', 22995.00, NULL, 18, 'Subaru Forester', 8, 129, 1),
(491, 'PRT0490', 'Shock Absorber', NULL, 'Other', 145, 'Shelf A2', 23092.00, NULL, 20, 'Ford Ranger', 17, 168, 1),
(492, 'PRT0491', 'Headlamp', NULL, 'Other', 50, 'Shelf C5', 18325.00, NULL, 11, 'Nissan X-Trail', 15, 260, 1),
(493, 'PRT0492', 'Tail Lamp', NULL, 'Other', 114, 'Shelf E1', 23049.00, NULL, 20, 'Mitsubishi L200', 5, 251, 1),
(494, 'PRT0493', 'Clutch Kit', NULL, 'Other', 54, 'Shelf G17', 6382.00, NULL, 17, 'Honda Fit', 20, 330, 1),
(495, 'PRT0494', 'Clutch Kit', NULL, 'Other', 165, 'Shelf C12', 23282.00, NULL, 18, 'Mitsubishi L200', 18, 352, 1),
(496, 'PRT0495', 'CV Joint', NULL, 'Other', 44, 'Shelf E2', 11930.00, NULL, 6, 'Subaru Forester', 10, 398, 1),
(497, 'PRT0496', 'Water Pump', NULL, 'Other', 92, 'Shelf B8', 8747.00, NULL, 5, 'Nissan X-Trail', 12, 59, 1),
(498, 'PRT0497', 'Fuel Filter', NULL, 'Other', 184, 'Shelf C9', 19653.00, NULL, 6, 'Isuzu D-Max', 4, 418, 1),
(499, 'PRT0498', 'Spark Plug', NULL, 'Other', 24, 'Shelf E19', 10358.00, NULL, 6, 'Toyota Hilux', 2, 89, 1),
(500, 'PRT0499', 'Water Pump', NULL, 'Other', 101, 'Shelf D5', 7074.00, NULL, 18, 'Isuzu D-Max', 15, 338, 1),
(501, 'PRT0500', 'Spark Plug', NULL, 'Other', 133, 'Shelf B1', 8097.00, NULL, 10, 'Subaru Forester', 11, 348, 1),
(502, 'PRT0501', 'Brake Disc', NULL, 'Other', 153, 'Shelf E3', 7360.00, NULL, 9, 'Toyota Hilux', 6, 42, 1),
(503, 'PRT0502', 'Headlamp', NULL, 'Other', 162, 'Shelf C3', 14768.00, NULL, 11, 'Toyota Corolla', 8, 437, 1),
(504, 'PRT0503', 'Oil Filter', NULL, 'Other', 130, 'Shelf B8', 20232.00, NULL, 17, 'Nissan X-Trail', 13, 313, 1),
(505, 'PRT0504', 'Fuel Filter', NULL, 'Other', 118, 'Shelf B6', 8296.00, NULL, 16, 'Ford Ranger', 10, 126, 1),
(506, 'PRT0505', 'Headlamp', NULL, 'Other', 158, 'Shelf G18', 5607.00, NULL, 19, 'Mitsubishi L200', 14, 177, 1),
(507, 'PRT0506', 'Starter Motor', NULL, 'Other', 125, 'Shelf C12', 2884.00, NULL, 5, 'VW Golf', 3, 268, 1),
(508, 'PRT0507', 'Drive Belt', NULL, 'Other', 37, 'Shelf D1', 8052.00, NULL, 5, 'Ford Ranger', 11, 316, 1),
(509, 'PRT0508', 'Drive Belt', NULL, 'Other', 63, 'Shelf E19', 12383.00, NULL, 13, 'Isuzu D-Max', 7, 359, 1),
(510, 'PRT0509', 'Clutch Kit', NULL, 'Other', 33, 'Shelf H1', 3341.00, NULL, 5, 'Toyota Hilux', 12, 493, 1),
(511, 'PRT0510', 'Oil Filter', NULL, 'Other', 28, 'Shelf C16', 24468.00, NULL, 14, 'Ford Ranger', 13, 298, 1),
(512, 'PRT0511', 'Wheel Bearing', NULL, 'Other', 82, 'Shelf G15', 24880.00, NULL, 19, 'Mitsubishi L200', 3, 425, 1),
(513, 'PRT0512', 'Starter Motor', NULL, 'Other', 60, 'Shelf D16', 11150.00, NULL, 10, 'Toyota Corolla', 6, 3, 1),
(514, 'PRT0513', 'Radiator', NULL, 'Other', 54, 'Shelf C9', 22952.00, NULL, 6, 'Isuzu D-Max', 12, 272, 1),
(515, 'PRT0514', 'Wheel Bearing', NULL, 'Other', 142, 'Shelf A18', 24705.00, NULL, 18, 'Toyota Hilux', 9, 21, 1),
(516, 'PRT0515', 'Tail Lamp', NULL, 'Other', 106, 'Shelf F6', 3963.00, NULL, 5, 'Subaru Forester', 9, 59, 1),
(517, 'PRT0516', 'Brake Pad', NULL, 'Other', 81, 'Shelf F12', 15747.00, NULL, 6, 'Subaru Forester', 17, 29, 1),
(518, 'PRT0517', 'Side Mirror', NULL, 'Other', 62, 'Shelf A15', 6588.00, NULL, 10, 'Mazda Demio', 7, 368, 1),
(519, 'PRT0518', 'Fuel Filter', NULL, 'Other', 8, 'Shelf F12', 15685.00, NULL, 13, 'Isuzu D-Max', 2, 250, 1),
(520, 'PRT0519', 'Battery', NULL, 'Other', 157, 'Shelf G19', 11286.00, NULL, 5, 'Subaru Forester', 18, 469, 1),
(521, 'PRT0520', 'Oil Filter', NULL, 'Other', 180, 'Shelf D14', 21824.00, NULL, 20, 'VW Golf', 8, 132, 1),
(522, 'PRT0521', 'Shock Absorber', NULL, 'Other', 198, 'Shelf H20', 6570.00, NULL, 13, 'Nissan X-Trail', 15, 498, 1),
(523, 'PRT0522', 'Air Filter', NULL, 'Other', 123, 'Shelf E16', 15184.00, NULL, 15, 'Toyota Corolla', 1, 124, 1),
(524, 'PRT0523', 'Headlamp', NULL, 'Other', 125, 'Shelf H7', 6669.00, NULL, 12, 'Toyota Corolla', 16, 286, 1),
(525, 'PRT0524', 'Timing Belt', NULL, 'Other', 96, 'Shelf E1', 21259.00, NULL, 11, 'Toyota Hilux', 6, 267, 1),
(526, 'PRT0525', 'Brake Pad', NULL, 'Other', 20, 'Shelf B14', 8841.00, NULL, 16, 'Isuzu D-Max', 17, 293, 1),
(527, 'PRT0526', 'Timing Belt', NULL, 'Other', 41, 'Shelf E12', 1996.00, NULL, 18, 'Mazda Demio', 1, 375, 1),
(528, 'PRT0527', 'Fuel Filter', NULL, 'Other', 166, 'Shelf G3', 5350.00, NULL, 6, 'Toyota Hilux', 9, 249, 1),
(529, 'PRT0528', 'Starter Motor', NULL, 'Other', 70, 'Shelf E17', 11640.00, NULL, 11, 'Mitsubishi L200', 9, 177, 1),
(530, 'PRT0529', 'Brake Pad', NULL, 'Other', 141, 'Shelf B19', 14336.00, NULL, 11, 'VW Golf', 17, 257, 1),
(531, 'PRT0530', 'Clutch Kit', NULL, 'Other', 31, 'Shelf C16', 6580.00, NULL, 13, 'Mazda Demio', 5, 332, 1),
(532, 'PRT0531', 'Battery', NULL, 'Other', 188, 'Shelf C20', 22446.00, NULL, 9, 'Toyota Hilux', 16, 80, 1),
(533, 'PRT0532', 'Wheel Bearing', NULL, 'Other', 87, 'Shelf G8', 7226.00, NULL, 6, 'Ford Ranger', 13, 292, 1),
(534, 'PRT0533', 'Brake Pad', NULL, 'Other', 28, 'Shelf E14', 24532.00, NULL, 8, 'Isuzu D-Max', 2, 458, 1),
(535, 'PRT0534', 'Fuel Filter', NULL, 'Other', 16, 'Shelf C12', 7872.00, NULL, 20, 'Subaru Forester', 8, 235, 1),
(536, 'PRT0535', 'Spark Plug', NULL, 'Other', 18, 'Shelf B18', 7905.00, NULL, 20, 'Honda Fit', 14, 295, 1),
(537, 'PRT0536', 'Brake Disc', NULL, 'Other', 173, 'Shelf F20', 21171.00, NULL, 18, 'Toyota Hilux', 19, 73, 1),
(538, 'PRT0537', 'Radiator', NULL, 'Other', 36, 'Shelf A4', 6722.00, NULL, 19, 'Nissan X-Trail', 16, 206, 1),
(539, 'PRT0538', 'Clutch Kit', NULL, 'Other', 158, 'Shelf G3', 21568.00, NULL, 6, 'Subaru Forester', 16, 10, 1),
(540, 'PRT0539', 'Fuel Filter', NULL, 'Other', 196, 'Shelf F6', 1446.00, NULL, 11, 'Toyota Corolla', 19, 213, 1),
(541, 'PRT0540', 'Air Filter', NULL, 'Other', 50, 'Shelf F14', 13104.00, NULL, 7, 'Nissan X-Trail', 14, 484, 1),
(542, 'PRT0541', 'Shock Absorber', NULL, 'Other', 55, 'Shelf F20', 2131.00, NULL, 15, 'VW Golf', 6, 323, 1),
(543, 'PRT0542', 'Water Pump', NULL, 'Other', 39, 'Shelf F18', 7200.00, NULL, 7, 'Toyota Corolla', 5, 373, 1),
(544, 'PRT0543', 'CV Joint', NULL, 'Other', 48, 'Shelf G7', 15898.00, NULL, 7, 'VW Golf', 19, 182, 1),
(545, 'PRT0544', 'Brake Pad', NULL, 'Other', 152, 'Shelf G18', 19593.00, NULL, 18, 'Mitsubishi L200', 14, 15, 1),
(546, 'PRT0545', 'Tail Lamp', NULL, 'Other', 51, 'Shelf C4', 17791.00, NULL, 8, 'Nissan X-Trail', 14, 24, 1),
(547, 'PRT0546', 'CV Joint', NULL, 'Other', 101, 'Shelf D6', 15809.00, NULL, 14, 'Mitsubishi L200', 10, 476, 1),
(548, 'PRT0547', 'Timing Belt', NULL, 'Other', 178, 'Shelf A3', 23021.00, NULL, 17, 'Honda Fit', 6, 361, 1),
(549, 'PRT0548', 'Brake Disc', NULL, 'Other', 176, 'Shelf C9', 8147.00, NULL, 9, 'Toyota Corolla', 6, 47, 1),
(550, 'PRT0549', 'Clutch Kit', NULL, 'Other', 198, 'Shelf C11', 4191.00, NULL, 10, 'Ford Ranger', 2, 391, 1),
(551, 'PRT0550', 'Alternator', NULL, 'Other', 147, 'Shelf A8', 14151.00, NULL, 11, 'Subaru Forester', 9, 10, 1),
(552, 'PRT0551', 'Battery', NULL, 'Other', 63, 'Shelf A12', 12863.00, NULL, 17, 'Subaru Forester', 4, 326, 1),
(553, 'PRT0552', 'Fuel Filter', NULL, 'Other', 46, 'Shelf B13', 10336.00, NULL, 13, 'Subaru Forester', 10, 492, 1),
(554, 'PRT0553', 'Oil Filter', NULL, 'Other', 36, 'Shelf E20', 14924.00, NULL, 6, 'Ford Ranger', 7, 13, 1),
(555, 'PRT0554', 'Tail Lamp', NULL, 'Other', 126, 'Shelf H7', 7277.00, NULL, 16, 'Subaru Forester', 5, 448, 1),
(556, 'PRT0555', 'Fuel Filter', NULL, 'Other', 200, 'Shelf E4', 15137.00, NULL, 6, 'Toyota Hilux', 17, 289, 1),
(557, 'PRT0556', 'Air Filter', NULL, 'Other', 164, 'Shelf C1', 8681.00, NULL, 13, 'Toyota Corolla', 20, 465, 1),
(558, 'PRT0557', 'CV Joint', NULL, 'Other', 87, 'Shelf B1', 12355.00, NULL, 6, 'Toyota Hilux', 13, 326, 1),
(559, 'PRT0558', 'Spark Plug', NULL, 'Other', 95, 'Shelf F7', 716.00, NULL, 15, 'Toyota Corolla', 19, 468, 1),
(560, 'PRT0559', 'Side Mirror', NULL, 'Other', 193, 'Shelf F14', 16986.00, NULL, 6, 'Isuzu D-Max', 2, 461, 1),
(561, 'PRT0560', 'Battery', NULL, 'Other', 159, 'Shelf G1', 2717.00, NULL, 10, 'Isuzu D-Max', 16, 339, 1),
(562, 'PRT0561', 'Side Mirror', NULL, 'Other', 168, 'Shelf E13', 9216.00, NULL, 15, 'Subaru Forester', 17, 139, 1),
(563, 'PRT0562', 'Oil Filter', NULL, 'Other', 145, 'Shelf A16', 15315.00, NULL, 14, 'Mitsubishi L200', 17, 34, 1),
(564, 'PRT0563', 'Timing Belt', NULL, 'Other', 141, 'Shelf C12', 19154.00, NULL, 7, 'Mitsubishi L200', 10, 173, 1),
(565, 'PRT0564', 'Starter Motor', NULL, 'Other', 118, 'Shelf A16', 12345.00, NULL, 8, 'Mazda Demio', 15, 213, 1),
(566, 'PRT0565', 'Drive Belt', NULL, 'Other', 150, 'Shelf A2', 870.00, NULL, 13, 'Toyota Corolla', 9, 164, 1),
(567, 'PRT0566', 'Radiator', NULL, 'Other', 42, 'Shelf B13', 9896.00, NULL, 14, 'Toyota Hilux', 17, 102, 1),
(568, 'PRT0567', 'Tail Lamp', NULL, 'Other', 43, 'Shelf A1', 18791.00, NULL, 11, 'Mazda Demio', 2, 115, 1),
(569, 'PRT0568', 'Wheel Bearing', NULL, 'Other', 158, 'Shelf C14', 11249.00, NULL, 11, 'Subaru Forester', 1, 326, 1),
(570, 'PRT0569', 'Brake Pad', NULL, 'Other', 131, 'Shelf D3', 4200.00, NULL, 12, 'VW Golf', 4, 427, 1),
(571, 'PRT0570', 'Timing Belt', NULL, 'Other', 64, 'Shelf B20', 1524.00, NULL, 13, 'Mitsubishi L200', 6, 50, 1),
(572, 'PRT0571', 'Brake Pad', NULL, 'Other', 31, 'Shelf C4', 13151.00, NULL, 7, 'Toyota Hilux', 14, 488, 1),
(573, 'PRT0572', 'Headlamp', NULL, 'Other', 99, 'Shelf G17', 1619.00, NULL, 12, 'Mitsubishi L200', 7, 220, 1),
(574, 'PRT0573', 'Wheel Bearing', NULL, 'Other', 97, 'Shelf H13', 23360.00, NULL, 6, 'VW Golf', 15, 214, 1),
(575, 'PRT0574', 'Radiator', NULL, 'Other', 58, 'Shelf F15', 13439.00, NULL, 14, 'Subaru Forester', 13, 372, 1),
(576, 'PRT0575', 'Tail Lamp', NULL, 'Other', 19, 'Shelf E14', 938.00, NULL, 12, 'Mitsubishi L200', 13, 105, 1),
(577, 'PRT0576', 'Spark Plug', NULL, 'Other', 134, 'Shelf C9', 15613.00, NULL, 20, 'Nissan X-Trail', 6, 464, 1),
(578, 'PRT0577', 'Radiator', NULL, 'Other', 82, 'Shelf A1', 23065.00, NULL, 13, 'Ford Ranger', 5, 286, 1),
(579, 'PRT0578', 'Battery', NULL, 'Other', 103, 'Shelf C20', 18206.00, NULL, 12, 'Ford Ranger', 5, 470, 1),
(580, 'PRT0579', 'Starter Motor', NULL, 'Other', 110, 'Shelf E6', 12296.00, NULL, 16, 'Toyota Hilux', 5, 368, 1),
(581, 'PRT0580', 'Tail Lamp', NULL, 'Other', 19, 'Shelf A8', 23811.00, NULL, 7, 'Toyota Corolla', 18, 380, 1),
(582, 'PRT0581', 'Headlamp', NULL, 'Other', 38, 'Shelf H1', 13033.00, NULL, 6, 'Subaru Forester', 6, 12, 1),
(583, 'PRT0582', 'Fuel Filter', NULL, 'Other', 158, 'Shelf F13', 14947.00, NULL, 13, 'Mitsubishi L200', 7, 0, 1),
(584, 'PRT0583', 'Starter Motor', NULL, 'Other', 82, 'Shelf F18', 15014.00, NULL, 6, 'Nissan X-Trail', 3, 130, 1),
(585, 'PRT0584', 'Brake Disc', NULL, 'Other', 190, 'Shelf B5', 18383.00, NULL, 14, 'Isuzu D-Max', 15, 349, 1),
(586, 'PRT0585', 'Shock Absorber', NULL, 'Other', 157, 'Shelf A2', 3192.00, NULL, 9, 'Nissan X-Trail', 8, 269, 1),
(587, 'PRT0586', 'Wheel Bearing', NULL, 'Other', 142, 'Shelf D14', 10825.00, NULL, 7, 'Mazda Demio', 12, 228, 1),
(588, 'PRT0587', 'Shock Absorber', NULL, 'Other', 193, 'Shelf G12', 21729.00, NULL, 7, 'Isuzu D-Max', 5, 455, 1),
(589, 'PRT0588', 'Timing Belt', NULL, 'Other', 47, 'Shelf E3', 20878.00, NULL, 11, 'Mitsubishi L200', 5, 10, 1),
(590, 'PRT0589', 'Headlamp', NULL, 'Other', 136, 'Shelf B7', 9445.00, NULL, 14, 'VW Golf', 15, 106, 1),
(591, 'PRT0590', 'Battery', NULL, 'Other', 77, 'Shelf C8', 19820.00, NULL, 15, 'Toyota Hilux', 12, 417, 1),
(592, 'PRT0591', 'Side Mirror', NULL, 'Other', 72, 'Shelf G11', 22012.00, NULL, 20, 'Isuzu D-Max', 9, 298, 1),
(593, 'PRT0592', 'Side Mirror', NULL, 'Other', 82, 'Shelf B4', 18912.00, NULL, 9, 'Toyota Corolla', 15, 73, 1),
(594, 'PRT0593', 'Headlamp', NULL, 'Other', 153, 'Shelf G11', 3365.00, NULL, 12, 'Mazda Demio', 4, 42, 1),
(595, 'PRT0594', 'Fuel Filter', NULL, 'Other', 129, 'Shelf F19', 11532.00, NULL, 13, 'Toyota Hilux', 15, 33, 1),
(596, 'PRT0595', 'Brake Disc', NULL, 'Other', 106, 'Shelf D10', 22198.00, NULL, 11, 'Ford Ranger', 15, 161, 1),
(597, 'PRT0596', 'CV Joint', NULL, 'Other', 32, 'Shelf G17', 21169.00, NULL, 7, 'Honda Fit', 20, 243, 1),
(598, 'PRT0597', 'Wheel Bearing', NULL, 'Other', 40, 'Shelf D10', 3011.00, NULL, 18, 'Toyota Hilux', 12, 162, 1),
(599, 'PRT0598', 'CV Joint', NULL, 'Other', 140, 'Shelf C18', 10532.00, NULL, 10, 'Ford Ranger', 2, 145, 1),
(600, 'PRT0599', 'Clutch Kit', NULL, 'Other', 71, 'Shelf E14', 2885.00, NULL, 7, 'Isuzu D-Max', 6, 452, 1),
(601, 'PRT0600', 'Water Pump', NULL, 'Other', 81, 'Shelf E1', 11883.00, NULL, 5, 'Ford Ranger', 14, 218, 1),
(602, 'PRT0601', 'Clutch Kit', NULL, 'Other', 40, 'Shelf C7', 11514.00, NULL, 7, 'Mazda Demio', 2, 450, 1),
(603, 'PRT0602', 'Wheel Bearing', NULL, 'Other', 191, 'Shelf F17', 18960.00, NULL, 8, 'Mazda Demio', 1, 6, 1),
(604, 'PRT0603', 'Alternator', NULL, 'Other', 57, 'Shelf D19', 15987.00, NULL, 10, 'Toyota Corolla', 7, 494, 1),
(605, 'PRT0604', 'Brake Pad', NULL, 'Other', 102, 'Shelf E16', 22317.00, NULL, 9, 'Subaru Forester', 2, 284, 1),
(606, 'PRT0605', 'Tail Lamp', NULL, 'Other', 69, 'Shelf H4', 6135.00, NULL, 16, 'Mitsubishi L200', 15, 6, 1),
(607, 'PRT0606', 'Wheel Bearing', NULL, 'Other', 195, 'Shelf A5', 21323.00, NULL, 13, 'Mazda Demio', 12, 392, 1),
(608, 'PRT0607', 'Timing Belt', NULL, 'Other', 39, 'Shelf C3', 20115.00, NULL, 17, 'Subaru Forester', 3, 332, 1),
(609, 'PRT0608', 'Brake Disc', NULL, 'Other', 50, 'Shelf F5', 24348.00, NULL, 6, 'VW Golf', 11, 10, 1),
(610, 'PRT0609', 'Clutch Kit', NULL, 'Other', 116, 'Shelf H20', 14258.00, NULL, 14, 'Toyota Hilux', 3, 333, 1),
(611, 'PRT0610', 'Timing Belt', NULL, 'Other', 105, 'Shelf C13', 22858.00, NULL, 12, 'Mazda Demio', 9, 296, 1),
(612, 'PRT0611', 'Shock Absorber', NULL, 'Other', 60, 'Shelf A8', 11659.00, NULL, 20, 'Toyota Corolla', 4, 301, 1),
(613, 'PRT0612', 'Shock Absorber', NULL, 'Other', 50, 'Shelf A5', 11521.00, NULL, 19, 'Mitsubishi L200', 3, 116, 1),
(614, 'PRT0613', 'Shock Absorber', NULL, 'Other', 146, 'Shelf D17', 4431.00, NULL, 14, 'Honda Fit', 13, 416, 1),
(615, 'PRT0614', 'Wheel Bearing', NULL, 'Other', 182, 'Shelf A13', 1774.00, NULL, 13, 'Mitsubishi L200', 16, 136, 1),
(616, 'PRT0615', 'Alternator', NULL, 'Other', 86, 'Shelf C4', 10386.00, NULL, 16, 'VW Golf', 1, 21, 1),
(617, 'PRT0616', 'Side Mirror', NULL, 'Other', 102, 'Shelf H14', 11013.00, NULL, 5, 'Isuzu D-Max', 2, 360, 1),
(618, 'PRT0617', 'Oil Filter', NULL, 'Other', 145, 'Shelf A5', 17896.00, NULL, 15, 'Toyota Hilux', 18, 86, 1),
(619, 'PRT0618', 'Clutch Kit', NULL, 'Other', 19, 'Shelf B1', 17349.00, NULL, 20, 'Subaru Forester', 17, 455, 1),
(620, 'PRT0619', 'Shock Absorber', NULL, 'Other', 37, 'Shelf E8', 14552.00, NULL, 13, 'Nissan X-Trail', 6, 284, 1),
(621, 'PRT0620', 'Brake Pad', NULL, 'Other', 186, 'Shelf H11', 12394.00, NULL, 17, 'Toyota Hilux', 12, 192, 1),
(622, 'PRT0621', 'Brake Pad', NULL, 'Other', 144, 'Shelf B16', 12334.00, NULL, 16, 'Toyota Hilux', 4, 441, 1),
(623, 'PRT0622', 'CV Joint', NULL, 'Other', 171, 'Shelf H14', 20605.00, NULL, 9, 'Subaru Forester', 1, 158, 1),
(624, 'PRT0623', 'Side Mirror', NULL, 'Other', 89, 'Shelf D16', 24544.00, NULL, 13, 'Toyota Corolla', 5, 250, 1),
(625, 'PRT0624', 'CV Joint', NULL, 'Other', 103, 'Shelf H7', 21051.00, NULL, 11, 'Toyota Corolla', 15, 223, 1),
(626, 'PRT0625', 'Clutch Kit', NULL, 'Other', 158, 'Shelf H11', 20409.00, NULL, 13, 'Mitsubishi L200', 11, 63, 1),
(627, 'PRT0626', 'Water Pump', NULL, 'Other', 85, 'Shelf C15', 17016.00, NULL, 6, 'Ford Ranger', 15, 0, 1),
(628, 'PRT0627', 'Tail Lamp', NULL, 'Other', 66, 'Shelf B10', 23504.00, NULL, 8, 'Mazda Demio', 9, 452, 1),
(629, 'PRT0628', 'Battery', NULL, 'Other', 46, 'Shelf G9', 17883.00, NULL, 10, 'Nissan X-Trail', 7, 315, 1),
(630, 'PRT0629', 'Air Filter', NULL, 'Other', 174, 'Shelf G19', 18018.00, NULL, 16, 'Isuzu D-Max', 19, 243, 1),
(631, 'PRT0630', 'Starter Motor', NULL, 'Other', 121, 'Shelf G20', 15845.00, NULL, 12, 'Mitsubishi L200', 18, 349, 1),
(632, 'PRT0631', 'Wheel Bearing', NULL, 'Other', 175, 'Shelf D8', 9392.00, NULL, 20, 'Mitsubishi L200', 17, 197, 1),
(633, 'PRT0632', 'Drive Belt', NULL, 'Other', 105, 'Shelf C13', 13352.00, NULL, 8, 'Honda Fit', 17, 160, 1),
(634, 'PRT0633', 'CV Joint', NULL, 'Other', 180, 'Shelf G10', 5997.00, NULL, 18, 'Isuzu D-Max', 13, 24, 1),
(635, 'PRT0634', 'Radiator', NULL, 'Other', 165, 'Shelf D14', 18665.00, NULL, 15, 'Nissan X-Trail', 16, 147, 1),
(636, 'PRT0635', 'Battery', NULL, 'Other', 115, 'Shelf E13', 9070.00, NULL, 16, 'Nissan X-Trail', 14, 182, 1),
(637, 'PRT0636', 'CV Joint', NULL, 'Other', 162, 'Shelf D6', 17010.00, NULL, 6, 'Isuzu D-Max', 3, 11, 1),
(638, 'PRT0637', 'Battery', NULL, 'Other', 121, 'Shelf A15', 8073.00, NULL, 17, 'VW Golf', 4, 137, 1),
(639, 'PRT0638', 'Fuel Filter', NULL, 'Other', 49, 'Shelf C18', 3277.00, NULL, 18, 'Isuzu D-Max', 6, 466, 1),
(640, 'PRT0639', 'Oil Filter', NULL, 'Other', 171, 'Shelf H20', 17106.00, NULL, 18, 'Subaru Forester', 14, 468, 1),
(641, 'PRT0640', 'Battery', NULL, 'Other', 145, 'Shelf G1', 23301.00, NULL, 7, 'Isuzu D-Max', 18, 155, 1),
(642, 'PRT0641', 'Battery', NULL, 'Other', 153, 'Shelf F5', 11381.00, NULL, 13, 'VW Golf', 12, 31, 1),
(643, 'PRT0642', 'Battery', NULL, 'Other', 73, 'Shelf H13', 4869.00, NULL, 17, 'Nissan X-Trail', 12, 240, 1),
(644, 'PRT0643', 'Alternator', NULL, 'Other', 165, 'Shelf H1', 12084.00, NULL, 14, 'Honda Fit', 1, 112, 1),
(645, 'PRT0644', 'Spark Plug', NULL, 'Other', 94, 'Shelf G2', 8997.00, NULL, 14, 'Nissan X-Trail', 1, 343, 1),
(646, 'PRT0645', 'Water Pump', NULL, 'Other', 155, 'Shelf H15', 727.00, NULL, 14, 'Honda Fit', 18, 264, 1),
(647, 'PRT0646', 'Radiator', NULL, 'Other', 166, 'Shelf C7', 18066.00, NULL, 13, 'Toyota Hilux', 5, 354, 1),
(648, 'PRT0647', 'CV Joint', NULL, 'Other', 147, 'Shelf H9', 3319.00, NULL, 12, 'Mitsubishi L200', 16, 489, 1),
(649, 'PRT0648', 'CV Joint', NULL, 'Other', 41, 'Shelf D19', 1099.00, NULL, 10, 'Honda Fit', 14, 305, 1),
(650, 'PRT0649', 'Headlamp', NULL, 'Other', 76, 'Shelf H3', 10963.00, NULL, 10, 'Ford Ranger', 20, 255, 1),
(651, 'PRT0650', 'Wheel Bearing', NULL, 'Other', 187, 'Shelf A17', 24172.00, NULL, 15, 'Mitsubishi L200', 18, 298, 1),
(652, 'PRT0651', 'Headlamp', NULL, 'Other', 63, 'Shelf E13', 9604.00, NULL, 10, 'Ford Ranger', 2, 159, 1),
(653, 'PRT0652', 'Air Filter', NULL, 'Other', 48, 'Shelf E8', 21953.00, NULL, 14, 'Ford Ranger', 17, 74, 1),
(654, 'PRT0653', 'Clutch Kit', NULL, 'Other', 198, 'Shelf F5', 8904.00, NULL, 16, 'Subaru Forester', 6, 418, 1),
(655, 'PRT0654', 'Starter Motor', NULL, 'Other', 18, 'Shelf B12', 18096.00, NULL, 14, 'Ford Ranger', 16, 195, 1),
(656, 'PRT0655', 'Radiator', NULL, 'Other', 13, 'Shelf A8', 19725.00, NULL, 20, 'Ford Ranger', 3, 388, 1),
(657, 'PRT0656', 'Clutch Kit', NULL, 'Other', 25, 'Shelf H12', 11163.00, NULL, 18, 'VW Golf', 1, 222, 1),
(658, 'PRT0657', 'Spark Plug', NULL, 'Other', 179, 'Shelf C1', 11355.00, NULL, 20, 'Honda Fit', 4, 175, 1),
(659, 'PRT0658', 'Water Pump', NULL, 'Other', 12, 'Shelf B7', 24153.00, NULL, 18, 'Isuzu D-Max', 14, 106, 1),
(660, 'PRT0659', 'Side Mirror', NULL, 'Other', 196, 'Shelf E8', 14022.00, NULL, 15, 'Mazda Demio', 2, 90, 1),
(661, 'PRT0660', 'Water Pump', NULL, 'Other', 165, 'Shelf E8', 22756.00, NULL, 5, 'Isuzu D-Max', 12, 420, 1),
(662, 'PRT0661', 'Starter Motor', NULL, 'Other', 107, 'Shelf H19', 19315.00, NULL, 13, 'Honda Fit', 19, 466, 1),
(663, 'PRT0662', 'Side Mirror', NULL, 'Other', 119, 'Shelf A5', 13014.00, NULL, 9, 'Toyota Hilux', 15, 281, 1),
(664, 'PRT0663', 'Spark Plug', NULL, 'Other', 142, 'Shelf D12', 19699.00, NULL, 14, 'Mitsubishi L200', 7, 35, 1),
(665, 'PRT0664', 'Alternator', NULL, 'Other', 51, 'Shelf B14', 3005.00, NULL, 16, 'Subaru Forester', 6, 98, 1),
(666, 'PRT0665', 'Alternator', NULL, 'Other', 180, 'Shelf G13', 8093.00, NULL, 19, 'Toyota Corolla', 19, 176, 1),
(667, 'PRT0666', 'CV Joint', NULL, 'Other', 134, 'Shelf G17', 4355.00, NULL, 8, 'Mazda Demio', 6, 293, 1),
(668, 'PRT0667', 'Oil Filter', NULL, 'Other', 171, 'Shelf H3', 10985.00, NULL, 12, 'Honda Fit', 4, 248, 1),
(669, 'PRT0668', 'Spark Plug', NULL, 'Other', 161, 'Shelf A8', 14322.00, NULL, 14, 'Ford Ranger', 10, 381, 1),
(670, 'PRT0669', 'Headlamp', NULL, 'Other', 43, 'Shelf A6', 9567.00, NULL, 11, 'Subaru Forester', 3, 351, 1),
(671, 'PRT0670', 'Brake Disc', NULL, 'Other', 147, 'Shelf B11', 2233.00, NULL, 6, 'Nissan X-Trail', 12, 45, 1),
(672, 'PRT0671', 'Water Pump', NULL, 'Other', 157, 'Shelf G12', 20494.00, NULL, 10, 'Toyota Corolla', 12, 416, 1),
(673, 'PRT0672', 'Alternator', NULL, 'Other', 109, 'Shelf B3', 19808.00, NULL, 17, 'Nissan X-Trail', 4, 129, 1),
(674, 'PRT0673', 'Spark Plug', NULL, 'Other', 84, 'Shelf G13', 4388.00, NULL, 19, 'Ford Ranger', 19, 69, 1),
(675, 'PRT0674', 'Tail Lamp', NULL, 'Other', 195, 'Shelf A11', 18436.00, NULL, 9, 'Isuzu D-Max', 18, 217, 1),
(676, 'PRT0675', 'Timing Belt', NULL, 'Other', 99, 'Shelf C4', 14689.00, NULL, 17, 'Mitsubishi L200', 4, 164, 1),
(677, 'PRT0676', 'Tail Lamp', NULL, 'Other', 171, 'Shelf H11', 12604.00, NULL, 20, 'Toyota Hilux', 8, 353, 1),
(678, 'PRT0677', 'Water Pump', NULL, 'Other', 15, 'Shelf C9', 19342.00, NULL, 19, 'Toyota Corolla', 1, 475, 1),
(679, 'PRT0678', 'Water Pump', NULL, 'Other', 182, 'Shelf C15', 20087.00, NULL, 14, 'Ford Ranger', 8, 442, 1),
(680, 'PRT0679', 'Air Filter', NULL, 'Other', 135, 'Shelf A14', 19466.00, NULL, 7, 'Honda Fit', 6, 470, 1),
(681, 'PRT0680', 'Air Filter', NULL, 'Other', 14, 'Shelf H15', 9224.00, NULL, 19, 'Isuzu D-Max', 16, 259, 1),
(682, 'PRT0681', 'Starter Motor', NULL, 'Other', 38, 'Shelf H6', 20920.00, NULL, 8, 'Mazda Demio', 1, 483, 1),
(683, 'PRT0682', 'Fuel Filter', NULL, 'Other', 80, 'Shelf A18', 1079.00, NULL, 5, 'Toyota Corolla', 9, 87, 1),
(684, 'PRT0683', 'Clutch Kit', NULL, 'Other', 121, 'Shelf H3', 2992.00, NULL, 10, 'Ford Ranger', 11, 229, 1),
(685, 'PRT0684', 'Radiator', NULL, 'Other', 96, 'Shelf E4', 6421.00, NULL, 14, 'Honda Fit', 13, 454, 1),
(686, 'PRT0685', 'Water Pump', NULL, 'Other', 75, 'Shelf D11', 716.00, NULL, 8, 'Mitsubishi L200', 12, 311, 1),
(687, 'PRT0686', 'Timing Belt', NULL, 'Other', 106, 'Shelf H4', 1527.00, NULL, 11, 'Isuzu D-Max', 16, 317, 1),
(688, 'PRT0687', 'Fuel Filter', NULL, 'Other', 67, 'Shelf A3', 7352.00, NULL, 10, 'VW Golf', 8, 279, 1),
(689, 'PRT0688', 'Timing Belt', NULL, 'Other', 115, 'Shelf D11', 2186.00, NULL, 11, 'Toyota Hilux', 10, 362, 1),
(690, 'PRT0689', 'Oil Filter', NULL, 'Other', 167, 'Shelf D17', 20867.00, NULL, 13, 'Toyota Hilux', 7, 70, 1),
(691, 'PRT0690', 'Brake Disc', NULL, 'Other', 94, 'Shelf C7', 13868.00, NULL, 18, 'Toyota Corolla', 7, 100, 1),
(692, 'PRT0691', 'Radiator', NULL, 'Other', 6, 'Shelf D6', 19726.00, NULL, 13, 'Mitsubishi L200', 5, 425, 1),
(693, 'PRT0692', 'Headlamp', NULL, 'Other', 50, 'Shelf A13', 11709.00, NULL, 19, 'Nissan X-Trail', 14, 8, 1),
(694, 'PRT0693', 'Drive Belt', NULL, 'Other', 67, 'Shelf E18', 8492.00, NULL, 19, 'Ford Ranger', 3, 500, 1),
(695, 'PRT0694', 'Oil Filter', NULL, 'Other', 189, 'Shelf A2', 11594.00, NULL, 9, 'Toyota Corolla', 17, 288, 1),
(696, 'PRT0695', 'Water Pump', NULL, 'Other', 15, 'Shelf G17', 4148.00, NULL, 17, 'Nissan X-Trail', 17, 341, 1),
(697, 'PRT0696', 'Oil Filter', NULL, 'Other', 154, 'Shelf A4', 9791.00, NULL, 13, 'Toyota Corolla', 6, 252, 1),
(698, 'PRT0697', 'Shock Absorber', NULL, 'Other', 178, 'Shelf G5', 9835.00, NULL, 20, 'Honda Fit', 19, 447, 1),
(699, 'PRT0698', 'Shock Absorber', NULL, 'Other', 97, 'Shelf C7', 1025.00, NULL, 16, 'VW Golf', 5, 47, 1),
(700, 'PRT0699', 'Side Mirror', NULL, 'Other', 117, 'Shelf C13', 7454.00, NULL, 12, 'VW Golf', 16, 497, 1),
(701, 'PRT0700', 'Starter Motor', NULL, 'Other', 124, 'Shelf G13', 6257.00, NULL, 11, 'Honda Fit', 7, 97, 1),
(702, 'PRT0701', 'Alternator', NULL, 'Other', 52, 'Shelf B11', 12427.00, NULL, 19, 'VW Golf', 5, 381, 1),
(703, 'PRT0702', 'Brake Pad', NULL, 'Other', 9, 'Shelf A15', 6992.00, NULL, 17, 'Mitsubishi L200', 5, 211, 1),
(704, 'PRT0703', 'Spark Plug', NULL, 'Other', 27, 'Shelf F13', 4634.00, NULL, 13, 'Honda Fit', 17, 37, 1),
(705, 'PRT0704', 'CV Joint', NULL, 'Other', 14, 'Shelf D20', 17817.00, NULL, 15, 'Honda Fit', 2, 363, 1),
(706, 'PRT0705', 'Side Mirror', NULL, 'Other', 101, 'Shelf F20', 19017.00, NULL, 7, 'Toyota Hilux', 14, 307, 1),
(707, 'PRT0706', 'Fuel Filter', NULL, 'Other', 87, 'Shelf H16', 15719.00, NULL, 14, 'Mazda Demio', 6, 273, 1),
(708, 'PRT0707', 'Radiator', NULL, 'Other', 64, 'Shelf B18', 834.00, NULL, 10, 'VW Golf', 10, 328, 1),
(709, 'PRT0708', 'Tail Lamp', NULL, 'Other', 147, 'Shelf E2', 24429.00, NULL, 7, 'VW Golf', 7, 94, 1),
(710, 'PRT0709', 'Spark Plug', NULL, 'Other', 163, 'Shelf D7', 10263.00, NULL, 6, 'Mazda Demio', 9, 266, 1),
(711, 'PRT0710', 'Clutch Kit', NULL, 'Other', 148, 'Shelf A6', 8040.00, NULL, 10, 'Isuzu D-Max', 1, 41, 1),
(712, 'PRT0711', 'Brake Disc', NULL, 'Other', 153, 'Shelf D13', 17091.00, NULL, 10, 'Mitsubishi L200', 11, 38, 1),
(713, 'PRT0712', 'Spark Plug', NULL, 'Other', 26, 'Shelf E12', 21203.00, NULL, 15, 'Ford Ranger', 11, 260, 1),
(714, 'PRT0713', 'Radiator', NULL, 'Other', 83, 'Shelf F7', 12013.00, NULL, 10, 'VW Golf', 5, 445, 1),
(715, 'PRT0714', 'Radiator', NULL, 'Other', 57, 'Shelf F16', 3005.00, NULL, 9, 'Honda Fit', 11, 104, 1),
(716, 'PRT0715', 'Brake Disc', NULL, 'Other', 94, 'Shelf A3', 16262.00, NULL, 8, 'Toyota Corolla', 6, 401, 1),
(717, 'PRT0716', 'Spark Plug', NULL, 'Other', 178, 'Shelf E4', 10209.00, NULL, 19, 'Nissan X-Trail', 9, 490, 1),
(718, 'PRT0717', 'Wheel Bearing', NULL, 'Other', 195, 'Shelf A19', 815.00, NULL, 16, 'Toyota Hilux', 14, 287, 1),
(719, 'PRT0718', 'Brake Disc', NULL, 'Other', 136, 'Shelf A15', 17435.00, NULL, 12, 'Ford Ranger', 18, 392, 1),
(720, 'PRT0719', 'Clutch Kit', NULL, 'Other', 186, 'Shelf B19', 20767.00, NULL, 8, 'Mitsubishi L200', 16, 458, 1),
(721, 'PRT0720', 'Brake Pad', NULL, 'Other', 120, 'Shelf E7', 1458.00, NULL, 19, 'Toyota Hilux', 12, 222, 1),
(722, 'PRT0721', 'Tail Lamp', NULL, 'Other', 124, 'Shelf G15', 23142.00, NULL, 13, 'Isuzu D-Max', 4, 284, 1),
(723, 'PRT0722', 'Headlamp', NULL, 'Other', 36, 'Shelf D5', 2046.00, NULL, 7, 'Isuzu D-Max', 3, 265, 1),
(724, 'PRT0723', 'Starter Motor', NULL, 'Other', 95, 'Shelf B9', 15684.00, NULL, 10, 'Toyota Hilux', 6, 483, 1),
(725, 'PRT0724', 'Clutch Kit', NULL, 'Other', 145, 'Shelf F18', 10309.00, NULL, 11, 'Mitsubishi L200', 18, 26, 1),
(726, 'PRT0725', 'CV Joint', NULL, 'Other', 103, 'Shelf H10', 8352.00, NULL, 5, 'Subaru Forester', 14, 86, 1),
(727, 'PRT0726', 'Timing Belt', NULL, 'Other', 163, 'Shelf A10', 14519.00, NULL, 16, 'Mitsubishi L200', 19, 76, 1),
(728, 'PRT0727', 'Timing Belt', NULL, 'Other', 181, 'Shelf D13', 22003.00, NULL, 14, 'VW Golf', 1, 294, 1),
(729, 'PRT0728', 'Tail Lamp', NULL, 'Other', 75, 'Shelf G5', 3616.00, NULL, 10, 'Toyota Hilux', 2, 450, 1),
(730, 'PRT0729', 'Brake Disc', NULL, 'Other', 131, 'Shelf C3', 23012.00, NULL, 10, 'Honda Fit', 11, 123, 1),
(731, 'PRT0730', 'Starter Motor', NULL, 'Other', 11, 'Shelf C14', 13243.00, NULL, 12, 'Mitsubishi L200', 11, 198, 1),
(732, 'PRT0731', 'Battery', NULL, 'Other', 30, 'Shelf D17', 9358.00, NULL, 10, 'Mitsubishi L200', 20, 113, 1),
(733, 'PRT0732', 'Drive Belt', NULL, 'Other', 189, 'Shelf C9', 2740.00, NULL, 19, 'Mitsubishi L200', 6, 44, 1),
(734, 'PRT0733', 'Battery', NULL, 'Other', 181, 'Shelf F3', 7819.00, NULL, 10, 'Toyota Corolla', 8, 256, 1),
(735, 'PRT0734', 'Tail Lamp', NULL, 'Other', 10, 'Shelf H17', 24401.00, NULL, 18, 'Mitsubishi L200', 7, 431, 1),
(736, 'PRT0735', 'Oil Filter', NULL, 'Other', 174, 'Shelf D10', 21293.00, NULL, 5, 'Mitsubishi L200', 2, 29, 1),
(737, 'PRT0736', 'Shock Absorber', NULL, 'Other', 166, 'Shelf C19', 12504.00, NULL, 19, 'Ford Ranger', 17, 29, 1),
(738, 'PRT0737', 'Battery', NULL, 'Other', 151, 'Shelf F3', 24797.00, NULL, 11, 'Toyota Corolla', 15, 327, 1),
(739, 'PRT0738', 'Spark Plug', NULL, 'Other', 127, 'Shelf H5', 2528.00, NULL, 5, 'Mazda Demio', 19, 442, 1),
(740, 'PRT0739', 'Alternator', NULL, 'Other', 40, 'Shelf D19', 15413.00, NULL, 20, 'Nissan X-Trail', 16, 21, 1),
(741, 'PRT0740', 'Shock Absorber', NULL, 'Other', 163, 'Shelf E20', 16566.00, NULL, 17, 'Ford Ranger', 16, 126, 1),
(742, 'PRT0741', 'Water Pump', NULL, 'Other', 71, 'Shelf D19', 18951.00, NULL, 9, 'Mitsubishi L200', 19, 313, 1),
(743, 'PRT0742', 'Tail Lamp', NULL, 'Other', 180, 'Shelf B3', 11454.00, NULL, 20, 'Mitsubishi L200', 16, 202, 1),
(744, 'PRT0743', 'Water Pump', NULL, 'Other', 101, 'Shelf E7', 6659.00, NULL, 13, 'Nissan X-Trail', 7, 291, 1),
(745, 'PRT0744', 'Starter Motor', NULL, 'Other', 145, 'Shelf G17', 4757.00, NULL, 19, 'Toyota Hilux', 3, 351, 1),
(746, 'PRT0745', 'Battery', NULL, 'Other', 198, 'Shelf D1', 3056.00, NULL, 19, 'Nissan X-Trail', 2, 334, 1),
(747, 'PRT0746', 'Radiator', NULL, 'Other', 12, 'Shelf C19', 9111.00, NULL, 8, 'Nissan X-Trail', 1, 68, 1),
(748, 'PRT0747', 'Shock Absorber', NULL, 'Other', 94, 'Shelf E16', 19083.00, NULL, 12, 'Toyota Corolla', 10, 273, 1),
(749, 'PRT0748', 'Alternator', NULL, 'Other', 144, 'Shelf B16', 4566.00, NULL, 16, 'Toyota Hilux', 11, 373, 1),
(750, 'PRT0749', 'Tail Lamp', NULL, 'Other', 73, 'Shelf H11', 6035.00, NULL, 12, 'Mitsubishi L200', 2, 49, 1),
(751, 'PRT0750', 'CV Joint', NULL, 'Other', 6, 'Shelf A11', 9881.00, NULL, 10, 'Subaru Forester', 9, 453, 1),
(752, 'PRT0751', 'Radiator', NULL, 'Other', 160, 'Shelf A16', 6225.00, NULL, 19, 'Toyota Hilux', 8, 354, 1),
(753, 'PRT0752', 'Timing Belt', NULL, 'Other', 96, 'Shelf A7', 22601.00, NULL, 12, 'Toyota Corolla', 4, 198, 1),
(754, 'PRT0753', 'Clutch Kit', NULL, 'Other', 150, 'Shelf F10', 18731.00, NULL, 6, 'Ford Ranger', 20, 370, 1),
(755, 'PRT0754', 'Spark Plug', NULL, 'Other', 123, 'Shelf B20', 5458.00, NULL, 10, 'Toyota Hilux', 12, 266, 1),
(756, 'PRT0755', 'Air Filter', NULL, 'Other', 190, 'Shelf H7', 12258.00, NULL, 5, 'Subaru Forester', 1, 447, 1),
(757, 'PRT0756', 'Headlamp', NULL, 'Other', 169, 'Shelf F4', 893.00, NULL, 11, 'Toyota Hilux', 7, 325, 1),
(758, 'PRT0757', 'Drive Belt', NULL, 'Other', 197, 'Shelf F6', 22211.00, NULL, 13, 'Ford Ranger', 5, 18, 1),
(759, 'PRT0758', 'Clutch Kit', NULL, 'Other', 178, 'Shelf H7', 23914.00, NULL, 12, 'VW Golf', 10, 159, 1),
(760, 'PRT0759', 'Radiator', NULL, 'Other', 66, 'Shelf B15', 12094.00, NULL, 10, 'Nissan X-Trail', 10, 28, 1),
(761, 'PRT0760', 'Clutch Kit', NULL, 'Other', 171, 'Shelf A15', 8309.00, NULL, 13, 'Isuzu D-Max', 18, 258, 1),
(762, 'PRT0761', 'Brake Pad', NULL, 'Other', 26, 'Shelf B9', 13114.00, NULL, 11, 'Nissan X-Trail', 8, 171, 1),
(763, 'PRT0762', 'Fuel Filter', NULL, 'Other', 184, 'Shelf G18', 14094.00, NULL, 12, 'VW Golf', 5, 289, 1),
(764, 'PRT0763', 'Timing Belt', NULL, 'Other', 23, 'Shelf G15', 4945.00, NULL, 5, 'Isuzu D-Max', 15, 94, 1),
(765, 'PRT0764', 'Shock Absorber', NULL, 'Other', 67, 'Shelf B20', 15990.00, NULL, 16, 'Subaru Forester', 19, 330, 1),
(766, 'PRT0765', 'Starter Motor', NULL, 'Other', 139, 'Shelf F6', 19139.00, NULL, 18, 'Nissan X-Trail', 18, 58, 1),
(767, 'PRT0766', 'Oil Filter', NULL, 'Other', 98, 'Shelf G5', 2175.00, NULL, 13, 'Isuzu D-Max', 3, 117, 1),
(768, 'PRT0767', 'Spark Plug', NULL, 'Other', 174, 'Shelf B20', 22946.00, NULL, 9, 'Mitsubishi L200', 11, 249, 1),
(769, 'PRT0768', 'Headlamp', NULL, 'Other', 149, 'Shelf G2', 22913.00, NULL, 16, 'Mazda Demio', 10, 164, 1),
(770, 'PRT0769', 'Tail Lamp', NULL, 'Other', 117, 'Shelf G4', 5692.00, NULL, 15, 'Toyota Corolla', 5, 3, 1),
(771, 'PRT0770', 'Brake Pad', NULL, 'Other', 86, 'Shelf E1', 8480.00, NULL, 12, 'Subaru Forester', 4, 1, 1),
(772, 'PRT0771', 'Water Pump', NULL, 'Other', 157, 'Shelf D7', 11963.00, NULL, 16, 'Isuzu D-Max', 16, 408, 1),
(773, 'PRT0772', 'Battery', NULL, 'Other', 176, 'Shelf D11', 6794.00, NULL, 6, 'Honda Fit', 4, 114, 1),
(774, 'PRT0773', 'Air Filter', NULL, 'Other', 44, 'Shelf G4', 21824.00, NULL, 19, 'Toyota Corolla', 16, 186, 1),
(775, 'PRT0774', 'Fuel Filter', NULL, 'Other', 110, 'Shelf G3', 16109.00, NULL, 8, 'Subaru Forester', 17, 386, 1),
(776, 'PRT0775', 'Wheel Bearing', NULL, 'Other', 112, 'Shelf D8', 3896.00, NULL, 8, 'Mazda Demio', 2, 61, 1),
(777, 'PRT0776', 'Wheel Bearing', NULL, 'Other', 134, 'Shelf B3', 20640.00, NULL, 9, 'Subaru Forester', 7, 155, 1),
(778, 'PRT0777', 'Spark Plug', NULL, 'Other', 8, 'Shelf D2', 13532.00, NULL, 5, 'Nissan X-Trail', 6, 289, 1),
(779, 'PRT0778', 'Clutch Kit', NULL, 'Other', 200, 'Shelf B4', 3841.00, NULL, 14, 'Isuzu D-Max', 10, 389, 1),
(780, 'PRT0779', 'Battery', NULL, 'Other', 143, 'Shelf C12', 1352.00, NULL, 19, 'Toyota Hilux', 20, 359, 1),
(781, 'PRT0780', 'Spark Plug', NULL, 'Other', 70, 'Shelf H13', 2628.00, NULL, 5, 'Mitsubishi L200', 6, 202, 1),
(782, 'PRT0781', 'Shock Absorber', NULL, 'Other', 30, 'Shelf G5', 23710.00, NULL, 12, 'Mazda Demio', 16, 337, 1),
(783, 'PRT0782', 'Shock Absorber', NULL, 'Other', 155, 'Shelf A19', 3046.00, NULL, 8, 'Toyota Hilux', 19, 327, 1),
(784, 'PRT0783', 'Timing Belt', NULL, 'Other', 150, 'Shelf E20', 17989.00, NULL, 8, 'Nissan X-Trail', 9, 464, 1),
(785, 'PRT0784', 'Drive Belt', NULL, 'Other', 154, 'Shelf G1', 10429.00, NULL, 9, 'Ford Ranger', 8, 128, 1),
(786, 'PRT0785', 'Brake Pad', NULL, 'Other', 21, 'Shelf C13', 12479.00, NULL, 14, 'Nissan X-Trail', 9, 158, 1),
(787, 'PRT0786', 'Shock Absorber', NULL, 'Other', 165, 'Shelf F7', 17233.00, NULL, 18, 'Mitsubishi L200', 3, 137, 1),
(788, 'PRT0787', 'Side Mirror', NULL, 'Other', 182, 'Shelf G4', 18985.00, NULL, 17, 'Honda Fit', 9, 436, 1),
(789, 'PRT0788', 'Alternator', NULL, 'Other', 74, 'Shelf B4', 1860.00, NULL, 11, 'Toyota Hilux', 16, 201, 1),
(790, 'PRT0789', 'Headlamp', NULL, 'Other', 28, 'Shelf C4', 14446.00, NULL, 15, 'Nissan X-Trail', 19, 276, 1),
(791, 'PRT0790', 'Brake Disc', NULL, 'Other', 75, 'Shelf C13', 12688.00, NULL, 9, 'Isuzu D-Max', 18, 392, 1),
(792, 'PRT0791', 'Brake Disc', NULL, 'Other', 76, 'Shelf D2', 3156.00, NULL, 11, 'Toyota Corolla', 9, 338, 1),
(793, 'PRT0792', 'Drive Belt', NULL, 'Other', 90, 'Shelf E17', 16175.00, NULL, 12, 'Honda Fit', 7, 44, 1),
(794, 'PRT0793', 'Timing Belt', NULL, 'Other', 38, 'Shelf C19', 5478.00, NULL, 5, 'Toyota Corolla', 12, 57, 1),
(795, 'PRT0794', 'Brake Pad', NULL, 'Other', 6, 'Shelf E7', 12462.00, NULL, 11, 'Isuzu D-Max', 12, 140, 1),
(796, 'PRT0795', 'Battery', NULL, 'Other', 6, 'Shelf E12', 24200.00, NULL, 7, 'Toyota Corolla', 8, 387, 1),
(797, 'PRT0796', 'Tail Lamp', NULL, 'Other', 133, 'Shelf A5', 22222.00, NULL, 20, 'Subaru Forester', 7, 270, 1),
(798, 'PRT0797', 'Fuel Filter', NULL, 'Other', 92, 'Shelf D4', 5074.00, NULL, 11, 'Ford Ranger', 11, 365, 1),
(799, 'PRT0798', 'Headlamp', NULL, 'Other', 97, 'Shelf H11', 20010.00, NULL, 13, 'Nissan X-Trail', 2, 348, 1),
(800, 'PRT0799', 'Fuel Filter', NULL, 'Other', 84, 'Shelf F8', 1147.00, NULL, 14, 'Honda Fit', 15, 201, 1),
(801, 'PRT0800', 'Water Pump', NULL, 'Other', 47, 'Shelf C13', 22453.00, NULL, 12, 'Nissan X-Trail', 15, 48, 1),
(802, 'PRT0801', 'Spark Plug', NULL, 'Other', 84, 'Shelf D18', 8488.00, NULL, 7, 'Mazda Demio', 15, 334, 1),
(803, 'PRT0802', 'Tail Lamp', NULL, 'Other', 197, 'Shelf D18', 7581.00, NULL, 17, 'Mitsubishi L200', 8, 148, 1),
(804, 'PRT0803', 'CV Joint', NULL, 'Other', 146, 'Shelf F7', 2752.00, NULL, 18, 'Honda Fit', 8, 304, 1),
(805, 'PRT0804', 'Side Mirror', NULL, 'Other', 104, 'Shelf B6', 4911.00, NULL, 13, 'VW Golf', 9, 12, 1),
(806, 'PRT0805', 'Headlamp', NULL, 'Other', 115, 'Shelf F14', 14376.00, NULL, 10, 'Subaru Forester', 4, 255, 1),
(807, 'PRT0806', 'Battery', NULL, 'Other', 35, 'Shelf A2', 19337.00, NULL, 17, 'Mitsubishi L200', 6, 468, 1),
(808, 'PRT0807', 'Wheel Bearing', NULL, 'Other', 178, 'Shelf C3', 23554.00, NULL, 8, 'Toyota Hilux', 15, 358, 1),
(809, 'PRT0808', 'Alternator', NULL, 'Other', 112, 'Shelf E13', 22030.00, NULL, 10, 'Subaru Forester', 8, 135, 1),
(810, 'PRT0809', 'Water Pump', NULL, 'Other', 185, 'Shelf F17', 5084.00, NULL, 18, 'Toyota Hilux', 5, 281, 1),
(811, 'PRT0810', 'Fuel Filter', NULL, 'Other', 185, 'Shelf D12', 12479.00, NULL, 14, 'Subaru Forester', 10, 322, 1),
(812, 'PRT0811', 'Spark Plug', NULL, 'Other', 33, 'Shelf E14', 9921.00, NULL, 20, 'Toyota Corolla', 5, 72, 1),
(813, 'PRT0812', 'Shock Absorber', NULL, 'Other', 74, 'Shelf D13', 4634.00, NULL, 16, 'Subaru Forester', 15, 127, 1),
(814, 'PRT0813', 'Clutch Kit', NULL, 'Other', 144, 'Shelf A14', 7244.00, NULL, 7, 'Mitsubishi L200', 5, 32, 1),
(815, 'PRT0814', 'Alternator', NULL, 'Other', 111, 'Shelf E9', 19697.00, NULL, 5, 'Ford Ranger', 5, 118, 1),
(816, 'PRT0815', 'Starter Motor', NULL, 'Other', 151, 'Shelf E12', 20911.00, NULL, 10, 'Ford Ranger', 7, 240, 1),
(817, 'PRT0816', 'Side Mirror', NULL, 'Other', 168, 'Shelf A19', 20874.00, NULL, 6, 'Honda Fit', 9, 467, 1),
(818, 'PRT0817', 'Timing Belt', NULL, 'Other', 145, 'Shelf C11', 721.00, NULL, 5, 'Mitsubishi L200', 11, 222, 1),
(819, 'PRT0818', 'Tail Lamp', NULL, 'Other', 113, 'Shelf E7', 21366.00, NULL, 19, 'Toyota Hilux', 20, 25, 1),
(820, 'PRT0819', 'Brake Disc', NULL, 'Other', 119, 'Shelf A6', 4526.00, NULL, 17, 'Toyota Corolla', 3, 382, 1),
(821, 'PRT0820', 'Brake Pad', NULL, 'Other', 79, 'Shelf D4', 17310.00, NULL, 7, 'Toyota Corolla', 15, 69, 1),
(822, 'PRT0821', 'Oil Filter', NULL, 'Other', 50, 'Shelf G11', 20173.00, NULL, 8, 'VW Golf', 11, 421, 1),
(823, 'PRT0822', 'Timing Belt', NULL, 'Other', 64, 'Shelf C14', 22575.00, NULL, 11, 'Toyota Hilux', 7, 34, 1),
(824, 'PRT0823', 'Water Pump', NULL, 'Other', 172, 'Shelf E19', 11015.00, NULL, 16, 'Ford Ranger', 5, 444, 1),
(825, 'PRT0824', 'Headlamp', NULL, 'Other', 161, 'Shelf G5', 2765.00, NULL, 19, 'Mitsubishi L200', 11, 402, 1),
(826, 'PRT0825', 'Headlamp', NULL, 'Other', 152, 'Shelf F10', 18021.00, NULL, 17, 'Subaru Forester', 1, 217, 1),
(827, 'PRT0826', 'Brake Pad', NULL, 'Other', 85, 'Shelf H17', 15035.00, NULL, 18, 'VW Golf', 12, 470, 1),
(828, 'PRT0827', 'Clutch Kit', NULL, 'Other', 190, 'Shelf D14', 17077.00, NULL, 6, 'Ford Ranger', 15, 259, 1),
(829, 'PRT0828', 'Battery', NULL, 'Other', 25, 'Shelf E9', 14611.00, NULL, 10, 'Mitsubishi L200', 8, 137, 1),
(830, 'PRT0829', 'Battery', NULL, 'Other', 151, 'Shelf D15', 5482.00, NULL, 14, 'Mitsubishi L200', 19, 21, 1),
(831, 'PRT0830', 'Tail Lamp', NULL, 'Other', 132, 'Shelf A11', 7924.00, NULL, 16, 'Mitsubishi L200', 18, 493, 1),
(832, 'PRT0831', 'Radiator', NULL, 'Other', 131, 'Shelf C18', 8910.00, NULL, 14, 'VW Golf', 11, 309, 1),
(833, 'PRT0832', 'Starter Motor', NULL, 'Other', 25, 'Shelf D5', 1039.00, NULL, 6, 'Subaru Forester', 8, 121, 1),
(834, 'PRT0833', 'Tail Lamp', NULL, 'Other', 5, 'Shelf D7', 19506.00, NULL, 20, 'Honda Fit', 6, 326, 1),
(835, 'PRT0834', 'Radiator', NULL, 'Other', 21, 'Shelf A11', 15396.00, NULL, 12, 'Isuzu D-Max', 7, 261, 1),
(836, 'PRT0835', 'Headlamp', NULL, 'Other', 46, 'Shelf B9', 22712.00, NULL, 6, 'Toyota Corolla', 18, 25, 1),
(837, 'PRT0836', 'Shock Absorber', NULL, 'Other', 25, 'Shelf H13', 10031.00, NULL, 19, 'Mazda Demio', 9, 420, 1),
(838, 'PRT0837', 'Shock Absorber', NULL, 'Other', 116, 'Shelf D16', 14288.00, NULL, 11, 'Isuzu D-Max', 10, 350, 1),
(839, 'PRT0838', 'Spark Plug', NULL, 'Other', 195, 'Shelf G6', 23542.00, NULL, 10, 'Nissan X-Trail', 1, 4, 1),
(840, 'PRT0839', 'Alternator', NULL, 'Other', 200, 'Shelf C7', 2971.00, NULL, 13, 'Isuzu D-Max', 16, 107, 1),
(841, 'PRT0840', 'Water Pump', NULL, 'Other', 62, 'Shelf F5', 20378.00, NULL, 19, 'Nissan X-Trail', 14, 273, 1),
(842, 'PRT0841', 'Drive Belt', NULL, 'Other', 38, 'Shelf E19', 13684.00, NULL, 7, 'Honda Fit', 19, 380, 1),
(843, 'PRT0842', 'Radiator', NULL, 'Other', 90, 'Shelf A11', 19462.00, NULL, 8, 'Ford Ranger', 20, 351, 1),
(844, 'PRT0843', 'Tail Lamp', NULL, 'Other', 116, 'Shelf C19', 22864.00, NULL, 19, 'Toyota Corolla', 20, 108, 1),
(845, 'PRT0844', 'Timing Belt', NULL, 'Other', 48, 'Shelf F3', 16183.00, NULL, 11, 'Toyota Corolla', 16, 379, 1),
(846, 'PRT0845', 'Brake Disc', NULL, 'Other', 183, 'Shelf F18', 4184.00, NULL, 18, 'Toyota Corolla', 9, 391, 1),
(847, 'PRT0846', 'Spark Plug', NULL, 'Other', 50, 'Shelf G16', 6626.00, NULL, 11, 'Mitsubishi L200', 5, 280, 1),
(848, 'PRT0847', 'Shock Absorber', NULL, 'Other', 184, 'Shelf F14', 19977.00, NULL, 20, 'Mazda Demio', 18, 291, 1),
(849, 'PRT0848', 'Starter Motor', NULL, 'Other', 44, 'Shelf C15', 8372.00, NULL, 10, 'Ford Ranger', 7, 133, 1),
(850, 'PRT0849', 'Wheel Bearing', NULL, 'Other', 179, 'Shelf C5', 17426.00, NULL, 7, 'Mazda Demio', 5, 237, 1),
(851, 'PRT0850', 'Fuel Filter', NULL, 'Other', 175, 'Shelf D6', 2897.00, NULL, 18, 'Ford Ranger', 15, 247, 1),
(852, 'PRT0851', 'Side Mirror', NULL, 'Other', 16, 'Shelf H16', 12508.00, NULL, 20, 'Mitsubishi L200', 17, 322, 1),
(853, 'PRT0852', 'Drive Belt', NULL, 'Other', 67, 'Shelf E11', 4063.00, NULL, 13, 'Toyota Hilux', 17, 370, 1),
(854, 'PRT0853', 'Tail Lamp', NULL, 'Other', 148, 'Shelf F1', 10903.00, NULL, 5, 'Isuzu D-Max', 5, 250, 1),
(855, 'PRT0854', 'Drive Belt', NULL, 'Other', 29, 'Shelf A10', 1694.00, NULL, 7, 'Ford Ranger', 5, 239, 1),
(856, 'PRT0855', 'Brake Pad', NULL, 'Other', 53, 'Shelf B19', 13009.00, NULL, 18, 'Honda Fit', 4, 486, 1),
(857, 'PRT0856', 'Timing Belt', NULL, 'Other', 69, 'Shelf G15', 17596.00, NULL, 18, 'Nissan X-Trail', 19, 349, 1),
(858, 'PRT0857', 'Fuel Filter', NULL, 'Other', 163, 'Shelf A19', 942.00, NULL, 5, 'Toyota Corolla', 6, 217, 1),
(859, 'PRT0858', 'Alternator', NULL, 'Other', 5, 'Shelf F20', 15327.00, NULL, 5, 'Nissan X-Trail', 8, 394, 1),
(860, 'PRT0859', 'Tail Lamp', NULL, 'Other', 51, 'Shelf G13', 11509.00, NULL, 20, 'Mazda Demio', 20, 418, 1),
(861, 'PRT0860', 'Oil Filter', NULL, 'Other', 112, 'Shelf F17', 23681.00, NULL, 13, 'Subaru Forester', 9, 227, 1),
(862, 'PRT0861', 'Tail Lamp', NULL, 'Other', 148, 'Shelf E1', 18798.00, NULL, 17, 'Nissan X-Trail', 16, 144, 1),
(863, 'PRT0862', 'Headlamp', NULL, 'Other', 79, 'Shelf B9', 11706.00, NULL, 9, 'Mazda Demio', 3, 240, 1),
(864, 'PRT0863', 'Side Mirror', NULL, 'Other', 18, 'Shelf F7', 4868.00, NULL, 20, 'Ford Ranger', 11, 87, 1),
(865, 'PRT0864', 'Radiator', NULL, 'Other', 176, 'Shelf G16', 904.00, NULL, 10, 'Subaru Forester', 14, 145, 1),
(866, 'PRT0865', 'Clutch Kit', NULL, 'Other', 138, 'Shelf D5', 20629.00, NULL, 19, 'Toyota Corolla', 18, 17, 1),
(867, 'PRT0866', 'Water Pump', NULL, 'Other', 160, 'Shelf A17', 15121.00, NULL, 6, 'Toyota Hilux', 9, 190, 1),
(868, 'PRT0867', 'Radiator', NULL, 'Other', 68, 'Shelf C20', 6873.00, NULL, 12, 'Honda Fit', 18, 143, 1),
(869, 'PRT0868', 'Side Mirror', NULL, 'Other', 151, 'Shelf E7', 7880.00, NULL, 17, 'Toyota Hilux', 1, 445, 1),
(870, 'PRT0869', 'Battery', NULL, 'Other', 73, 'Shelf E4', 4940.00, NULL, 16, 'Mitsubishi L200', 18, 40, 1),
(871, 'PRT0870', 'Brake Disc', NULL, 'Other', 68, 'Shelf E11', 8318.00, NULL, 18, 'Nissan X-Trail', 4, 278, 1),
(872, 'PRT0871', 'Spark Plug', NULL, 'Other', 89, 'Shelf H7', 24656.00, NULL, 15, 'Toyota Hilux', 18, 36, 1),
(873, 'PRT0872', 'Radiator', NULL, 'Other', 69, 'Shelf G5', 19946.00, NULL, 7, 'Mazda Demio', 4, 5, 1),
(874, 'PRT0873', 'Water Pump', NULL, 'Other', 90, 'Shelf H15', 7742.00, NULL, 9, 'Mazda Demio', 14, 358, 1),
(875, 'PRT0874', 'Radiator', NULL, 'Other', 19, 'Shelf A13', 16818.00, NULL, 13, 'Mazda Demio', 3, 149, 1),
(876, 'PRT0875', 'Fuel Filter', NULL, 'Other', 69, 'Shelf A9', 6102.00, NULL, 8, 'Mazda Demio', 2, 277, 1),
(877, 'PRT0876', 'Drive Belt', NULL, 'Other', 93, 'Shelf E7', 10136.00, NULL, 19, 'Toyota Hilux', 9, 214, 1),
(878, 'PRT0877', 'Oil Filter', NULL, 'Other', 44, 'Shelf G5', 14058.00, NULL, 8, 'Honda Fit', 2, 7, 1),
(879, 'PRT0878', 'Water Pump', NULL, 'Other', 101, 'Shelf B17', 17849.00, NULL, 10, 'Nissan X-Trail', 15, 480, 1),
(880, 'PRT0879', 'Timing Belt', NULL, 'Other', 139, 'Shelf E5', 24715.00, NULL, 8, 'Toyota Hilux', 10, 229, 1),
(881, 'PRT0880', 'Side Mirror', NULL, 'Other', 111, 'Shelf A11', 14113.00, NULL, 7, 'Toyota Hilux', 18, 442, 1),
(882, 'PRT0881', 'Brake Pad', NULL, 'Other', 14, 'Shelf B16', 9705.00, NULL, 19, 'Subaru Forester', 14, 44, 1),
(883, 'PRT0882', 'Brake Pad', NULL, 'Other', 64, 'Shelf G7', 3573.00, NULL, 7, 'Mitsubishi L200', 11, 410, 1),
(884, 'PRT0883', 'Side Mirror', NULL, 'Other', 164, 'Shelf G7', 20731.00, NULL, 14, 'Honda Fit', 8, 167, 1),
(885, 'PRT0884', 'Side Mirror', NULL, 'Other', 109, 'Shelf H8', 10972.00, NULL, 17, 'Toyota Hilux', 15, 363, 1),
(886, 'PRT0885', 'Battery', NULL, 'Other', 19, 'Shelf G9', 1314.00, NULL, 16, 'VW Golf', 13, 194, 1),
(887, 'PRT0886', 'Air Filter', NULL, 'Other', 191, 'Shelf H11', 18914.00, NULL, 8, 'Toyota Corolla', 9, 20, 1),
(888, 'PRT0887', 'Battery', NULL, 'Other', 40, 'Shelf G3', 21226.00, NULL, 17, 'Ford Ranger', 4, 157, 1),
(889, 'PRT0888', 'Alternator', NULL, 'Other', 180, 'Shelf B14', 11937.00, NULL, 12, 'VW Golf', 18, 16, 1),
(890, 'PRT0889', 'Oil Filter', NULL, 'Other', 78, 'Shelf C2', 3872.00, NULL, 11, 'Nissan X-Trail', 4, 172, 1),
(891, 'PRT0890', 'Headlamp', NULL, 'Other', 166, 'Shelf H10', 18912.00, NULL, 14, 'Toyota Corolla', 16, 0, 1),
(892, 'PRT0891', 'Spark Plug', NULL, 'Other', 165, 'Shelf H3', 5907.00, NULL, 11, 'Mitsubishi L200', 3, 39, 1),
(893, 'PRT0892', 'Clutch Kit', NULL, 'Other', 98, 'Shelf B19', 16159.00, NULL, 8, 'Toyota Corolla', 1, 42, 1),
(894, 'PRT0893', 'Starter Motor', NULL, 'Other', 25, 'Shelf A4', 3639.00, NULL, 7, 'Honda Fit', 13, 328, 1),
(895, 'PRT0894', 'Spark Plug', NULL, 'Other', 184, 'Shelf C15', 24477.00, NULL, 16, 'Ford Ranger', 12, 187, 1),
(896, 'PRT0895', 'Oil Filter', NULL, 'Other', 154, 'Shelf G9', 1220.00, NULL, 12, 'Subaru Forester', 18, 112, 1),
(897, 'PRT0896', 'Radiator', NULL, 'Other', 13, 'Shelf G17', 9794.00, NULL, 19, 'Isuzu D-Max', 12, 213, 1),
(898, 'PRT0897', 'Air Filter', NULL, 'Other', 191, 'Shelf D11', 7475.00, NULL, 5, 'Toyota Hilux', 1, 311, 1),
(899, 'PRT0898', 'Fuel Filter', NULL, 'Other', 136, 'Shelf D17', 13190.00, NULL, 7, 'Nissan X-Trail', 7, 285, 1),
(900, 'PRT0899', 'Brake Disc', NULL, 'Other', 97, 'Shelf E20', 24483.00, NULL, 8, 'Isuzu D-Max', 8, 230, 1),
(901, 'PRT0900', 'Water Pump', NULL, 'Other', 121, 'Shelf D14', 21260.00, NULL, 6, 'Ford Ranger', 9, 412, 1),
(902, 'PRT0901', 'Alternator', NULL, 'Other', 126, 'Shelf H20', 22555.00, NULL, 17, 'Mitsubishi L200', 14, 28, 1),
(903, 'PRT0902', 'Timing Belt', NULL, 'Other', 152, 'Shelf H16', 11614.00, NULL, 6, 'Nissan X-Trail', 13, 23, 1),
(904, 'PRT0903', 'Drive Belt', NULL, 'Other', 54, 'Shelf C13', 2426.00, NULL, 10, 'Toyota Corolla', 5, 245, 1),
(905, 'PRT0904', 'Air Filter', NULL, 'Other', 17, 'Shelf F15', 17502.00, NULL, 7, 'Nissan X-Trail', 7, 419, 1),
(906, 'PRT0905', 'Spark Plug', NULL, 'Other', 126, 'Shelf G9', 775.00, NULL, 16, 'Subaru Forester', 11, 266, 1),
(907, 'PRT0906', 'Spark Plug', NULL, 'Other', 162, 'Shelf H6', 19443.00, NULL, 12, 'Isuzu D-Max', 4, 426, 1),
(908, 'PRT0907', 'Alternator', NULL, 'Other', 137, 'Shelf C15', 16158.00, NULL, 19, 'Mazda Demio', 9, 114, 1),
(909, 'PRT0908', 'Clutch Kit', NULL, 'Other', 113, 'Shelf F9', 2008.00, NULL, 10, 'Honda Fit', 6, 186, 1),
(910, 'PRT0909', 'Air Filter', NULL, 'Other', 173, 'Shelf F8', 8223.00, NULL, 5, 'Mitsubishi L200', 5, 436, 1),
(911, 'PRT0910', 'Water Pump', NULL, 'Other', 40, 'Shelf G1', 910.00, NULL, 10, 'Toyota Hilux', 13, 254, 1),
(912, 'PRT0911', 'Timing Belt', NULL, 'Other', 98, 'Shelf B2', 7222.00, NULL, 13, 'VW Golf', 13, 350, 1),
(913, 'PRT0912', 'Shock Absorber', NULL, 'Other', 96, 'Shelf B11', 18146.00, NULL, 9, 'VW Golf', 20, 394, 1),
(914, 'PRT0913', 'Drive Belt', NULL, 'Other', 168, 'Shelf B10', 16458.00, NULL, 5, 'Subaru Forester', 12, 467, 1),
(915, 'PRT0914', 'Battery', NULL, 'Other', 85, 'Shelf A11', 15949.00, NULL, 19, 'Isuzu D-Max', 9, 143, 1),
(916, 'PRT0915', 'Fuel Filter', NULL, 'Other', 188, 'Shelf C13', 5736.00, NULL, 5, 'Toyota Corolla', 8, 299, 1);
INSERT INTO `inventory` (`id`, `sku`, `name`, `description`, `category`, `stock`, `location`, `price`, `cost_price`, `reorder_level`, `compatibility`, `supplier_id`, `sold_count`, `is_active`) VALUES
(917, 'PRT0916', 'CV Joint', NULL, 'Other', 67, 'Shelf D14', 17707.00, NULL, 5, 'Mitsubishi L200', 9, 70, 1),
(918, 'PRT0917', 'Starter Motor', NULL, 'Other', 150, 'Shelf G9', 3356.00, NULL, 5, 'Mazda Demio', 17, 168, 1),
(919, 'PRT0918', 'Clutch Kit', NULL, 'Other', 176, 'Shelf B18', 22859.00, NULL, 19, 'Ford Ranger', 2, 244, 1),
(920, 'PRT0919', 'Headlamp', NULL, 'Other', 77, 'Shelf G3', 10453.00, NULL, 11, 'Subaru Forester', 19, 130, 1),
(921, 'PRT0920', 'Timing Belt', NULL, 'Other', 151, 'Shelf E17', 20454.00, NULL, 16, 'Toyota Hilux', 11, 102, 1),
(922, 'PRT0921', 'Fuel Filter', NULL, 'Other', 168, 'Shelf G18', 16252.00, NULL, 9, 'Honda Fit', 18, 309, 1),
(923, 'PRT0922', 'Air Filter', NULL, 'Other', 109, 'Shelf G10', 14172.00, NULL, 18, 'Toyota Hilux', 5, 315, 1),
(924, 'PRT0923', 'Alternator', NULL, 'Other', 32, 'Shelf C5', 3051.00, NULL, 14, 'Isuzu D-Max', 13, 95, 1),
(925, 'PRT0924', 'Headlamp', NULL, 'Other', 70, 'Shelf H12', 9346.00, NULL, 5, 'Honda Fit', 1, 34, 1),
(926, 'PRT0925', 'CV Joint', NULL, 'Other', 143, 'Shelf F13', 9105.00, NULL, 16, 'Toyota Corolla', 10, 61, 1),
(927, 'PRT0926', 'Brake Disc', NULL, 'Other', 15, 'Shelf H12', 7256.00, NULL, 16, 'Isuzu D-Max', 10, 341, 1),
(928, 'PRT0927', 'Oil Filter', NULL, 'Other', 94, 'Shelf E4', 22359.00, NULL, 15, 'Subaru Forester', 5, 333, 1),
(929, 'PRT0928', 'Air Filter', NULL, 'Other', 51, 'Shelf A7', 746.00, NULL, 17, 'Subaru Forester', 5, 250, 1),
(930, 'PRT0929', 'Wheel Bearing', NULL, 'Other', 91, 'Shelf H1', 15604.00, NULL, 7, 'Toyota Corolla', 15, 232, 1),
(931, 'PRT0930', 'Shock Absorber', NULL, 'Other', 160, 'Shelf D13', 10793.00, NULL, 19, 'Nissan X-Trail', 15, 486, 1),
(932, 'PRT0931', 'Tail Lamp', NULL, 'Other', 100, 'Shelf D16', 5786.00, NULL, 13, 'Honda Fit', 9, 394, 1),
(933, 'PRT0932', 'Headlamp', NULL, 'Other', 79, 'Shelf E5', 14210.00, NULL, 19, 'Ford Ranger', 5, 32, 1),
(934, 'PRT0933', 'Brake Pad', NULL, 'Other', 52, 'Shelf F13', 15694.00, NULL, 16, 'VW Golf', 17, 235, 1),
(935, 'PRT0934', 'Wheel Bearing', NULL, 'Other', 121, 'Shelf H8', 23549.00, NULL, 18, 'Toyota Corolla', 11, 103, 1),
(936, 'PRT0935', 'Alternator', NULL, 'Other', 109, 'Shelf H11', 15880.00, NULL, 20, 'Toyota Hilux', 3, 500, 1),
(937, 'PRT0936', 'Tail Lamp', NULL, 'Other', 134, 'Shelf E20', 23535.00, NULL, 14, 'Nissan X-Trail', 15, 256, 1),
(938, 'PRT0937', 'Brake Pad', NULL, 'Other', 80, 'Shelf A16', 8474.00, NULL, 6, 'Mazda Demio', 15, 296, 1),
(939, 'PRT0938', 'Water Pump', NULL, 'Other', 159, 'Shelf G11', 3149.00, NULL, 13, 'VW Golf', 16, 269, 1),
(940, 'PRT0939', 'Air Filter', NULL, 'Other', 8, 'Shelf H16', 22322.00, NULL, 20, 'Mitsubishi L200', 17, 206, 1),
(941, 'PRT0940', 'Headlamp', NULL, 'Other', 94, 'Shelf E20', 14300.00, NULL, 10, 'Mazda Demio', 18, 434, 1),
(942, 'PRT0941', 'Air Filter', NULL, 'Other', 80, 'Shelf C9', 3804.00, NULL, 5, 'VW Golf', 14, 240, 1),
(943, 'PRT0942', 'Side Mirror', NULL, 'Other', 121, 'Shelf A4', 24476.00, NULL, 15, 'Toyota Corolla', 12, 115, 1),
(944, 'PRT0943', 'Wheel Bearing', NULL, 'Other', 105, 'Shelf G17', 5280.00, NULL, 15, 'Mitsubishi L200', 19, 296, 1),
(945, 'PRT0944', 'Tail Lamp', NULL, 'Other', 166, 'Shelf E14', 731.00, NULL, 9, 'Mitsubishi L200', 17, 415, 1),
(946, 'PRT0945', 'Air Filter', NULL, 'Other', 175, 'Shelf C12', 8052.00, NULL, 15, 'Nissan X-Trail', 13, 471, 1),
(947, 'PRT0946', 'Wheel Bearing', NULL, 'Other', 39, 'Shelf D4', 20501.00, NULL, 11, 'Toyota Hilux', 3, 344, 1),
(948, 'PRT0947', 'Timing Belt', NULL, 'Other', 9, 'Shelf B5', 9321.00, NULL, 18, 'Mitsubishi L200', 11, 14, 1),
(949, 'PRT0948', 'Air Filter', NULL, 'Other', 126, 'Shelf C7', 17927.00, NULL, 7, 'Ford Ranger', 7, 36, 1),
(950, 'PRT0949', 'Side Mirror', NULL, 'Other', 48, 'Shelf D14', 4145.00, NULL, 14, 'Isuzu D-Max', 16, 88, 1),
(951, 'PRT0950', 'Side Mirror', NULL, 'Other', 174, 'Shelf B3', 9263.00, NULL, 7, 'Mazda Demio', 9, 395, 1),
(952, 'PRT0951', 'Fuel Filter', NULL, 'Other', 93, 'Shelf D14', 15099.00, NULL, 16, 'Isuzu D-Max', 4, 423, 1),
(953, 'PRT0952', 'Brake Disc', NULL, 'Other', 67, 'Shelf G18', 12961.00, NULL, 7, 'Nissan X-Trail', 16, 417, 1),
(954, 'PRT0953', 'Timing Belt', NULL, 'Other', 126, 'Shelf E6', 5902.00, NULL, 11, 'Toyota Corolla', 17, 26, 1),
(955, 'PRT0954', 'Radiator', NULL, 'Other', 72, 'Shelf F11', 11579.00, NULL, 14, 'Mitsubishi L200', 2, 174, 1),
(956, 'PRT0955', 'Fuel Filter', NULL, 'Other', 190, 'Shelf D7', 10097.00, NULL, 12, 'Mazda Demio', 15, 483, 1),
(957, 'PRT0956', 'Starter Motor', NULL, 'Other', 126, 'Shelf B8', 11069.00, NULL, 6, 'Subaru Forester', 11, 467, 1),
(958, 'PRT0957', 'Starter Motor', NULL, 'Other', 115, 'Shelf B9', 4106.00, NULL, 11, 'Ford Ranger', 3, 100, 1),
(959, 'PRT0958', 'Water Pump', NULL, 'Other', 107, 'Shelf F15', 20143.00, NULL, 7, 'Mazda Demio', 1, 137, 1),
(960, 'PRT0959', 'CV Joint', NULL, 'Other', 192, 'Shelf E3', 11598.00, NULL, 9, 'Toyota Corolla', 1, 359, 1),
(961, 'PRT0960', 'Starter Motor', NULL, 'Other', 56, 'Shelf D3', 23141.00, NULL, 9, 'Honda Fit', 8, 196, 1),
(962, 'PRT0961', 'Timing Belt', NULL, 'Other', 122, 'Shelf F12', 7850.00, NULL, 6, 'Toyota Corolla', 7, 173, 1),
(963, 'PRT0962', 'Oil Filter', NULL, 'Other', 195, 'Shelf H7', 12818.00, NULL, 10, 'Mazda Demio', 9, 336, 1),
(964, 'PRT0963', 'Timing Belt', NULL, 'Other', 110, 'Shelf B19', 20650.00, NULL, 5, 'Mitsubishi L200', 2, 275, 1),
(965, 'PRT0964', 'Water Pump', NULL, 'Other', 27, 'Shelf B16', 15235.00, NULL, 15, 'Isuzu D-Max', 18, 183, 1),
(966, 'PRT0965', 'Alternator', NULL, 'Other', 160, 'Shelf H15', 16747.00, NULL, 7, 'Mazda Demio', 4, 56, 1),
(967, 'PRT0966', 'Starter Motor', NULL, 'Other', 6, 'Shelf G2', 3903.00, NULL, 9, 'Toyota Hilux', 11, 21, 1),
(968, 'PRT0967', 'Tail Lamp', NULL, 'Other', 179, 'Shelf F20', 1976.00, NULL, 17, 'Toyota Corolla', 7, 54, 1),
(969, 'PRT0968', 'Alternator', NULL, 'Other', 83, 'Shelf H8', 8934.00, NULL, 12, 'Toyota Hilux', 17, 348, 1),
(970, 'PRT0969', 'Water Pump', NULL, 'Other', 76, 'Shelf F7', 2201.00, NULL, 10, 'Mazda Demio', 17, 316, 1),
(971, 'PRT0970', 'CV Joint', NULL, 'Other', 175, 'Shelf A18', 19085.00, NULL, 16, 'Toyota Corolla', 7, 321, 1),
(972, 'PRT0971', 'Clutch Kit', NULL, 'Other', 100, 'Shelf G1', 1023.00, NULL, 16, 'Isuzu D-Max', 18, 220, 1),
(973, 'PRT0972', 'Battery', NULL, 'Other', 96, 'Shelf B9', 21838.00, NULL, 18, 'Ford Ranger', 16, 139, 1),
(974, 'PRT0973', 'Timing Belt', NULL, 'Other', 163, 'Shelf D15', 24011.00, NULL, 16, 'VW Golf', 9, 193, 1),
(975, 'PRT0974', 'Headlamp', NULL, 'Other', 70, 'Shelf G1', 6396.00, NULL, 9, 'Honda Fit', 17, 495, 1),
(976, 'PRT0975', 'Wheel Bearing', NULL, 'Other', 121, 'Shelf D11', 21695.00, NULL, 8, 'Ford Ranger', 6, 458, 1),
(977, 'PRT0976', 'Starter Motor', NULL, 'Other', 124, 'Shelf D17', 21722.00, NULL, 7, 'Ford Ranger', 7, 285, 1),
(978, 'PRT0977', 'Battery', NULL, 'Other', 57, 'Shelf F12', 12269.00, NULL, 9, 'Toyota Hilux', 9, 46, 1),
(979, 'PRT0978', 'Spark Plug', NULL, 'Other', 71, 'Shelf H2', 7368.00, NULL, 9, 'Nissan X-Trail', 9, 373, 1),
(980, 'PRT0979', 'Side Mirror', NULL, 'Other', 150, 'Shelf D12', 19294.00, NULL, 7, 'Subaru Forester', 2, 427, 1),
(981, 'PRT0980', 'Drive Belt', NULL, 'Other', 77, 'Shelf H5', 18901.00, NULL, 11, 'Honda Fit', 19, 426, 1),
(982, 'PRT0981', 'Clutch Kit', NULL, 'Other', 50, 'Shelf A9', 12406.00, NULL, 19, 'Ford Ranger', 17, 88, 1),
(983, 'PRT0982', 'Timing Belt', NULL, 'Other', 143, 'Shelf E20', 3611.00, NULL, 17, 'Subaru Forester', 13, 474, 1),
(984, 'PRT0983', 'Wheel Bearing', NULL, 'Other', 82, 'Shelf F20', 15157.00, NULL, 10, 'Toyota Hilux', 5, 498, 1),
(985, 'PRT0984', 'Wheel Bearing', NULL, 'Other', 18, 'Shelf B12', 18712.00, NULL, 17, 'Toyota Hilux', 17, 439, 1),
(986, 'PRT0985', 'Spark Plug', NULL, 'Other', 172, 'Shelf F5', 8523.00, NULL, 9, 'Honda Fit', 1, 18, 1),
(987, 'PRT0986', 'CV Joint', NULL, 'Other', 197, 'Shelf E7', 18199.00, NULL, 10, 'Mazda Demio', 11, 391, 1),
(988, 'PRT0987', 'Headlamp', NULL, 'Other', 143, 'Shelf G6', 20494.00, NULL, 9, 'Honda Fit', 8, 332, 1),
(989, 'PRT0988', 'Oil Filter', NULL, 'Other', 130, 'Shelf H12', 15343.00, NULL, 17, 'Honda Fit', 11, 292, 1),
(990, 'PRT0989', 'Alternator', NULL, 'Other', 11, 'Shelf D16', 7080.00, NULL, 15, 'Toyota Hilux', 20, 221, 1),
(991, 'PRT0990', 'Wheel Bearing', NULL, 'Other', 191, 'Shelf H8', 13172.00, NULL, 13, 'Honda Fit', 11, 108, 1),
(992, 'PRT0991', 'Timing Belt', NULL, 'Other', 19, 'Shelf B10', 17152.00, NULL, 20, 'Subaru Forester', 12, 297, 1),
(993, 'PRT0992', 'Fuel Filter', NULL, 'Other', 10, 'Shelf B10', 9229.00, NULL, 20, 'Toyota Hilux', 12, 210, 1),
(994, 'PRT0993', 'Starter Motor', NULL, 'Other', 33, 'Shelf C17', 18810.00, NULL, 15, 'VW Golf', 11, 349, 1),
(995, 'PRT0994', 'Brake Disc', NULL, 'Other', 51, 'Shelf E7', 3568.00, NULL, 9, 'Mitsubishi L200', 17, 32, 1),
(996, 'PRT0995', 'Clutch Kit', NULL, 'Other', 175, 'Shelf H10', 9406.00, NULL, 8, 'VW Golf', 2, 379, 1),
(997, 'PRT0996', 'Shock Absorber', NULL, 'Other', 173, 'Shelf E13', 13063.00, NULL, 7, 'VW Golf', 16, 385, 1),
(998, 'PRT0997', 'Air Filter', NULL, 'Other', 103, 'Shelf D15', 20022.00, NULL, 19, 'VW Golf', 16, 168, 1),
(999, 'PRT0998', 'Fuel Filter', NULL, 'Other', 46, 'Shelf E14', 17285.00, NULL, 12, 'Nissan X-Trail', 4, 383, 1),
(1000, 'PRT0999', 'Shock Absorber', NULL, 'Other', 184, 'Shelf G7', 19039.00, NULL, 15, 'Honda Fit', 11, 446, 1),
(1001, 'PRT1000', 'Brake Disc', NULL, 'Other', 181, 'Shelf G14', 2380.00, NULL, 6, 'Nissan X-Trail', 14, 307, 1),
(1002, 'PRT1001', 'Oil Filter', NULL, 'Other', 71, 'Shelf A20', 5560.00, NULL, 9, 'Isuzu D-Max', 9, 57, 1),
(1003, 'PRT1002', 'Side Mirror', NULL, 'Other', 101, 'Shelf E19', 4784.00, NULL, 8, 'Honda Fit', 6, 459, 1),
(1004, 'PRT1003', 'Radiator', NULL, 'Other', 130, 'Shelf C5', 15668.00, NULL, 19, 'Subaru Forester', 20, 325, 1),
(1005, 'PRT1004', 'Air Filter', NULL, 'Other', 58, 'Shelf A15', 10370.00, NULL, 8, 'Toyota Corolla', 5, 162, 1),
(1006, 'PRT1005', 'Fuel Filter', NULL, 'Other', 70, 'Shelf B3', 21863.00, NULL, 18, 'Mazda Demio', 3, 305, 1),
(1007, 'PRT1006', 'CV Joint', NULL, 'Other', 117, 'Shelf G19', 21651.00, NULL, 8, 'Mitsubishi L200', 20, 469, 1),
(1008, 'PRT1007', 'Starter Motor', NULL, 'Other', 118, 'Shelf H4', 19491.00, NULL, 7, 'Toyota Corolla', 5, 82, 1),
(1009, 'PRT1008', 'Radiator', NULL, 'Other', 155, 'Shelf A1', 5091.00, NULL, 9, 'Mitsubishi L200', 13, 22, 1),
(1010, 'PRT1009', 'Timing Belt', NULL, 'Other', 31, 'Shelf A15', 10468.00, NULL, 20, 'Nissan X-Trail', 3, 176, 1),
(1011, 'PRT1010', 'Tail Lamp', NULL, 'Other', 12, 'Shelf C13', 6589.00, NULL, 18, 'Nissan X-Trail', 9, 256, 1),
(1012, 'PRT1011', 'Side Mirror', NULL, 'Other', 187, 'Shelf F8', 23876.00, NULL, 12, 'VW Golf', 1, 401, 1),
(1013, 'PRT1012', 'Side Mirror', NULL, 'Other', 68, 'Shelf D6', 17418.00, NULL, 5, 'Toyota Hilux', 7, 119, 1),
(1014, 'PRT1013', 'Radiator', NULL, 'Other', 69, 'Shelf C12', 7395.00, NULL, 9, 'Nissan X-Trail', 8, 21, 1),
(1015, 'PRT1014', 'Headlamp', NULL, 'Other', 182, 'Shelf B13', 13115.00, NULL, 19, 'Ford Ranger', 16, 227, 1),
(1016, 'PRT1015', 'Brake Pad', NULL, 'Other', 196, 'Shelf G19', 18319.00, NULL, 6, 'Mitsubishi L200', 7, 57, 1),
(1017, 'PRT1016', 'CV Joint', NULL, 'Other', 63, 'Shelf B9', 4238.00, NULL, 17, 'Toyota Hilux', 3, 453, 1),
(1018, 'PRT1017', 'Alternator', NULL, 'Other', 106, 'Shelf H17', 8575.00, NULL, 13, 'Nissan X-Trail', 13, 378, 1),
(1019, 'PRT1018', 'Tail Lamp', NULL, 'Other', 89, 'Shelf H14', 11958.00, NULL, 20, 'Ford Ranger', 7, 126, 1),
(1020, 'PRT1019', 'CV Joint', NULL, 'Other', 137, 'Shelf B4', 5726.00, NULL, 10, 'Ford Ranger', 16, 93, 1),
(1021, 'PRT1020', 'CV Joint', NULL, 'Other', 77, 'Shelf C11', 12917.00, NULL, 15, 'Honda Fit', 3, 289, 1),
(1022, 'PRT1021', 'Drive Belt', NULL, 'Other', 33, 'Shelf B14', 22285.00, NULL, 8, 'Ford Ranger', 13, 151, 1),
(1023, 'PRT1022', 'Brake Disc', NULL, 'Other', 134, 'Shelf B2', 711.00, NULL, 8, 'Subaru Forester', 13, 164, 1),
(1024, 'PRT1023', 'Timing Belt', NULL, 'Other', 107, 'Shelf E5', 20114.00, NULL, 15, 'Nissan X-Trail', 4, 55, 1),
(1025, 'PRT1024', 'CV Joint', NULL, 'Other', 161, 'Shelf G1', 1606.00, NULL, 17, 'Mitsubishi L200', 12, 200, 1),
(1026, 'PRT1025', 'Brake Pad', NULL, 'Other', 126, 'Shelf B5', 3009.00, NULL, 11, 'Toyota Corolla', 16, 29, 1),
(1027, 'PRT1026', 'Oil Filter', NULL, 'Other', 17, 'Shelf B19', 10806.00, NULL, 15, 'Ford Ranger', 1, 455, 1),
(1028, 'PRT1027', 'Fuel Filter', NULL, 'Other', 167, 'Shelf F10', 11236.00, NULL, 15, 'VW Golf', 18, 82, 1),
(1029, 'PRT1028', 'Water Pump', NULL, 'Other', 167, 'Shelf H17', 8556.00, NULL, 19, 'Mitsubishi L200', 18, 431, 1),
(1030, 'PRT1029', 'Water Pump', NULL, 'Other', 25, 'Shelf B9', 20329.00, NULL, 11, 'Mitsubishi L200', 10, 224, 1),
(1031, 'PRT1030', 'Battery', NULL, 'Other', 64, 'Shelf F5', 22896.00, NULL, 14, 'Isuzu D-Max', 16, 44, 1),
(1032, 'PRT1031', 'Air Filter', NULL, 'Other', 89, 'Shelf H13', 16787.00, NULL, 15, 'Ford Ranger', 11, 92, 1),
(1033, 'PRT1032', 'Wheel Bearing', NULL, 'Other', 64, 'Shelf D16', 3094.00, NULL, 12, 'Isuzu D-Max', 12, 30, 1),
(1034, 'PRT1033', 'Brake Pad', NULL, 'Other', 96, 'Shelf F7', 9600.00, NULL, 19, 'Isuzu D-Max', 10, 329, 1),
(1035, 'PRT1034', 'Brake Disc', NULL, 'Other', 24, 'Shelf G18', 5353.00, NULL, 6, 'Isuzu D-Max', 20, 358, 1),
(1036, 'PRT1035', 'Alternator', NULL, 'Other', 140, 'Shelf E6', 4948.00, NULL, 14, 'Nissan X-Trail', 2, 279, 1),
(1037, 'PRT1036', 'Wheel Bearing', NULL, 'Other', 147, 'Shelf G12', 1768.00, NULL, 13, 'Toyota Hilux', 2, 95, 1),
(1038, 'PRT1037', 'Air Filter', NULL, 'Other', 102, 'Shelf A20', 14169.00, NULL, 16, 'Isuzu D-Max', 13, 41, 1),
(1039, 'PRT1038', 'Brake Disc', NULL, 'Other', 141, 'Shelf C1', 18260.00, NULL, 14, 'Honda Fit', 18, 43, 1),
(1040, 'PRT1039', 'Oil Filter', NULL, 'Other', 196, 'Shelf A17', 17903.00, NULL, 15, 'Honda Fit', 4, 339, 1),
(1041, 'PRT1040', 'Wheel Bearing', NULL, 'Other', 148, 'Shelf A14', 10974.00, NULL, 5, 'VW Golf', 2, 223, 1),
(1042, 'PRT1041', 'Starter Motor', NULL, 'Other', 193, 'Shelf H5', 3127.00, NULL, 10, 'Honda Fit', 6, 296, 1),
(1043, 'PRT1042', 'Headlamp', NULL, 'Other', 89, 'Shelf A9', 10074.00, NULL, 13, 'Mazda Demio', 1, 31, 1),
(1044, 'PRT1043', 'Brake Disc', NULL, 'Other', 56, 'Shelf G13', 17898.00, NULL, 19, 'Subaru Forester', 11, 60, 1),
(1045, 'PRT1044', 'Alternator', NULL, 'Other', 134, 'Shelf A8', 4959.00, NULL, 7, 'VW Golf', 9, 131, 1),
(1046, 'PRT1045', 'Fuel Filter', NULL, 'Other', 164, 'Shelf H3', 20551.00, NULL, 16, 'Toyota Corolla', 13, 388, 1),
(1047, 'PRT1046', 'Clutch Kit', NULL, 'Other', 174, 'Shelf G15', 22169.00, NULL, 11, 'Toyota Corolla', 6, 66, 1),
(1048, 'PRT1047', 'Alternator', NULL, 'Other', 118, 'Shelf G20', 23471.00, NULL, 13, 'Mazda Demio', 19, 29, 1),
(1049, 'PRT1048', 'Brake Pad', NULL, 'Other', 47, 'Shelf D11', 22060.00, NULL, 15, 'Toyota Corolla', 3, 414, 1),
(1050, 'PRT1049', 'Battery', NULL, 'Other', 112, 'Shelf A13', 20289.00, NULL, 17, 'VW Golf', 19, 269, 1),
(1051, 'PRT1050', 'Water Pump', NULL, 'Other', 184, 'Shelf A6', 19766.00, NULL, 14, 'Mazda Demio', 5, 259, 1),
(1052, 'PRT1051', 'Alternator', NULL, 'Other', 179, 'Shelf E7', 15918.00, NULL, 9, 'Toyota Corolla', 6, 224, 1),
(1053, 'PRT1052', 'Timing Belt', NULL, 'Other', 176, 'Shelf D6', 12778.00, NULL, 11, 'Ford Ranger', 2, 52, 1),
(1054, 'PRT1053', 'Spark Plug', NULL, 'Other', 52, 'Shelf A7', 12484.00, NULL, 7, 'Isuzu D-Max', 6, 411, 1),
(1055, 'PRT1054', 'Air Filter', NULL, 'Other', 181, 'Shelf D14', 18570.00, NULL, 12, 'Nissan X-Trail', 1, 288, 1),
(1056, 'PRT1055', 'Oil Filter', NULL, 'Other', 84, 'Shelf C6', 14524.00, NULL, 9, 'Toyota Corolla', 16, 446, 1),
(1057, 'PRT1056', 'Alternator', NULL, 'Other', 128, 'Shelf C10', 8549.00, NULL, 17, 'Honda Fit', 11, 7, 1),
(1058, 'PRT1057', 'Clutch Kit', NULL, 'Other', 25, 'Shelf F12', 12372.00, NULL, 16, 'Nissan X-Trail', 6, 193, 1),
(1059, 'PRT1058', 'Fuel Filter', NULL, 'Other', 193, 'Shelf B7', 8885.00, NULL, 7, 'Toyota Hilux', 16, 416, 1),
(1060, 'PRT1059', 'Air Filter', NULL, 'Other', 102, 'Shelf F2', 6117.00, NULL, 17, 'Nissan X-Trail', 9, 39, 1),
(1061, 'PRT1060', 'Spark Plug', NULL, 'Other', 162, 'Shelf H18', 20208.00, NULL, 8, 'Isuzu D-Max', 7, 201, 1),
(1062, 'PRT1061', 'CV Joint', NULL, 'Other', 51, 'Shelf G4', 22886.00, NULL, 15, 'Toyota Hilux', 8, 97, 1),
(1063, 'PRT1062', 'CV Joint', NULL, 'Other', 172, 'Shelf A14', 12631.00, NULL, 10, 'Toyota Hilux', 11, 24, 1),
(1064, 'PRT1063', 'Brake Pad', NULL, 'Other', 18, 'Shelf C6', 21510.00, NULL, 12, 'Mitsubishi L200', 9, 211, 1),
(1065, 'PRT1064', 'Radiator', NULL, 'Other', 189, 'Shelf F12', 16509.00, NULL, 12, 'Mitsubishi L200', 2, 139, 1),
(1066, 'PRT1065', 'Shock Absorber', NULL, 'Other', 48, 'Shelf B8', 23577.00, NULL, 16, 'Ford Ranger', 12, 279, 1),
(1067, 'PRT1066', 'Headlamp', NULL, 'Other', 123, 'Shelf H6', 4207.00, NULL, 10, 'Ford Ranger', 18, 213, 1),
(1068, 'PRT1067', 'Brake Pad', NULL, 'Other', 81, 'Shelf D8', 16474.00, NULL, 10, 'Nissan X-Trail', 6, 89, 1),
(1069, 'PRT1068', 'Starter Motor', NULL, 'Other', 72, 'Shelf B4', 24286.00, NULL, 18, 'Toyota Hilux', 18, 396, 1),
(1070, 'PRT1069', 'Oil Filter', NULL, 'Other', 102, 'Shelf C5', 21625.00, NULL, 16, 'Isuzu D-Max', 12, 191, 1),
(1071, 'PRT1070', 'Air Filter', NULL, 'Other', 142, 'Shelf C9', 22448.00, NULL, 19, 'Nissan X-Trail', 20, 401, 1),
(1072, 'PRT1071', 'Clutch Kit', NULL, 'Other', 22, 'Shelf A8', 8268.00, NULL, 8, 'Ford Ranger', 20, 99, 1),
(1073, 'PRT1072', 'Brake Pad', NULL, 'Other', 11, 'Shelf E16', 8168.00, NULL, 8, 'Toyota Corolla', 17, 32, 1),
(1074, 'PRT1073', 'Brake Pad', NULL, 'Other', 148, 'Shelf E6', 22571.00, NULL, 20, 'Toyota Hilux', 8, 62, 1),
(1075, 'PRT1074', 'CV Joint', NULL, 'Other', 178, 'Shelf H5', 5042.00, NULL, 9, 'Honda Fit', 20, 375, 1),
(1076, 'PRT1075', 'Timing Belt', NULL, 'Other', 27, 'Shelf E14', 6734.00, NULL, 9, 'Toyota Corolla', 6, 65, 1),
(1077, 'PRT1076', 'Battery', NULL, 'Other', 132, 'Shelf D18', 21781.00, NULL, 20, 'Toyota Hilux', 4, 441, 1),
(1078, 'PRT1077', 'Spark Plug', NULL, 'Other', 186, 'Shelf B8', 8314.00, NULL, 16, 'Ford Ranger', 5, 177, 1),
(1079, 'PRT1078', 'Drive Belt', NULL, 'Other', 156, 'Shelf B14', 15017.00, NULL, 17, 'Toyota Hilux', 10, 172, 1),
(1080, 'PRT1079', 'Battery', NULL, 'Other', 9, 'Shelf D8', 2757.00, NULL, 18, 'Subaru Forester', 20, 313, 1),
(1081, 'PRT1080', 'Clutch Kit', NULL, 'Other', 69, 'Shelf A16', 19133.00, NULL, 16, 'Isuzu D-Max', 2, 434, 1),
(1082, 'PRT1081', 'Tail Lamp', NULL, 'Other', 136, 'Shelf G13', 3793.00, NULL, 9, 'Ford Ranger', 2, 88, 1),
(1083, 'PRT1082', 'Tail Lamp', NULL, 'Other', 179, 'Shelf G4', 7775.00, NULL, 20, 'Toyota Hilux', 5, 13, 1),
(1084, 'PRT1083', 'Brake Disc', NULL, 'Other', 161, 'Shelf C18', 6608.00, NULL, 5, 'Mazda Demio', 15, 399, 1),
(1085, 'PRT1084', 'Alternator', NULL, 'Other', 118, 'Shelf F2', 5569.00, NULL, 12, 'Honda Fit', 15, 138, 1),
(1086, 'PRT1085', 'Oil Filter', NULL, 'Other', 183, 'Shelf A12', 11803.00, NULL, 6, 'Isuzu D-Max', 2, 500, 1),
(1087, 'PRT1086', 'Air Filter', NULL, 'Other', 144, 'Shelf C9', 14617.00, NULL, 17, 'Ford Ranger', 10, 229, 1),
(1088, 'PRT1087', 'Alternator', NULL, 'Other', 83, 'Shelf F8', 17869.00, NULL, 11, 'VW Golf', 4, 403, 1),
(1089, 'PRT1088', 'Alternator', NULL, 'Other', 52, 'Shelf B11', 24662.00, NULL, 9, 'Subaru Forester', 17, 32, 1),
(1090, 'PRT1089', 'Air Filter', NULL, 'Other', 89, 'Shelf E18', 13773.00, NULL, 20, 'Mitsubishi L200', 7, 324, 1),
(1091, 'PRT1090', 'Spark Plug', NULL, 'Other', 176, 'Shelf B3', 4245.00, NULL, 5, 'Isuzu D-Max', 19, 397, 1),
(1092, 'PRT1091', 'Shock Absorber', NULL, 'Other', 150, 'Shelf D18', 4299.00, NULL, 9, 'Mitsubishi L200', 9, 461, 1),
(1093, 'PRT1092', 'Brake Disc', NULL, 'Other', 49, 'Shelf E3', 18397.00, NULL, 10, 'VW Golf', 8, 217, 1),
(1094, 'PRT1093', 'Headlamp', NULL, 'Other', 187, 'Shelf C9', 19356.00, NULL, 14, 'Ford Ranger', 1, 91, 1),
(1095, 'PRT1094', 'Wheel Bearing', NULL, 'Other', 60, 'Shelf H6', 4656.00, NULL, 12, 'Isuzu D-Max', 14, 267, 1),
(1096, 'PRT1095', 'CV Joint', NULL, 'Other', 53, 'Shelf H4', 22345.00, NULL, 11, 'Isuzu D-Max', 10, 491, 1),
(1097, 'PRT1096', 'Brake Pad', NULL, 'Other', 150, 'Shelf F13', 9158.00, NULL, 12, 'Mitsubishi L200', 7, 337, 1),
(1098, 'PRT1097', 'Headlamp', NULL, 'Other', 106, 'Shelf E11', 24222.00, NULL, 13, 'Honda Fit', 20, 26, 1),
(1099, 'PRT1098', 'Oil Filter', NULL, 'Other', 166, 'Shelf B5', 21633.00, NULL, 15, 'Isuzu D-Max', 19, 378, 1),
(1100, 'PRT1099', 'Brake Disc', NULL, 'Other', 64, 'Shelf C15', 886.00, NULL, 13, 'Honda Fit', 12, 347, 1),
(1101, 'PRT1100', 'Spark Plug', NULL, 'Other', 149, 'Shelf F15', 2018.00, NULL, 15, 'Ford Ranger', 11, 257, 1),
(1102, 'PRT1101', 'Timing Belt', NULL, 'Other', 65, 'Shelf F5', 7528.00, NULL, 13, 'Toyota Hilux', 1, 471, 1),
(1103, 'PRT1102', 'Tail Lamp', NULL, 'Other', 156, 'Shelf G6', 4748.00, NULL, 5, 'Toyota Hilux', 11, 62, 1),
(1104, 'PRT1103', 'Headlamp', NULL, 'Other', 69, 'Shelf C4', 9416.00, NULL, 10, 'VW Golf', 13, 240, 1),
(1105, 'PRT1104', 'Alternator', NULL, 'Other', 199, 'Shelf C4', 15011.00, NULL, 19, 'Mazda Demio', 19, 255, 1),
(1106, 'PRT1105', 'Drive Belt', NULL, 'Other', 121, 'Shelf D11', 14281.00, NULL, 13, 'VW Golf', 6, 38, 1),
(1107, 'PRT1106', 'Water Pump', NULL, 'Other', 54, 'Shelf B4', 19902.00, NULL, 14, 'Honda Fit', 4, 90, 1),
(1108, 'PRT1107', 'Battery', NULL, 'Other', 39, 'Shelf G14', 3872.00, NULL, 7, 'Subaru Forester', 9, 214, 1),
(1109, 'PRT1108', 'Tail Lamp', NULL, 'Other', 95, 'Shelf B20', 11810.00, NULL, 15, 'Ford Ranger', 19, 47, 1),
(1110, 'PRT1109', 'Starter Motor', NULL, 'Other', 105, 'Shelf C7', 19536.00, NULL, 18, 'Toyota Hilux', 11, 297, 1),
(1111, 'PRT1110', 'Shock Absorber', NULL, 'Other', 94, 'Shelf C13', 8461.00, NULL, 15, 'Toyota Corolla', 11, 278, 1),
(1112, 'PRT1111', 'CV Joint', NULL, 'Other', 145, 'Shelf H1', 1757.00, NULL, 19, 'Toyota Corolla', 12, 29, 1),
(1113, 'PRT1112', 'Brake Disc', NULL, 'Other', 43, 'Shelf E8', 14938.00, NULL, 7, 'Ford Ranger', 11, 486, 1),
(1114, 'PRT1113', 'Starter Motor', NULL, 'Other', 43, 'Shelf A15', 10355.00, NULL, 5, 'Toyota Hilux', 3, 412, 1),
(1115, 'PRT1114', 'Oil Filter', NULL, 'Other', 173, 'Shelf E15', 23919.00, NULL, 7, 'Mazda Demio', 5, 43, 1),
(1116, 'PRT1115', 'Headlamp', NULL, 'Other', 183, 'Shelf B2', 16679.00, NULL, 17, 'Toyota Corolla', 11, 40, 1),
(1117, 'PRT1116', 'Headlamp', NULL, 'Other', 83, 'Shelf A13', 5381.00, NULL, 9, 'Subaru Forester', 20, 489, 1),
(1118, 'PRT1117', 'Brake Disc', NULL, 'Other', 168, 'Shelf E18', 16551.00, NULL, 6, 'Honda Fit', 6, 425, 1),
(1119, 'PRT1118', 'Wheel Bearing', NULL, 'Other', 78, 'Shelf G13', 4221.00, NULL, 15, 'Ford Ranger', 9, 51, 1),
(1120, 'PRT1119', 'CV Joint', NULL, 'Other', 162, 'Shelf G12', 22515.00, NULL, 12, 'Mazda Demio', 9, 295, 1),
(1121, 'PRT1120', 'Drive Belt', NULL, 'Other', 156, 'Shelf C16', 9735.00, NULL, 15, 'Toyota Corolla', 13, 461, 1),
(1122, 'PRT1121', 'Air Filter', NULL, 'Other', 8, 'Shelf B16', 5254.00, NULL, 10, 'Subaru Forester', 20, 94, 1),
(1123, 'PRT1122', 'Battery', NULL, 'Other', 194, 'Shelf F15', 22250.00, NULL, 5, 'VW Golf', 11, 105, 1),
(1124, 'PRT1123', 'Headlamp', NULL, 'Other', 141, 'Shelf F18', 6416.00, NULL, 17, 'Toyota Hilux', 15, 55, 1),
(1125, 'PRT1124', 'Timing Belt', NULL, 'Other', 192, 'Shelf B20', 1159.00, NULL, 18, 'Nissan X-Trail', 20, 17, 1),
(1126, 'PRT1125', 'Clutch Kit', NULL, 'Other', 96, 'Shelf G16', 22136.00, NULL, 16, 'Honda Fit', 8, 46, 1),
(1127, 'PRT1126', 'Starter Motor', NULL, 'Other', 125, 'Shelf C15', 24552.00, NULL, 12, 'Mitsubishi L200', 1, 325, 1),
(1128, 'PRT1127', 'Air Filter', NULL, 'Other', 186, 'Shelf A9', 4443.00, NULL, 5, 'Honda Fit', 6, 69, 1),
(1129, 'PRT1128', 'Brake Pad', NULL, 'Other', 107, 'Shelf A16', 5869.00, NULL, 15, 'Subaru Forester', 14, 322, 1),
(1130, 'PRT1129', 'Wheel Bearing', NULL, 'Other', 23, 'Shelf F6', 840.00, NULL, 18, 'Ford Ranger', 19, 160, 1),
(1131, 'PRT1130', 'Spark Plug', NULL, 'Other', 131, 'Shelf G17', 16394.00, NULL, 18, 'Toyota Hilux', 20, 37, 1),
(1132, 'PRT1131', 'Drive Belt', NULL, 'Other', 86, 'Shelf H14', 8669.00, NULL, 18, 'Toyota Hilux', 5, 122, 1),
(1133, 'PRT1132', 'Side Mirror', NULL, 'Other', 123, 'Shelf D19', 14231.00, NULL, 10, 'Nissan X-Trail', 4, 484, 1),
(1134, 'PRT1133', 'Clutch Kit', NULL, 'Other', 79, 'Shelf D10', 17160.00, NULL, 20, 'Toyota Hilux', 5, 8, 1),
(1135, 'PRT1134', 'Side Mirror', NULL, 'Other', 90, 'Shelf C7', 1872.00, NULL, 20, 'Toyota Hilux', 12, 254, 1),
(1136, 'PRT1135', 'Brake Disc', NULL, 'Other', 80, 'Shelf H16', 7191.00, NULL, 19, 'Isuzu D-Max', 13, 278, 1),
(1137, 'PRT1136', 'Tail Lamp', NULL, 'Other', 49, 'Shelf A18', 23379.00, NULL, 20, 'Honda Fit', 9, 66, 1),
(1138, 'PRT1137', 'Alternator', NULL, 'Other', 104, 'Shelf A11', 24319.00, NULL, 10, 'Nissan X-Trail', 16, 386, 1),
(1139, 'PRT1138', 'Timing Belt', NULL, 'Other', 137, 'Shelf E15', 20029.00, NULL, 9, 'Honda Fit', 18, 284, 1),
(1140, 'PRT1139', 'Headlamp', NULL, 'Other', 159, 'Shelf F11', 17985.00, NULL, 14, 'Subaru Forester', 3, 174, 1),
(1141, 'PRT1140', 'Radiator', NULL, 'Other', 45, 'Shelf E8', 11188.00, NULL, 20, 'Ford Ranger', 14, 405, 1),
(1142, 'PRT1141', 'Shock Absorber', NULL, 'Other', 34, 'Shelf G6', 1296.00, NULL, 10, 'Nissan X-Trail', 17, 225, 1),
(1143, 'PRT1142', 'Side Mirror', NULL, 'Other', 142, 'Shelf C8', 19999.00, NULL, 12, 'Ford Ranger', 4, 36, 1),
(1144, 'PRT1143', 'Side Mirror', NULL, 'Other', 121, 'Shelf D6', 24427.00, NULL, 7, 'Mitsubishi L200', 17, 174, 1),
(1145, 'PRT1144', 'Brake Disc', NULL, 'Other', 110, 'Shelf H12', 5884.00, NULL, 5, 'Mazda Demio', 9, 419, 1),
(1146, 'PRT1145', 'Alternator', NULL, 'Other', 135, 'Shelf G15', 18762.00, NULL, 11, 'Mazda Demio', 2, 361, 1),
(1147, 'PRT1146', 'Timing Belt', NULL, 'Other', 179, 'Shelf D5', 20753.00, NULL, 10, 'Ford Ranger', 10, 175, 1),
(1148, 'PRT1147', 'Oil Filter', NULL, 'Other', 131, 'Shelf E10', 17800.00, NULL, 12, 'Ford Ranger', 10, 337, 1),
(1149, 'PRT1148', 'Alternator', NULL, 'Other', 151, 'Shelf D7', 8660.00, NULL, 16, 'VW Golf', 9, 496, 1),
(1150, 'PRT1149', 'CV Joint', NULL, 'Other', 20, 'Shelf B18', 4930.00, NULL, 10, 'Subaru Forester', 3, 328, 1),
(1151, 'PRT1150', 'Air Filter', NULL, 'Other', 144, 'Shelf D20', 13204.00, NULL, 17, 'Subaru Forester', 5, 409, 1),
(1152, 'PRT1151', 'Side Mirror', NULL, 'Other', 153, 'Shelf C15', 17657.00, NULL, 12, 'VW Golf', 2, 146, 1),
(1153, 'PRT1152', 'Wheel Bearing', NULL, 'Other', 37, 'Shelf E9', 24527.00, NULL, 5, 'Ford Ranger', 8, 434, 1),
(1154, 'PRT1153', 'Wheel Bearing', NULL, 'Other', 20, 'Shelf C8', 7785.00, NULL, 7, 'Mitsubishi L200', 15, 482, 1),
(1155, 'PRT1154', 'Shock Absorber', NULL, 'Other', 80, 'Shelf E4', 3646.00, NULL, 20, 'Honda Fit', 2, 133, 1),
(1156, 'PRT1155', 'Shock Absorber', NULL, 'Other', 32, 'Shelf A10', 16149.00, NULL, 14, 'Ford Ranger', 7, 306, 1),
(1157, 'PRT1156', 'Wheel Bearing', NULL, 'Other', 61, 'Shelf C18', 12663.00, NULL, 10, 'Toyota Hilux', 7, 169, 1),
(1158, 'PRT1157', 'Drive Belt', NULL, 'Other', 29, 'Shelf H13', 15570.00, NULL, 7, 'VW Golf', 2, 393, 1),
(1159, 'PRT1158', 'Fuel Filter', NULL, 'Other', 13, 'Shelf D7', 6475.00, NULL, 5, 'Isuzu D-Max', 20, 350, 1),
(1160, 'PRT1159', 'Radiator', NULL, 'Other', 185, 'Shelf C15', 21921.00, NULL, 5, 'Ford Ranger', 9, 101, 1),
(1161, 'PRT1160', 'Brake Pad', NULL, 'Other', 171, 'Shelf D18', 5951.00, NULL, 6, 'Nissan X-Trail', 2, 25, 1),
(1162, 'PRT1161', 'Tail Lamp', NULL, 'Other', 40, 'Shelf D16', 23985.00, NULL, 18, 'Nissan X-Trail', 8, 261, 1),
(1163, 'PRT1162', 'Oil Filter', NULL, 'Other', 69, 'Shelf G20', 12036.00, NULL, 15, 'VW Golf', 1, 101, 1),
(1164, 'PRT1163', 'Spark Plug', NULL, 'Other', 125, 'Shelf G10', 18304.00, NULL, 11, 'Mazda Demio', 4, 187, 1),
(1165, 'PRT1164', 'Wheel Bearing', NULL, 'Other', 176, 'Shelf B19', 1368.00, NULL, 20, 'Honda Fit', 4, 102, 1),
(1166, 'PRT1165', 'Radiator', NULL, 'Other', 129, 'Shelf A6', 23264.00, NULL, 18, 'Toyota Hilux', 7, 464, 1),
(1167, 'PRT1166', 'Alternator', NULL, 'Other', 106, 'Shelf E2', 2386.00, NULL, 5, 'Ford Ranger', 2, 361, 1),
(1168, 'PRT1167', 'Battery', NULL, 'Other', 57, 'Shelf D3', 23105.00, NULL, 18, 'Mazda Demio', 18, 123, 1),
(1169, 'PRT1168', 'Spark Plug', NULL, 'Other', 39, 'Shelf E6', 696.00, NULL, 16, 'Mitsubishi L200', 8, 236, 1),
(1170, 'PRT1169', 'Air Filter', NULL, 'Other', 158, 'Shelf C3', 17280.00, NULL, 19, 'Toyota Corolla', 7, 320, 1),
(1171, 'PRT1170', 'Brake Pad', NULL, 'Other', 23, 'Shelf E14', 20814.00, NULL, 9, 'Honda Fit', 20, 285, 1),
(1172, 'PRT1171', 'Starter Motor', NULL, 'Other', 185, 'Shelf C14', 4530.00, NULL, 8, 'Toyota Hilux', 18, 69, 1),
(1173, 'PRT1172', 'Alternator', NULL, 'Other', 76, 'Shelf F6', 16721.00, NULL, 20, 'Honda Fit', 18, 226, 1),
(1174, 'PRT1173', 'Timing Belt', NULL, 'Other', 139, 'Shelf B5', 7212.00, NULL, 5, 'Mitsubishi L200', 14, 244, 1),
(1175, 'PRT1174', 'Brake Pad', NULL, 'Other', 141, 'Shelf H11', 2128.00, NULL, 8, 'Mazda Demio', 10, 487, 1),
(1176, 'PRT1175', 'Alternator', NULL, 'Other', 92, 'Shelf E13', 1936.00, NULL, 15, 'Mitsubishi L200', 9, 211, 1),
(1177, 'PRT1176', 'Shock Absorber', NULL, 'Other', 91, 'Shelf B6', 11337.00, NULL, 19, 'Mitsubishi L200', 4, 466, 1),
(1178, 'PRT1177', 'Drive Belt', NULL, 'Other', 140, 'Shelf G9', 8456.00, NULL, 7, 'VW Golf', 3, 320, 1),
(1179, 'PRT1178', 'Clutch Kit', NULL, 'Other', 194, 'Shelf B9', 5678.00, NULL, 7, 'Nissan X-Trail', 4, 492, 1),
(1180, 'PRT1179', 'Brake Disc', NULL, 'Other', 192, 'Shelf D15', 6547.00, NULL, 17, 'Mazda Demio', 19, 195, 1),
(1181, 'PRT1180', 'Brake Pad', NULL, 'Other', 22, 'Shelf H1', 19682.00, NULL, 8, 'Nissan X-Trail', 4, 34, 1),
(1182, 'PRT1181', 'Spark Plug', NULL, 'Other', 63, 'Shelf H13', 16965.00, NULL, 13, 'Isuzu D-Max', 5, 383, 1),
(1183, 'PRT1182', 'Radiator', NULL, 'Other', 74, 'Shelf A5', 20391.00, NULL, 8, 'Toyota Hilux', 8, 164, 1),
(1184, 'PRT1183', 'Brake Disc', NULL, 'Other', 166, 'Shelf B6', 17647.00, NULL, 20, 'Mitsubishi L200', 19, 421, 1),
(1185, 'PRT1184', 'Side Mirror', NULL, 'Other', 179, 'Shelf F14', 23513.00, NULL, 8, 'Mazda Demio', 11, 484, 1),
(1186, 'PRT1185', 'Radiator', NULL, 'Other', 52, 'Shelf E2', 1323.00, NULL, 8, 'Isuzu D-Max', 18, 379, 1),
(1187, 'PRT1186', 'Side Mirror', NULL, 'Other', 23, 'Shelf B6', 10539.00, NULL, 18, 'Mitsubishi L200', 12, 477, 1),
(1188, 'PRT1187', 'Drive Belt', NULL, 'Other', 151, 'Shelf B16', 21129.00, NULL, 13, 'Ford Ranger', 15, 20, 1),
(1189, 'PRT1188', 'Battery', NULL, 'Other', 121, 'Shelf D20', 14064.00, NULL, 13, 'Isuzu D-Max', 16, 190, 1),
(1190, 'PRT1189', 'Tail Lamp', NULL, 'Other', 49, 'Shelf D10', 23770.00, NULL, 10, 'Mitsubishi L200', 7, 338, 1),
(1191, 'PRT1190', 'Starter Motor', NULL, 'Other', 21, 'Shelf E3', 14755.00, NULL, 13, 'Honda Fit', 19, 315, 1),
(1192, 'PRT1191', 'Shock Absorber', NULL, 'Other', 142, 'Shelf E13', 18973.00, NULL, 20, 'Mazda Demio', 3, 47, 1),
(1193, 'PRT1192', 'Air Filter', NULL, 'Other', 134, 'Shelf E5', 7965.00, NULL, 9, 'VW Golf', 10, 383, 1),
(1194, 'PRT1193', 'Fuel Filter', NULL, 'Other', 143, 'Shelf G16', 9259.00, NULL, 14, 'Nissan X-Trail', 14, 473, 1),
(1195, 'PRT1194', 'Timing Belt', NULL, 'Other', 23, 'Shelf A9', 23485.00, NULL, 17, 'Mitsubishi L200', 19, 382, 1),
(1196, 'PRT1195', 'Timing Belt', NULL, 'Other', 144, 'Shelf G4', 13652.00, NULL, 17, 'Nissan X-Trail', 5, 114, 1),
(1197, 'PRT1196', 'Tail Lamp', NULL, 'Other', 189, 'Shelf G12', 963.00, NULL, 16, 'Subaru Forester', 16, 378, 1),
(1198, 'PRT1197', 'Side Mirror', NULL, 'Other', 195, 'Shelf A18', 1042.00, NULL, 10, 'Ford Ranger', 16, 21, 1),
(1199, 'PRT1198', 'Shock Absorber', NULL, 'Other', 31, 'Shelf D16', 15642.00, NULL, 7, 'Isuzu D-Max', 8, 430, 1),
(1200, 'PRT1199', 'Shock Absorber', NULL, 'Other', 140, 'Shelf C3', 18666.00, NULL, 12, 'Isuzu D-Max', 11, 115, 1),
(1201, 'PRT1200', 'Oil Filter', NULL, 'Other', 163, 'Shelf G9', 9700.00, NULL, 14, 'VW Golf', 12, 458, 1),
(1202, 'PRT1201', 'Drive Belt', NULL, 'Other', 14, 'Shelf A18', 6167.00, NULL, 14, 'Isuzu D-Max', 11, 262, 1),
(1203, 'PRT1202', 'Tail Lamp', NULL, 'Other', 149, 'Shelf B16', 20459.00, NULL, 11, 'Toyota Hilux', 18, 66, 1),
(1204, 'PRT1203', 'CV Joint', NULL, 'Other', 109, 'Shelf G8', 10708.00, NULL, 18, 'Toyota Hilux', 12, 256, 1),
(1205, 'PRT1204', 'Side Mirror', NULL, 'Other', 186, 'Shelf D17', 11255.00, NULL, 12, 'Honda Fit', 20, 464, 1),
(1206, 'PRT1205', 'Alternator', NULL, 'Other', 160, 'Shelf C13', 15935.00, NULL, 20, 'Ford Ranger', 5, 45, 1),
(1207, 'PRT1206', 'Side Mirror', NULL, 'Other', 45, 'Shelf G9', 7300.00, NULL, 15, 'Subaru Forester', 17, 209, 1),
(1208, 'PRT1207', 'CV Joint', NULL, 'Other', 184, 'Shelf F8', 8988.00, NULL, 10, 'VW Golf', 4, 334, 1),
(1209, 'PRT1208', 'Clutch Kit', NULL, 'Other', 58, 'Shelf D10', 14653.00, NULL, 19, 'Honda Fit', 8, 333, 1),
(1210, 'PRT1209', 'Air Filter', NULL, 'Other', 77, 'Shelf D19', 20801.00, NULL, 7, 'Nissan X-Trail', 6, 230, 1),
(1211, 'PRT1210', 'Spark Plug', NULL, 'Other', 16, 'Shelf D18', 20739.00, NULL, 12, 'Toyota Hilux', 11, 60, 1),
(1212, 'PRT1211', 'Headlamp', NULL, 'Other', 139, 'Shelf G18', 12042.00, NULL, 5, 'Honda Fit', 6, 355, 1),
(1213, 'PRT1212', 'Oil Filter', NULL, 'Other', 59, 'Shelf B1', 24314.00, NULL, 12, 'Isuzu D-Max', 2, 465, 1),
(1214, 'PRT1213', 'Water Pump', NULL, 'Other', 132, 'Shelf G11', 12496.00, NULL, 9, 'Ford Ranger', 7, 159, 1),
(1215, 'PRT1214', 'Fuel Filter', NULL, 'Other', 167, 'Shelf G20', 22313.00, NULL, 5, 'Honda Fit', 11, 155, 1),
(1216, 'PRT1215', 'Brake Disc', NULL, 'Other', 42, 'Shelf A7', 24152.00, NULL, 14, 'Mitsubishi L200', 7, 468, 1),
(1217, 'PRT1216', 'Brake Disc', NULL, 'Other', 150, 'Shelf E10', 6992.00, NULL, 19, 'Mitsubishi L200', 7, 43, 1),
(1218, 'PRT1217', 'Shock Absorber', NULL, 'Other', 24, 'Shelf F8', 15609.00, NULL, 16, 'Mazda Demio', 20, 78, 1),
(1219, 'PRT1218', 'Oil Filter', NULL, 'Other', 174, 'Shelf D17', 21171.00, NULL, 18, 'Ford Ranger', 5, 1, 1),
(1220, 'PRT1219', 'Brake Pad', NULL, 'Other', 37, 'Shelf A10', 15231.00, NULL, 16, 'Toyota Corolla', 18, 234, 1),
(1221, 'PRT1220', 'Air Filter', NULL, 'Other', 128, 'Shelf E11', 17388.00, NULL, 17, 'Nissan X-Trail', 8, 430, 1),
(1222, 'PRT1221', 'Fuel Filter', NULL, 'Other', 29, 'Shelf F17', 4046.00, NULL, 13, 'Toyota Corolla', 1, 19, 1),
(1223, 'PRT1222', 'Oil Filter', NULL, 'Other', 91, 'Shelf B16', 10678.00, NULL, 5, 'Toyota Corolla', 20, 62, 1),
(1224, 'PRT1223', 'Clutch Kit', NULL, 'Other', 124, 'Shelf F3', 20593.00, NULL, 8, 'Toyota Corolla', 8, 494, 1),
(1225, 'PRT1224', 'Tail Lamp', NULL, 'Other', 188, 'Shelf F2', 16971.00, NULL, 6, 'VW Golf', 14, 17, 1),
(1226, 'PRT1225', 'Brake Pad', NULL, 'Other', 184, 'Shelf G4', 10672.00, NULL, 11, 'Honda Fit', 19, 26, 1),
(1227, 'PRT1226', 'Air Filter', NULL, 'Other', 62, 'Shelf E19', 18972.00, NULL, 5, 'Isuzu D-Max', 12, 410, 1),
(1228, 'PRT1227', 'Side Mirror', NULL, 'Other', 101, 'Shelf H11', 11587.00, NULL, 6, 'VW Golf', 17, 114, 1),
(1229, 'PRT1228', 'Battery', NULL, 'Other', 100, 'Shelf F13', 23759.00, NULL, 20, 'Mitsubishi L200', 19, 202, 1),
(1230, 'PRT1229', 'Brake Disc', NULL, 'Other', 145, 'Shelf E6', 6268.00, NULL, 19, 'Nissan X-Trail', 6, 303, 1),
(1231, 'PRT1230', 'CV Joint', NULL, 'Other', 104, 'Shelf A20', 17949.00, NULL, 9, 'Subaru Forester', 2, 127, 1),
(1232, 'PRT1231', 'Brake Pad', NULL, 'Other', 114, 'Shelf B19', 20483.00, NULL, 9, 'Honda Fit', 17, 112, 1),
(1233, 'PRT1232', 'Radiator', NULL, 'Other', 104, 'Shelf B19', 21765.00, NULL, 11, 'Honda Fit', 8, 363, 1),
(1234, 'PRT1233', 'Wheel Bearing', NULL, 'Other', 185, 'Shelf C18', 19246.00, NULL, 5, 'Toyota Corolla', 11, 363, 1),
(1235, 'PRT1234', 'Fuel Filter', NULL, 'Other', 107, 'Shelf F2', 21472.00, NULL, 13, 'Nissan X-Trail', 11, 119, 1),
(1236, 'PRT1235', 'Air Filter', NULL, 'Other', 141, 'Shelf D13', 2507.00, NULL, 16, 'Subaru Forester', 6, 299, 1),
(1237, 'PRT1236', 'Battery', NULL, 'Other', 12, 'Shelf C12', 22225.00, NULL, 9, 'Toyota Hilux', 2, 332, 1),
(1238, 'PRT1237', 'Water Pump', NULL, 'Other', 187, 'Shelf H17', 20778.00, NULL, 17, 'Nissan X-Trail', 8, 82, 1),
(1239, 'PRT1238', 'Fuel Filter', NULL, 'Other', 122, 'Shelf C13', 3054.00, NULL, 5, 'Toyota Corolla', 12, 499, 1),
(1240, 'PRT1239', 'Tail Lamp', NULL, 'Other', 179, 'Shelf G17', 22233.00, NULL, 20, 'Isuzu D-Max', 2, 301, 1),
(1241, 'PRT1240', 'Alternator', NULL, 'Other', 69, 'Shelf G20', 1401.00, NULL, 5, 'Nissan X-Trail', 1, 341, 1),
(1242, 'PRT1241', 'Water Pump', NULL, 'Other', 164, 'Shelf D18', 1832.00, NULL, 13, 'Mazda Demio', 7, 495, 1),
(1243, 'PRT1242', 'Shock Absorber', NULL, 'Other', 168, 'Shelf D16', 2140.00, NULL, 18, 'Honda Fit', 8, 218, 1),
(1244, 'PRT1243', 'Starter Motor', NULL, 'Other', 5, 'Shelf A20', 9330.00, NULL, 17, 'Toyota Hilux', 9, 91, 1),
(1245, 'PRT1244', 'Oil Filter', NULL, 'Other', 142, 'Shelf G3', 22026.00, NULL, 17, 'Toyota Corolla', 10, 79, 1),
(1246, 'PRT1245', 'Shock Absorber', NULL, 'Other', 175, 'Shelf A19', 21614.00, NULL, 16, 'Toyota Corolla', 15, 408, 1),
(1247, 'PRT1246', 'Water Pump', NULL, 'Other', 81, 'Shelf A3', 7563.00, NULL, 16, 'Mazda Demio', 5, 270, 1),
(1248, 'PRT1247', 'CV Joint', NULL, 'Other', 107, 'Shelf G19', 3123.00, NULL, 20, 'Nissan X-Trail', 1, 28, 1),
(1249, 'PRT1248', 'Drive Belt', NULL, 'Other', 138, 'Shelf H19', 9322.00, NULL, 20, 'Toyota Hilux', 6, 483, 1),
(1250, 'PRT1249', 'Alternator', NULL, 'Other', 150, 'Shelf H13', 10961.00, NULL, 19, 'VW Golf', 10, 21, 1),
(1251, 'PRT1250', 'Headlamp', NULL, 'Other', 6, 'Shelf E16', 5172.00, NULL, 14, 'Mitsubishi L200', 3, 292, 1),
(1252, 'PRT1251', 'CV Joint', NULL, 'Other', 123, 'Shelf G1', 8942.00, NULL, 15, 'Toyota Corolla', 14, 161, 1),
(1253, 'PRT1252', 'Headlamp', NULL, 'Other', 132, 'Shelf G19', 21599.00, NULL, 20, 'Honda Fit', 4, 23, 1),
(1254, 'PRT1253', 'Brake Disc', NULL, 'Other', 187, 'Shelf D15', 3387.00, NULL, 8, 'VW Golf', 16, 178, 1),
(1255, 'PRT1254', 'Brake Disc', NULL, 'Other', 180, 'Shelf F11', 6853.00, NULL, 15, 'Nissan X-Trail', 18, 364, 1),
(1256, 'PRT1255', 'Battery', NULL, 'Other', 110, 'Shelf D14', 2238.00, NULL, 13, 'Toyota Corolla', 9, 149, 1),
(1257, 'PRT1256', 'Alternator', NULL, 'Other', 114, 'Shelf F4', 15058.00, NULL, 19, 'Toyota Corolla', 1, 258, 1),
(1258, 'PRT1257', 'Side Mirror', NULL, 'Other', 120, 'Shelf H16', 22829.00, NULL, 15, 'Subaru Forester', 6, 197, 1),
(1259, 'PRT1258', 'Alternator', NULL, 'Other', 164, 'Shelf G1', 7049.00, NULL, 10, 'Ford Ranger', 7, 156, 1),
(1260, 'PRT1259', 'Spark Plug', NULL, 'Other', 169, 'Shelf E12', 16193.00, NULL, 15, 'VW Golf', 13, 270, 1),
(1261, 'PRT1260', 'Battery', NULL, 'Other', 58, 'Shelf F6', 24294.00, NULL, 13, 'Mitsubishi L200', 11, 42, 1),
(1262, 'PRT1261', 'Tail Lamp', NULL, 'Other', 75, 'Shelf C8', 23214.00, NULL, 15, 'Isuzu D-Max', 17, 407, 1),
(1263, 'PRT1262', 'Wheel Bearing', NULL, 'Other', 84, 'Shelf H3', 10510.00, NULL, 19, 'Mitsubishi L200', 20, 247, 1),
(1264, 'PRT1263', 'Clutch Kit', NULL, 'Other', 112, 'Shelf E3', 7118.00, NULL, 6, 'Mazda Demio', 19, 104, 1),
(1265, 'PRT1264', 'Water Pump', NULL, 'Other', 118, 'Shelf C16', 1564.00, NULL, 6, 'Subaru Forester', 8, 253, 1),
(1266, 'PRT1265', 'Battery', NULL, 'Other', 185, 'Shelf D11', 10788.00, NULL, 8, 'Toyota Hilux', 16, 411, 1),
(1267, 'PRT1266', 'Spark Plug', NULL, 'Other', 81, 'Shelf F12', 14189.00, NULL, 12, 'Honda Fit', 18, 115, 1),
(1268, 'PRT1267', 'CV Joint', NULL, 'Other', 98, 'Shelf G8', 22350.00, NULL, 11, 'Mitsubishi L200', 1, 50, 1),
(1269, 'PRT1268', 'Battery', NULL, 'Other', 184, 'Shelf C13', 24758.00, NULL, 7, 'VW Golf', 10, 315, 1),
(1270, 'PRT1269', 'Tail Lamp', NULL, 'Other', 13, 'Shelf G7', 8782.00, NULL, 12, 'Mitsubishi L200', 18, 435, 1),
(1271, 'PRT1270', 'Brake Pad', NULL, 'Other', 123, 'Shelf F1', 13230.00, NULL, 18, 'Isuzu D-Max', 15, 236, 1),
(1272, 'PRT1271', 'Side Mirror', NULL, 'Other', 78, 'Shelf G11', 19296.00, NULL, 12, 'Mazda Demio', 10, 120, 1),
(1273, 'PRT1272', 'Water Pump', NULL, 'Other', 19, 'Shelf C17', 1957.00, NULL, 9, 'Toyota Hilux', 6, 25, 1),
(1274, 'PRT1273', 'Oil Filter', NULL, 'Other', 156, 'Shelf B16', 11282.00, NULL, 16, 'Ford Ranger', 12, 445, 1),
(1275, 'PRT1274', 'Radiator', NULL, 'Other', 194, 'Shelf F12', 20960.00, NULL, 13, 'Mazda Demio', 18, 72, 1),
(1276, 'PRT1275', 'Brake Pad', NULL, 'Other', 158, 'Shelf B18', 7981.00, NULL, 6, 'Mitsubishi L200', 18, 430, 1),
(1277, 'PRT1276', 'Fuel Filter', NULL, 'Other', 30, 'Shelf D15', 10767.00, NULL, 12, 'Mazda Demio', 8, 116, 1),
(1278, 'PRT1277', 'Clutch Kit', NULL, 'Other', 32, 'Shelf F4', 18041.00, NULL, 12, 'Ford Ranger', 14, 379, 1),
(1279, 'PRT1278', 'Air Filter', NULL, 'Other', 32, 'Shelf H14', 16050.00, NULL, 13, 'Toyota Hilux', 20, 326, 1),
(1280, 'PRT1279', 'Shock Absorber', NULL, 'Other', 175, 'Shelf C2', 14881.00, NULL, 14, 'Subaru Forester', 4, 277, 1),
(1281, 'PRT1280', 'Oil Filter', NULL, 'Other', 61, 'Shelf A17', 22501.00, NULL, 13, 'Toyota Hilux', 10, 164, 1),
(1282, 'PRT1281', 'Radiator', NULL, 'Other', 118, 'Shelf H7', 18165.00, NULL, 19, 'Honda Fit', 19, 191, 1),
(1283, 'PRT1282', 'Oil Filter', NULL, 'Other', 120, 'Shelf B13', 24295.00, NULL, 10, 'Mitsubishi L200', 18, 90, 1),
(1284, 'PRT1283', 'Tail Lamp', NULL, 'Other', 164, 'Shelf E7', 7565.00, NULL, 16, 'Nissan X-Trail', 14, 51, 1),
(1285, 'PRT1284', 'Timing Belt', NULL, 'Other', 5, 'Shelf E19', 10042.00, NULL, 20, 'Toyota Corolla', 3, 157, 1),
(1286, 'PRT1285', 'Timing Belt', NULL, 'Other', 194, 'Shelf B11', 22822.00, NULL, 11, 'Nissan X-Trail', 16, 43, 1),
(1287, 'PRT1286', 'Starter Motor', NULL, 'Other', 85, 'Shelf D14', 16058.00, NULL, 17, 'Ford Ranger', 3, 192, 1),
(1288, 'PRT1287', 'Radiator', NULL, 'Other', 129, 'Shelf F10', 5040.00, NULL, 15, 'Isuzu D-Max', 8, 311, 1),
(1289, 'PRT1288', 'Brake Pad', NULL, 'Other', 51, 'Shelf H2', 8207.00, NULL, 14, 'Isuzu D-Max', 18, 85, 1),
(1290, 'PRT1289', 'Tail Lamp', NULL, 'Other', 159, 'Shelf A12', 18223.00, NULL, 18, 'Honda Fit', 4, 45, 1),
(1291, 'PRT1290', 'Air Filter', NULL, 'Other', 176, 'Shelf C11', 20140.00, NULL, 12, 'Ford Ranger', 14, 38, 1),
(1292, 'PRT1291', 'Brake Pad', NULL, 'Other', 155, 'Shelf A5', 20726.00, NULL, 7, 'Ford Ranger', 5, 248, 1),
(1293, 'PRT1292', 'Radiator', NULL, 'Other', 136, 'Shelf B4', 21634.00, NULL, 15, 'Subaru Forester', 7, 437, 1),
(1294, 'PRT1293', 'Brake Pad', NULL, 'Other', 197, 'Shelf H14', 23441.00, NULL, 17, 'Toyota Corolla', 2, 488, 1),
(1295, 'PRT1294', 'Wheel Bearing', NULL, 'Other', 122, 'Shelf F2', 20916.00, NULL, 20, 'Subaru Forester', 12, 289, 1),
(1296, 'PRT1295', 'Alternator', NULL, 'Other', 113, 'Shelf B5', 20372.00, NULL, 11, 'Mazda Demio', 16, 114, 1),
(1297, 'PRT1296', 'Timing Belt', NULL, 'Other', 86, 'Shelf G3', 2656.00, NULL, 9, 'Isuzu D-Max', 18, 371, 1),
(1298, 'PRT1297', 'Tail Lamp', NULL, 'Other', 44, 'Shelf A12', 5455.00, NULL, 15, 'Ford Ranger', 16, 127, 1),
(1299, 'PRT1298', 'Side Mirror', NULL, 'Other', 155, 'Shelf B15', 22310.00, NULL, 17, 'Subaru Forester', 13, 47, 1),
(1300, 'PRT1299', 'Drive Belt', NULL, 'Other', 151, 'Shelf F6', 11600.00, NULL, 10, 'Toyota Corolla', 1, 249, 1),
(1301, 'PRT1300', 'Battery', NULL, 'Other', 105, 'Shelf C8', 15710.00, NULL, 15, 'Mitsubishi L200', 9, 385, 1),
(1302, 'PRT1301', 'Wheel Bearing', NULL, 'Other', 129, 'Shelf H12', 23318.00, NULL, 19, 'Mazda Demio', 20, 285, 1),
(1303, 'PRT1302', 'Radiator', NULL, 'Other', 164, 'Shelf H20', 6484.00, NULL, 13, 'Mitsubishi L200', 20, 200, 1),
(1304, 'PRT1303', 'Radiator', NULL, 'Other', 67, 'Shelf E11', 9635.00, NULL, 7, 'Honda Fit', 20, 14, 1),
(1305, 'PRT1304', 'Timing Belt', NULL, 'Other', 86, 'Shelf B9', 13566.00, NULL, 9, 'Ford Ranger', 4, 97, 1),
(1306, 'PRT1305', 'Brake Pad', NULL, 'Other', 189, 'Shelf A7', 22091.00, NULL, 13, 'Mitsubishi L200', 15, 365, 1),
(1307, 'PRT1306', 'Clutch Kit', NULL, 'Other', 5, 'Shelf E3', 23378.00, NULL, 16, 'VW Golf', 15, 368, 1),
(1308, 'PRT1307', 'Radiator', NULL, 'Other', 69, 'Shelf H7', 11625.00, NULL, 11, 'Mazda Demio', 7, 62, 1),
(1309, 'PRT1308', 'Radiator', NULL, 'Other', 155, 'Shelf D8', 13810.00, NULL, 15, 'Mazda Demio', 19, 471, 1),
(1310, 'PRT1309', 'Spark Plug', NULL, 'Other', 193, 'Shelf F3', 19606.00, NULL, 20, 'VW Golf', 18, 82, 1),
(1311, 'PRT1310', 'Fuel Filter', NULL, 'Other', 98, 'Shelf D8', 21274.00, NULL, 19, 'Mitsubishi L200', 15, 98, 1),
(1312, 'PRT1311', 'Oil Filter', NULL, 'Other', 20, 'Shelf A6', 20427.00, NULL, 9, 'Ford Ranger', 19, 17, 1),
(1313, 'PRT1312', 'Battery', NULL, 'Other', 67, 'Shelf H10', 24052.00, NULL, 8, 'Isuzu D-Max', 4, 342, 1),
(1314, 'PRT1313', 'Headlamp', NULL, 'Other', 47, 'Shelf G5', 7567.00, NULL, 6, 'Mitsubishi L200', 17, 276, 1),
(1315, 'PRT1314', 'Headlamp', NULL, 'Other', 24, 'Shelf D15', 6668.00, NULL, 18, 'Subaru Forester', 12, 237, 1),
(1316, 'PRT1315', 'Timing Belt', NULL, 'Other', 164, 'Shelf A16', 11481.00, NULL, 8, 'Ford Ranger', 14, 257, 1),
(1317, 'PRT1316', 'Tail Lamp', NULL, 'Other', 69, 'Shelf A10', 5375.00, NULL, 12, 'Toyota Corolla', 9, 140, 1),
(1318, 'PRT1317', 'Radiator', NULL, 'Other', 185, 'Shelf H2', 3797.00, NULL, 18, 'Toyota Corolla', 13, 260, 1),
(1319, 'PRT1318', 'Side Mirror', NULL, 'Other', 81, 'Shelf D2', 2024.00, NULL, 6, 'Ford Ranger', 17, 411, 1),
(1320, 'PRT1319', 'Drive Belt', NULL, 'Other', 99, 'Shelf E7', 21090.00, NULL, 10, 'Mitsubishi L200', 10, 401, 1),
(1321, 'PRT1320', 'Timing Belt', NULL, 'Other', 123, 'Shelf G20', 2616.00, NULL, 15, 'Toyota Corolla', 17, 178, 1),
(1322, 'PRT1321', 'Oil Filter', NULL, 'Other', 152, 'Shelf B13', 10180.00, NULL, 20, 'Honda Fit', 13, 435, 1),
(1323, 'PRT1322', 'Battery', NULL, 'Other', 177, 'Shelf H12', 7762.00, NULL, 20, 'Toyota Corolla', 11, 141, 1),
(1324, 'PRT1323', 'Headlamp', NULL, 'Other', 156, 'Shelf A4', 10159.00, NULL, 10, 'Nissan X-Trail', 17, 73, 1),
(1325, 'PRT1324', 'Brake Disc', NULL, 'Other', 34, 'Shelf G14', 11923.00, NULL, 19, 'Toyota Hilux', 9, 71, 1),
(1326, 'PRT1325', 'CV Joint', NULL, 'Other', 191, 'Shelf D8', 6978.00, NULL, 8, 'Ford Ranger', 19, 323, 1),
(1327, 'PRT1326', 'Timing Belt', NULL, 'Other', 180, 'Shelf C11', 23940.00, NULL, 10, 'Subaru Forester', 7, 162, 1),
(1328, 'PRT1327', 'Fuel Filter', NULL, 'Other', 70, 'Shelf E8', 24650.00, NULL, 17, 'Subaru Forester', 17, 237, 1),
(1329, 'PRT1328', 'Starter Motor', NULL, 'Other', 199, 'Shelf D12', 6398.00, NULL, 9, 'VW Golf', 11, 124, 1),
(1330, 'PRT1329', 'Side Mirror', NULL, 'Other', 71, 'Shelf C7', 5003.00, NULL, 12, 'Toyota Hilux', 5, 483, 1),
(1331, 'PRT1330', 'Water Pump', NULL, 'Other', 16, 'Shelf F14', 14747.00, NULL, 8, 'Nissan X-Trail', 14, 397, 1),
(1332, 'PRT1331', 'Fuel Filter', NULL, 'Other', 143, 'Shelf B7', 641.00, NULL, 14, 'Nissan X-Trail', 14, 432, 1),
(1333, 'PRT1332', 'Drive Belt', NULL, 'Other', 94, 'Shelf B13', 8249.00, NULL, 17, 'Toyota Corolla', 17, 9, 1),
(1334, 'PRT1333', 'Radiator', NULL, 'Other', 25, 'Shelf B20', 14536.00, NULL, 20, 'Nissan X-Trail', 20, 31, 1),
(1335, 'PRT1334', 'Alternator', NULL, 'Other', 134, 'Shelf D19', 10530.00, NULL, 16, 'VW Golf', 7, 86, 1),
(1336, 'PRT1335', 'Clutch Kit', NULL, 'Other', 62, 'Shelf A7', 4621.00, NULL, 15, 'Nissan X-Trail', 2, 102, 1),
(1337, 'PRT1336', 'Starter Motor', NULL, 'Other', 199, 'Shelf B4', 21740.00, NULL, 13, 'Nissan X-Trail', 17, 246, 1),
(1338, 'PRT1337', 'Drive Belt', NULL, 'Other', 198, 'Shelf A11', 5957.00, NULL, 17, 'Honda Fit', 18, 201, 1),
(1339, 'PRT1338', 'Starter Motor', NULL, 'Other', 31, 'Shelf E4', 8215.00, NULL, 10, 'Toyota Corolla', 3, 336, 1),
(1340, 'PRT1339', 'Battery', NULL, 'Other', 35, 'Shelf F13', 9261.00, NULL, 20, 'Toyota Corolla', 13, 56, 1),
(1341, 'PRT1340', 'Brake Pad', NULL, 'Other', 98, 'Shelf A11', 7935.00, NULL, 17, 'Toyota Corolla', 18, 460, 1),
(1342, 'PRT1341', 'CV Joint', NULL, 'Other', 196, 'Shelf A4', 24554.00, NULL, 19, 'Toyota Corolla', 14, 137, 1),
(1343, 'PRT1342', 'Timing Belt', NULL, 'Other', 163, 'Shelf D19', 4899.00, NULL, 16, 'Isuzu D-Max', 10, 2, 1),
(1344, 'PRT1343', 'Drive Belt', NULL, 'Other', 145, 'Shelf E18', 4307.00, NULL, 6, 'Toyota Corolla', 20, 405, 1),
(1345, 'PRT1344', 'Clutch Kit', NULL, 'Other', 133, 'Shelf B20', 6375.00, NULL, 12, 'VW Golf', 4, 89, 1),
(1346, 'PRT1345', 'Starter Motor', NULL, 'Other', 173, 'Shelf B16', 22816.00, NULL, 5, 'Mitsubishi L200', 6, 268, 1),
(1347, 'PRT1346', 'Headlamp', NULL, 'Other', 80, 'Shelf E3', 4925.00, NULL, 11, 'Toyota Corolla', 11, 348, 1),
(1348, 'PRT1347', 'Spark Plug', NULL, 'Other', 101, 'Shelf D5', 19202.00, NULL, 9, 'Toyota Hilux', 11, 355, 1),
(1349, 'PRT1348', 'Side Mirror', NULL, 'Other', 10, 'Shelf A17', 937.00, NULL, 7, 'Toyota Hilux', 18, 120, 1),
(1350, 'PRT1349', 'Fuel Filter', NULL, 'Other', 102, 'Shelf A18', 14048.00, NULL, 12, 'Isuzu D-Max', 2, 359, 1),
(1351, 'PRT1350', 'Radiator', NULL, 'Other', 35, 'Shelf G1', 8171.00, NULL, 5, 'Mitsubishi L200', 14, 100, 1),
(1352, 'PRT1351', 'Timing Belt', NULL, 'Other', 144, 'Shelf F18', 6897.00, NULL, 11, 'Isuzu D-Max', 11, 115, 1),
(1353, 'PRT1352', 'Clutch Kit', NULL, 'Other', 62, 'Shelf B7', 6344.00, NULL, 17, 'Ford Ranger', 17, 357, 1),
(1354, 'PRT1353', 'Battery', NULL, 'Other', 74, 'Shelf C7', 20566.00, NULL, 20, 'Isuzu D-Max', 9, 406, 1),
(1355, 'PRT1354', 'Air Filter', NULL, 'Other', 107, 'Shelf F4', 12235.00, NULL, 9, 'Ford Ranger', 16, 42, 1),
(1356, 'PRT1355', 'Battery', NULL, 'Other', 133, 'Shelf F16', 21116.00, NULL, 6, 'Honda Fit', 13, 373, 1),
(1357, 'PRT1356', 'Alternator', NULL, 'Other', 135, 'Shelf H16', 8116.00, NULL, 19, 'VW Golf', 16, 16, 1),
(1358, 'PRT1357', 'Brake Disc', NULL, 'Other', 181, 'Shelf E12', 4272.00, NULL, 11, 'Toyota Hilux', 1, 317, 1),
(1359, 'PRT1358', 'Side Mirror', NULL, 'Other', 76, 'Shelf E20', 24061.00, NULL, 17, 'VW Golf', 5, 326, 1),
(1360, 'PRT1359', 'Radiator', NULL, 'Other', 126, 'Shelf F4', 11354.00, NULL, 9, 'Toyota Corolla', 4, 468, 1),
(1361, 'PRT1360', 'Alternator', NULL, 'Other', 68, 'Shelf A17', 8460.00, NULL, 18, 'Toyota Corolla', 9, 471, 1),
(1362, 'PRT1361', 'Air Filter', NULL, 'Other', 194, 'Shelf F15', 15234.00, NULL, 6, 'Subaru Forester', 20, 10, 1),
(1363, 'PRT1362', 'Starter Motor', NULL, 'Other', 55, 'Shelf B18', 16162.00, NULL, 14, 'Mitsubishi L200', 6, 157, 1),
(1364, 'PRT1363', 'Starter Motor', NULL, 'Other', 100, 'Shelf H9', 12762.00, NULL, 7, 'VW Golf', 11, 335, 1),
(1365, 'PRT1364', 'Drive Belt', NULL, 'Other', 112, 'Shelf G18', 5803.00, NULL, 11, 'Ford Ranger', 13, 5, 1),
(1366, 'PRT1365', 'Drive Belt', NULL, 'Other', 149, 'Shelf C2', 15819.00, NULL, 16, 'Nissan X-Trail', 14, 213, 1),
(1367, 'PRT1366', 'Oil Filter', NULL, 'Other', 172, 'Shelf E12', 23241.00, NULL, 5, 'Toyota Hilux', 5, 294, 1),
(1368, 'PRT1367', 'Wheel Bearing', NULL, 'Other', 112, 'Shelf F15', 2536.00, NULL, 13, 'Ford Ranger', 10, 325, 1),
(1369, 'PRT1368', 'Side Mirror', NULL, 'Other', 102, 'Shelf D2', 9663.00, NULL, 20, 'Isuzu D-Max', 14, 381, 1),
(1370, 'PRT1369', 'Water Pump', NULL, 'Other', 92, 'Shelf F8', 14858.00, NULL, 15, 'Toyota Corolla', 1, 2, 1);
INSERT INTO `inventory` (`id`, `sku`, `name`, `description`, `category`, `stock`, `location`, `price`, `cost_price`, `reorder_level`, `compatibility`, `supplier_id`, `sold_count`, `is_active`) VALUES
(1371, 'PRT1370', 'Timing Belt', NULL, 'Other', 128, 'Shelf A5', 12968.00, NULL, 14, 'Toyota Hilux', 19, 454, 1),
(1372, 'PRT1371', 'Brake Disc', NULL, 'Other', 200, 'Shelf H14', 9658.00, NULL, 20, 'Ford Ranger', 8, 271, 1),
(1373, 'PRT1372', 'Water Pump', NULL, 'Other', 34, 'Shelf D7', 23700.00, NULL, 10, 'Honda Fit', 14, 84, 1),
(1374, 'PRT1373', 'Headlamp', NULL, 'Other', 200, 'Shelf F14', 18487.00, NULL, 10, 'Ford Ranger', 17, 447, 1),
(1375, 'PRT1374', 'Battery', NULL, 'Other', 6, 'Shelf D18', 15266.00, NULL, 11, 'Ford Ranger', 16, 258, 1),
(1376, 'PRT1375', 'Clutch Kit', NULL, 'Other', 40, 'Shelf C12', 6099.00, NULL, 19, 'Mazda Demio', 6, 283, 1),
(1377, 'PRT1376', 'Headlamp', NULL, 'Other', 180, 'Shelf F20', 16346.00, NULL, 20, 'Toyota Hilux', 15, 224, 1),
(1378, 'PRT1377', 'CV Joint', NULL, 'Other', 187, 'Shelf C19', 3005.00, NULL, 9, 'Toyota Corolla', 6, 255, 1),
(1379, 'PRT1378', 'Air Filter', NULL, 'Other', 150, 'Shelf D20', 20091.00, NULL, 9, 'Mitsubishi L200', 16, 460, 1),
(1380, 'PRT1379', 'Air Filter', NULL, 'Other', 51, 'Shelf D15', 12733.00, NULL, 17, 'Mitsubishi L200', 1, 321, 1),
(1381, 'PRT1380', 'Fuel Filter', NULL, 'Other', 9, 'Shelf B19', 6204.00, NULL, 5, 'Subaru Forester', 1, 478, 1),
(1382, 'PRT1381', 'Shock Absorber', NULL, 'Other', 29, 'Shelf D7', 13809.00, NULL, 14, 'Toyota Corolla', 2, 214, 1),
(1383, 'PRT1382', 'Tail Lamp', NULL, 'Other', 82, 'Shelf A19', 8434.00, NULL, 8, 'VW Golf', 11, 465, 1),
(1384, 'PRT1383', 'Water Pump', NULL, 'Other', 165, 'Shelf C14', 18091.00, NULL, 5, 'Mitsubishi L200', 18, 247, 1),
(1385, 'PRT1384', 'Fuel Filter', NULL, 'Other', 187, 'Shelf B3', 16375.00, NULL, 6, 'Nissan X-Trail', 12, 107, 1),
(1386, 'PRT1385', 'Alternator', NULL, 'Other', 28, 'Shelf A19', 8911.00, NULL, 12, 'VW Golf', 9, 313, 1),
(1387, 'PRT1386', 'Shock Absorber', NULL, 'Other', 85, 'Shelf F16', 18294.00, NULL, 8, 'Mazda Demio', 15, 406, 1),
(1388, 'PRT1387', 'Fuel Filter', NULL, 'Other', 110, 'Shelf E19', 16001.00, NULL, 10, 'Isuzu D-Max', 8, 327, 1),
(1389, 'PRT1388', 'Brake Pad', NULL, 'Other', 36, 'Shelf H9', 13369.00, NULL, 19, 'Honda Fit', 6, 52, 1),
(1390, 'PRT1389', 'Fuel Filter', NULL, 'Other', 42, 'Shelf C3', 9678.00, NULL, 12, 'Toyota Hilux', 12, 36, 1),
(1391, 'PRT1390', 'Air Filter', NULL, 'Other', 33, 'Shelf A16', 17784.00, NULL, 14, 'Subaru Forester', 7, 460, 1),
(1392, 'PRT1391', 'Tail Lamp', NULL, 'Other', 11, 'Shelf D19', 11145.00, NULL, 11, 'Ford Ranger', 14, 429, 1),
(1393, 'PRT1392', 'Radiator', NULL, 'Other', 179, 'Shelf C19', 22845.00, NULL, 7, 'Nissan X-Trail', 11, 459, 1),
(1394, 'PRT1393', 'Shock Absorber', NULL, 'Other', 97, 'Shelf G15', 10043.00, NULL, 19, 'Honda Fit', 20, 374, 1),
(1395, 'PRT1394', 'Tail Lamp', NULL, 'Other', 147, 'Shelf B8', 21299.00, NULL, 12, 'Subaru Forester', 17, 79, 1),
(1396, 'PRT1395', 'CV Joint', NULL, 'Other', 114, 'Shelf E20', 13236.00, NULL, 9, 'Toyota Hilux', 12, 146, 1),
(1397, 'PRT1396', 'Tail Lamp', NULL, 'Other', 96, 'Shelf F18', 1064.00, NULL, 17, 'Mitsubishi L200', 15, 450, 1),
(1398, 'PRT1397', 'Air Filter', NULL, 'Other', 117, 'Shelf H13', 16159.00, NULL, 20, 'Honda Fit', 7, 224, 1),
(1399, 'PRT1398', 'Clutch Kit', NULL, 'Other', 189, 'Shelf B11', 5801.00, NULL, 13, 'Isuzu D-Max', 9, 459, 1),
(1400, 'PRT1399', 'Side Mirror', NULL, 'Other', 43, 'Shelf D20', 1763.00, NULL, 7, 'Ford Ranger', 20, 152, 1),
(1401, 'PRT1400', 'Side Mirror', NULL, 'Other', 167, 'Shelf C9', 5654.00, NULL, 20, 'Ford Ranger', 7, 125, 1),
(1402, 'PRT1401', 'Radiator', NULL, 'Other', 49, 'Shelf A12', 8284.00, NULL, 18, 'Toyota Hilux', 14, 289, 1),
(1403, 'PRT1402', 'Wheel Bearing', NULL, 'Other', 56, 'Shelf A11', 13799.00, NULL, 8, 'Isuzu D-Max', 16, 287, 1),
(1404, 'PRT1403', 'Brake Pad', NULL, 'Other', 7, 'Shelf E11', 20207.00, NULL, 15, 'VW Golf', 1, 380, 1),
(1405, 'PRT1404', 'Brake Pad', NULL, 'Other', 67, 'Shelf D10', 9172.00, NULL, 20, 'Honda Fit', 6, 140, 1),
(1406, 'PRT1405', 'Fuel Filter', NULL, 'Other', 150, 'Shelf E19', 20865.00, NULL, 15, 'Subaru Forester', 9, 439, 1),
(1407, 'PRT1406', 'Spark Plug', NULL, 'Other', 35, 'Shelf G4', 23833.00, NULL, 17, 'Toyota Hilux', 8, 137, 1),
(1408, 'PRT1407', 'CV Joint', NULL, 'Other', 43, 'Shelf B14', 18809.00, NULL, 19, 'Toyota Corolla', 10, 494, 1),
(1409, 'PRT1408', 'CV Joint', NULL, 'Other', 9, 'Shelf A17', 17442.00, NULL, 6, 'Honda Fit', 12, 301, 1),
(1410, 'PRT1409', 'Headlamp', NULL, 'Other', 191, 'Shelf G8', 11903.00, NULL, 11, 'Nissan X-Trail', 14, 350, 1),
(1411, 'PRT1410', 'Tail Lamp', NULL, 'Other', 94, 'Shelf H5', 18360.00, NULL, 12, 'VW Golf', 13, 189, 1),
(1412, 'PRT1411', 'Side Mirror', NULL, 'Other', 38, 'Shelf F10', 3423.00, NULL, 9, 'Mitsubishi L200', 15, 2, 1),
(1413, 'PRT1412', 'Water Pump', NULL, 'Other', 22, 'Shelf D8', 620.00, NULL, 6, 'VW Golf', 8, 232, 1),
(1414, 'PRT1413', 'Battery', NULL, 'Other', 14, 'Shelf F5', 14902.00, NULL, 17, 'Toyota Hilux', 17, 496, 1),
(1415, 'PRT1414', 'Wheel Bearing', NULL, 'Other', 117, 'Shelf A20', 10342.00, NULL, 6, 'Mitsubishi L200', 1, 79, 1),
(1416, 'PRT1415', 'Clutch Kit', NULL, 'Other', 59, 'Shelf E14', 10039.00, NULL, 9, 'VW Golf', 11, 207, 1),
(1417, 'PRT1416', 'Drive Belt', NULL, 'Other', 58, 'Shelf C19', 21179.00, NULL, 20, 'Mazda Demio', 14, 72, 1),
(1418, 'PRT1417', 'Brake Pad', NULL, 'Other', 54, 'Shelf G6', 18150.00, NULL, 10, 'Mitsubishi L200', 20, 429, 1),
(1419, 'PRT1418', 'Water Pump', NULL, 'Other', 31, 'Shelf H11', 9535.00, NULL, 10, 'Ford Ranger', 20, 496, 1),
(1420, 'PRT1419', 'Headlamp', NULL, 'Other', 10, 'Shelf B14', 2910.00, NULL, 7, 'Honda Fit', 3, 243, 1),
(1421, 'PRT1420', 'Timing Belt', NULL, 'Other', 84, 'Shelf H8', 14792.00, NULL, 10, 'VW Golf', 10, 351, 1),
(1422, 'PRT1421', 'Brake Disc', NULL, 'Other', 73, 'Shelf A10', 3952.00, NULL, 11, 'Toyota Hilux', 12, 98, 1),
(1423, 'PRT1422', 'Drive Belt', NULL, 'Other', 41, 'Shelf D8', 5661.00, NULL, 20, 'VW Golf', 1, 417, 1),
(1424, 'PRT1423', 'Battery', NULL, 'Other', 74, 'Shelf D18', 21452.00, NULL, 7, 'Toyota Hilux', 2, 400, 1),
(1425, 'PRT1424', 'Drive Belt', NULL, 'Other', 54, 'Shelf D13', 4999.00, NULL, 12, 'Subaru Forester', 10, 217, 1),
(1426, 'PRT1425', 'Clutch Kit', NULL, 'Other', 160, 'Shelf G3', 14283.00, NULL, 14, 'Mitsubishi L200', 5, 5, 1),
(1427, 'PRT1426', 'Brake Pad', NULL, 'Other', 68, 'Shelf F7', 4452.00, NULL, 16, 'Toyota Hilux', 7, 446, 1),
(1428, 'PRT1427', 'Brake Disc', NULL, 'Other', 33, 'Shelf C8', 16745.00, NULL, 7, 'Mazda Demio', 15, 257, 1),
(1429, 'PRT1428', 'Starter Motor', NULL, 'Other', 23, 'Shelf E20', 20392.00, NULL, 8, 'Ford Ranger', 17, 224, 1),
(1430, 'PRT1429', 'Wheel Bearing', NULL, 'Other', 94, 'Shelf D7', 9464.00, NULL, 8, 'Toyota Corolla', 2, 131, 1),
(1431, 'PRT1430', 'Fuel Filter', NULL, 'Other', 34, 'Shelf G11', 24018.00, NULL, 5, 'Isuzu D-Max', 15, 243, 1),
(1432, 'PRT1431', 'Clutch Kit', NULL, 'Other', 81, 'Shelf F8', 10795.00, NULL, 20, 'VW Golf', 10, 311, 1),
(1433, 'PRT1432', 'Shock Absorber', NULL, 'Other', 128, 'Shelf A10', 2392.00, NULL, 16, 'Ford Ranger', 12, 106, 1),
(1434, 'PRT1433', 'Oil Filter', NULL, 'Other', 158, 'Shelf A4', 16470.00, NULL, 15, 'Isuzu D-Max', 1, 264, 1),
(1435, 'PRT1434', 'CV Joint', NULL, 'Other', 40, 'Shelf B4', 24560.00, NULL, 18, 'Subaru Forester', 16, 45, 1),
(1436, 'PRT1435', 'Headlamp', NULL, 'Other', 181, 'Shelf H1', 18471.00, NULL, 15, 'Toyota Corolla', 7, 487, 1),
(1437, 'PRT1436', 'Fuel Filter', NULL, 'Other', 66, 'Shelf H1', 15673.00, NULL, 8, 'Honda Fit', 13, 58, 1),
(1438, 'PRT1437', 'Brake Pad', NULL, 'Other', 193, 'Shelf F11', 20635.00, NULL, 13, 'VW Golf', 10, 262, 1),
(1439, 'PRT1438', 'Side Mirror', NULL, 'Other', 178, 'Shelf G7', 5580.00, NULL, 11, 'Toyota Hilux', 6, 424, 1),
(1440, 'PRT1439', 'CV Joint', NULL, 'Other', 189, 'Shelf C1', 24655.00, NULL, 11, 'Ford Ranger', 9, 118, 1),
(1441, 'PRT1440', 'Tail Lamp', NULL, 'Other', 138, 'Shelf F18', 17530.00, NULL, 11, 'VW Golf', 6, 470, 1),
(1442, 'PRT1441', 'Timing Belt', NULL, 'Other', 83, 'Shelf B16', 19953.00, NULL, 8, 'Isuzu D-Max', 7, 206, 1),
(1443, 'PRT1442', 'Water Pump', NULL, 'Other', 148, 'Shelf E7', 24683.00, NULL, 14, 'Mazda Demio', 13, 36, 1),
(1444, 'PRT1443', 'Timing Belt', NULL, 'Other', 50, 'Shelf D4', 5613.00, NULL, 10, 'Honda Fit', 20, 252, 1),
(1445, 'PRT1444', 'Fuel Filter', NULL, 'Other', 34, 'Shelf C12', 6840.00, NULL, 7, 'Ford Ranger', 3, 96, 1),
(1446, 'PRT1445', 'Wheel Bearing', NULL, 'Other', 198, 'Shelf H12', 16730.00, NULL, 6, 'Toyota Hilux', 5, 348, 1),
(1447, 'PRT1446', 'Side Mirror', NULL, 'Other', 126, 'Shelf F3', 10017.00, NULL, 5, 'Ford Ranger', 13, 75, 1),
(1448, 'PRT1447', 'Alternator', NULL, 'Other', 163, 'Shelf A15', 17118.00, NULL, 11, 'Mitsubishi L200', 14, 122, 1),
(1449, 'PRT1448', 'Radiator', NULL, 'Other', 11, 'Shelf G10', 1090.00, NULL, 13, 'Nissan X-Trail', 17, 424, 1),
(1450, 'PRT1449', 'Alternator', NULL, 'Other', 170, 'Shelf E11', 9932.00, NULL, 7, 'Toyota Hilux', 19, 172, 1),
(1451, 'PRT1450', 'Wheel Bearing', NULL, 'Other', 101, 'Shelf E8', 7261.00, NULL, 12, 'Mitsubishi L200', 5, 44, 1),
(1452, 'PRT1451', 'Oil Filter', NULL, 'Other', 104, 'Shelf C3', 4228.00, NULL, 6, 'Mazda Demio', 1, 36, 1),
(1453, 'PRT1452', 'CV Joint', NULL, 'Other', 158, 'Shelf D1', 5582.00, NULL, 8, 'Mitsubishi L200', 20, 115, 1),
(1454, 'PRT1453', 'Water Pump', NULL, 'Other', 101, 'Shelf C16', 7831.00, NULL, 14, 'Ford Ranger', 11, 276, 1),
(1455, 'PRT1454', 'Battery', NULL, 'Other', 76, 'Shelf E15', 1857.00, NULL, 19, 'Honda Fit', 7, 293, 1),
(1456, 'PRT1455', 'Tail Lamp', NULL, 'Other', 135, 'Shelf A20', 17848.00, NULL, 7, 'Mazda Demio', 4, 378, 1),
(1457, 'PRT1456', 'Clutch Kit', NULL, 'Other', 102, 'Shelf G13', 15800.00, NULL, 6, 'VW Golf', 8, 293, 1),
(1458, 'PRT1457', 'Air Filter', NULL, 'Other', 47, 'Shelf G19', 22365.00, NULL, 20, 'Mitsubishi L200', 9, 43, 1),
(1459, 'PRT1458', 'Water Pump', NULL, 'Other', 156, 'Shelf C2', 17335.00, NULL, 11, 'VW Golf', 11, 166, 1),
(1460, 'PRT1459', 'Brake Disc', NULL, 'Other', 9, 'Shelf A15', 8356.00, NULL, 7, 'VW Golf', 4, 63, 1),
(1461, 'PRT1460', 'Water Pump', NULL, 'Other', 138, 'Shelf B12', 3576.00, NULL, 16, 'Honda Fit', 16, 380, 1),
(1462, 'PRT1461', 'Headlamp', NULL, 'Other', 199, 'Shelf E17', 18373.00, NULL, 14, 'Toyota Corolla', 18, 234, 1),
(1463, 'PRT1462', 'Tail Lamp', NULL, 'Other', 181, 'Shelf C18', 18176.00, NULL, 6, 'Ford Ranger', 9, 280, 1),
(1464, 'PRT1463', 'Fuel Filter', NULL, 'Other', 90, 'Shelf G7', 4504.00, NULL, 16, 'Nissan X-Trail', 4, 413, 1),
(1465, 'PRT1464', 'Shock Absorber', NULL, 'Other', 13, 'Shelf E3', 11058.00, NULL, 10, 'VW Golf', 14, 71, 1),
(1466, 'PRT1465', 'Oil Filter', NULL, 'Other', 29, 'Shelf G7', 16198.00, NULL, 7, 'Isuzu D-Max', 20, 252, 1),
(1467, 'PRT1466', 'Side Mirror', NULL, 'Other', 109, 'Shelf B11', 4357.00, NULL, 18, 'Ford Ranger', 3, 484, 1),
(1468, 'PRT1467', 'Starter Motor', NULL, 'Other', 83, 'Shelf A13', 24716.00, NULL, 18, 'Toyota Hilux', 11, 134, 1),
(1469, 'PRT1468', 'Shock Absorber', NULL, 'Other', 159, 'Shelf D10', 9929.00, NULL, 15, 'Honda Fit', 6, 472, 1),
(1470, 'PRT1469', 'Brake Disc', NULL, 'Other', 175, 'Shelf G4', 12490.00, NULL, 5, 'Honda Fit', 14, 45, 1),
(1471, 'PRT1470', 'Air Filter', NULL, 'Other', 151, 'Shelf B15', 14646.00, NULL, 10, 'Nissan X-Trail', 11, 220, 1),
(1472, 'PRT1471', 'Shock Absorber', NULL, 'Other', 74, 'Shelf H7', 9676.00, NULL, 15, 'Isuzu D-Max', 4, 395, 1),
(1473, 'PRT1472', 'Headlamp', NULL, 'Other', 108, 'Shelf A8', 11687.00, NULL, 6, 'Ford Ranger', 3, 410, 1),
(1474, 'PRT1473', 'Side Mirror', NULL, 'Other', 155, 'Shelf F13', 6574.00, NULL, 12, 'Mazda Demio', 20, 129, 1),
(1475, 'PRT1474', 'Brake Disc', NULL, 'Other', 182, 'Shelf D5', 22647.00, NULL, 8, 'Isuzu D-Max', 11, 365, 1),
(1476, 'PRT1475', 'Spark Plug', NULL, 'Other', 157, 'Shelf F14', 5719.00, NULL, 10, 'Mazda Demio', 3, 85, 1),
(1477, 'PRT1476', 'Tail Lamp', NULL, 'Other', 197, 'Shelf H20', 8598.00, NULL, 5, 'Toyota Corolla', 9, 254, 1),
(1478, 'PRT1477', 'Fuel Filter', NULL, 'Other', 108, 'Shelf G12', 22112.00, NULL, 12, 'Toyota Corolla', 16, 52, 1),
(1479, 'PRT1478', 'Air Filter', NULL, 'Other', 111, 'Shelf E11', 1799.00, NULL, 10, 'Toyota Corolla', 6, 325, 1),
(1480, 'PRT1479', 'Oil Filter', NULL, 'Other', 18, 'Shelf E8', 12648.00, NULL, 9, 'Honda Fit', 5, 297, 1),
(1481, 'PRT1480', 'Spark Plug', NULL, 'Other', 79, 'Shelf D7', 22394.00, NULL, 12, 'Subaru Forester', 7, 423, 1),
(1482, 'PRT1481', 'Starter Motor', NULL, 'Other', 29, 'Shelf G17', 3167.00, NULL, 15, 'Nissan X-Trail', 6, 112, 1),
(1483, 'PRT1482', 'Brake Disc', NULL, 'Other', 30, 'Shelf D14', 17040.00, NULL, 19, 'Nissan X-Trail', 10, 360, 1),
(1484, 'PRT1483', 'Tail Lamp', NULL, 'Other', 183, 'Shelf D1', 18901.00, NULL, 19, 'Isuzu D-Max', 16, 133, 1),
(1485, 'PRT1484', 'CV Joint', NULL, 'Other', 30, 'Shelf C8', 5692.00, NULL, 15, 'Isuzu D-Max', 14, 346, 1),
(1486, 'PRT1485', 'Shock Absorber', NULL, 'Other', 166, 'Shelf B15', 3734.00, NULL, 19, 'Isuzu D-Max', 18, 481, 1),
(1487, 'PRT1486', 'Clutch Kit', NULL, 'Other', 136, 'Shelf F10', 14989.00, NULL, 15, 'Toyota Corolla', 5, 349, 1),
(1488, 'PRT1487', 'Air Filter', NULL, 'Other', 44, 'Shelf E12', 15753.00, NULL, 12, 'Subaru Forester', 7, 276, 1),
(1489, 'PRT1488', 'Oil Filter', NULL, 'Other', 113, 'Shelf B16', 6563.00, NULL, 7, 'Mitsubishi L200', 12, 317, 1),
(1490, 'PRT1489', 'Radiator', NULL, 'Other', 44, 'Shelf D14', 3502.00, NULL, 16, 'Ford Ranger', 7, 322, 1),
(1491, 'PRT1490', 'Spark Plug', NULL, 'Other', 146, 'Shelf A10', 11222.00, NULL, 16, 'Ford Ranger', 7, 271, 1),
(1492, 'PRT1491', 'Shock Absorber', NULL, 'Other', 154, 'Shelf G17', 19319.00, NULL, 11, 'Nissan X-Trail', 20, 73, 1),
(1493, 'PRT1492', 'CV Joint', NULL, 'Other', 159, 'Shelf F5', 7680.00, NULL, 17, 'Nissan X-Trail', 20, 65, 1),
(1494, 'PRT1493', 'Drive Belt', NULL, 'Other', 90, 'Shelf G17', 22995.00, NULL, 13, 'Isuzu D-Max', 18, 77, 1),
(1495, 'PRT1494', 'Drive Belt', NULL, 'Other', 108, 'Shelf B13', 17746.00, NULL, 17, 'Mazda Demio', 17, 23, 1),
(1496, 'PRT1495', 'Drive Belt', NULL, 'Other', 104, 'Shelf D3', 20087.00, NULL, 10, 'Honda Fit', 1, 40, 1),
(1497, 'PRT1496', 'Tail Lamp', NULL, 'Other', 142, 'Shelf C11', 19893.00, NULL, 5, 'VW Golf', 11, 50, 1),
(1498, 'PRT1497', 'Timing Belt', NULL, 'Other', 181, 'Shelf D19', 22448.00, NULL, 20, 'Isuzu D-Max', 8, 389, 1),
(1499, 'PRT1498', 'Timing Belt', NULL, 'Other', 19, 'Shelf C10', 12390.00, NULL, 15, 'Honda Fit', 2, 66, 1),
(1500, 'PRT1499', 'CV Joint', NULL, 'Other', 57, 'Shelf H16', 23871.00, NULL, 14, 'VW Golf', 16, 425, 1),
(1501, 'PRT1500', 'Side Mirror', NULL, 'Other', 71, 'Shelf F6', 22805.00, NULL, 10, 'Honda Fit', 11, 123, 1),
(1502, 'PRT1501', 'Battery', NULL, 'Other', 119, 'Shelf G11', 24360.00, NULL, 13, 'Honda Fit', 12, 456, 1),
(1503, 'PRT1502', 'Water Pump', NULL, 'Other', 134, 'Shelf C3', 1999.00, NULL, 8, 'Isuzu D-Max', 12, 482, 1),
(1504, 'PRT1503', 'Clutch Kit', NULL, 'Other', 69, 'Shelf D13', 14271.00, NULL, 16, 'Honda Fit', 6, 186, 1),
(1505, 'PRT1504', 'Alternator', NULL, 'Other', 134, 'Shelf H6', 3078.00, NULL, 6, 'VW Golf', 4, 131, 1),
(1506, 'PRT1505', 'Wheel Bearing', NULL, 'Other', 26, 'Shelf G2', 17841.00, NULL, 16, 'Ford Ranger', 16, 38, 1),
(1507, 'PRT1506', 'CV Joint', NULL, 'Other', 6, 'Shelf A1', 1792.00, NULL, 11, 'Toyota Hilux', 2, 93, 1),
(1508, 'PRT1507', 'Battery', NULL, 'Other', 195, 'Shelf D2', 23276.00, NULL, 9, 'Isuzu D-Max', 20, 244, 1),
(1509, 'PRT1508', 'Oil Filter', NULL, 'Other', 74, 'Shelf B8', 10201.00, NULL, 12, 'Nissan X-Trail', 16, 183, 1),
(1510, 'PRT1509', 'Brake Pad', NULL, 'Other', 97, 'Shelf E9', 3715.00, NULL, 19, 'Mitsubishi L200', 11, 62, 1),
(1511, 'PRT1510', 'Fuel Filter', NULL, 'Other', 17, 'Shelf B2', 2691.00, NULL, 9, 'Isuzu D-Max', 2, 452, 1),
(1512, 'PRT1511', 'Brake Disc', NULL, 'Other', 187, 'Shelf A15', 8611.00, NULL, 12, 'Toyota Hilux', 16, 139, 1),
(1513, 'PRT1512', 'Clutch Kit', NULL, 'Other', 38, 'Shelf F19', 8677.00, NULL, 19, 'Nissan X-Trail', 12, 238, 1),
(1514, 'PRT1513', 'Oil Filter', NULL, 'Other', 186, 'Shelf F4', 15936.00, NULL, 16, 'VW Golf', 14, 341, 1),
(1515, 'PRT1514', 'Oil Filter', NULL, 'Other', 182, 'Shelf G9', 16224.00, NULL, 5, 'Toyota Corolla', 12, 269, 1),
(1516, 'PRT1515', 'Spark Plug', NULL, 'Other', 72, 'Shelf G4', 8715.00, NULL, 11, 'Toyota Hilux', 12, 486, 1),
(1517, 'PRT1516', 'Radiator', NULL, 'Other', 150, 'Shelf G20', 17473.00, NULL, 17, 'Ford Ranger', 8, 499, 1),
(1518, 'PRT1517', 'Oil Filter', NULL, 'Other', 87, 'Shelf B8', 14891.00, NULL, 11, 'Mitsubishi L200', 9, 97, 1),
(1519, 'PRT1518', 'Starter Motor', NULL, 'Other', 117, 'Shelf D15', 8816.00, NULL, 18, 'Isuzu D-Max', 8, 484, 1),
(1520, 'PRT1519', 'CV Joint', NULL, 'Other', 166, 'Shelf F5', 4573.00, NULL, 20, 'Toyota Corolla', 8, 323, 1),
(1521, 'PRT1520', 'Alternator', NULL, 'Other', 14, 'Shelf F3', 21311.00, NULL, 11, 'VW Golf', 4, 203, 1),
(1522, 'PRT1521', 'CV Joint', NULL, 'Other', 121, 'Shelf E14', 2311.00, NULL, 14, 'Mazda Demio', 19, 444, 1),
(1523, 'PRT1522', 'Side Mirror', NULL, 'Other', 67, 'Shelf D9', 5599.00, NULL, 19, 'Mitsubishi L200', 15, 63, 1),
(1524, 'PRT1523', 'Side Mirror', NULL, 'Other', 120, 'Shelf G11', 8057.00, NULL, 18, 'Mitsubishi L200', 2, 479, 1),
(1525, 'PRT1524', 'Headlamp', NULL, 'Other', 193, 'Shelf B1', 11456.00, NULL, 13, 'Nissan X-Trail', 14, 232, 1),
(1526, 'PRT1525', 'Oil Filter', NULL, 'Other', 107, 'Shelf E12', 12495.00, NULL, 7, 'VW Golf', 3, 247, 1),
(1527, 'PRT1526', 'Brake Disc', NULL, 'Other', 166, 'Shelf E9', 23623.00, NULL, 5, 'Toyota Corolla', 19, 80, 1),
(1528, 'PRT1527', 'Tail Lamp', NULL, 'Other', 64, 'Shelf F14', 15473.00, NULL, 16, 'Ford Ranger', 7, 242, 1),
(1529, 'PRT1528', 'Fuel Filter', NULL, 'Other', 28, 'Shelf G17', 21180.00, NULL, 6, 'Honda Fit', 9, 95, 1),
(1530, 'PRT1529', 'Alternator', NULL, 'Other', 32, 'Shelf C18', 15267.00, NULL, 8, 'Mazda Demio', 16, 215, 1),
(1531, 'PRT1530', 'Alternator', NULL, 'Other', 129, 'Shelf E9', 18297.00, NULL, 5, 'Ford Ranger', 8, 128, 1),
(1532, 'PRT1531', 'Radiator', NULL, 'Other', 78, 'Shelf G16', 8063.00, NULL, 11, 'Nissan X-Trail', 13, 23, 1),
(1533, 'PRT1532', 'Wheel Bearing', NULL, 'Other', 199, 'Shelf D2', 1635.00, NULL, 19, 'Honda Fit', 5, 132, 1),
(1534, 'PRT1533', 'Wheel Bearing', NULL, 'Other', 70, 'Shelf C9', 14627.00, NULL, 17, 'VW Golf', 11, 485, 1),
(1535, 'PRT1534', 'Starter Motor', NULL, 'Other', 151, 'Shelf F17', 21542.00, NULL, 8, 'Toyota Hilux', 9, 201, 1),
(1536, 'PRT1535', 'Starter Motor', NULL, 'Other', 26, 'Shelf F9', 18573.00, NULL, 11, 'Honda Fit', 18, 273, 1),
(1537, 'PRT1536', 'Tail Lamp', NULL, 'Other', 156, 'Shelf B20', 3477.00, NULL, 10, 'Honda Fit', 2, 188, 1),
(1538, 'PRT1537', 'CV Joint', NULL, 'Other', 180, 'Shelf C7', 10077.00, NULL, 20, 'Mitsubishi L200', 17, 212, 1),
(1539, 'PRT1538', 'Alternator', NULL, 'Other', 177, 'Shelf C20', 730.00, NULL, 19, 'VW Golf', 13, 96, 1),
(1540, 'PRT1539', 'Radiator', NULL, 'Other', 188, 'Shelf C13', 11803.00, NULL, 5, 'Nissan X-Trail', 1, 342, 1),
(1541, 'PRT1540', 'Brake Disc', NULL, 'Other', 181, 'Shelf D4', 7512.00, NULL, 7, 'Toyota Hilux', 18, 434, 1),
(1542, 'PRT1541', 'Clutch Kit', NULL, 'Other', 51, 'Shelf G6', 23904.00, NULL, 19, 'Isuzu D-Max', 18, 420, 1),
(1543, 'PRT1542', 'Brake Pad', NULL, 'Other', 142, 'Shelf D7', 1857.00, NULL, 15, 'Toyota Hilux', 1, 129, 1),
(1544, 'PRT1543', 'Spark Plug', NULL, 'Other', 35, 'Shelf D17', 14762.00, NULL, 5, 'VW Golf', 9, 460, 1),
(1545, 'PRT1544', 'Headlamp', NULL, 'Other', 191, 'Shelf A5', 12583.00, NULL, 5, 'Ford Ranger', 11, 43, 1),
(1546, 'PRT1545', 'Battery', NULL, 'Other', 29, 'Shelf B10', 22512.00, NULL, 13, 'Subaru Forester', 6, 491, 1),
(1547, 'PRT1546', 'Shock Absorber', NULL, 'Other', 154, 'Shelf E12', 16905.00, NULL, 11, 'VW Golf', 8, 186, 1),
(1548, 'PRT1547', 'Headlamp', NULL, 'Other', 25, 'Shelf B10', 17756.00, NULL, 12, 'Ford Ranger', 3, 366, 1),
(1549, 'PRT1548', 'Radiator', NULL, 'Other', 40, 'Shelf D19', 18790.00, NULL, 12, 'Toyota Hilux', 11, 44, 1),
(1550, 'PRT1549', 'Battery', NULL, 'Other', 54, 'Shelf F8', 8563.00, NULL, 10, 'Toyota Hilux', 10, 376, 1),
(1551, 'PRT1550', 'Fuel Filter', NULL, 'Other', 44, 'Shelf E16', 24486.00, NULL, 14, 'Honda Fit', 10, 389, 1),
(1552, 'PRT1551', 'Starter Motor', NULL, 'Other', 80, 'Shelf G18', 11675.00, NULL, 16, 'Toyota Hilux', 19, 417, 1),
(1553, 'PRT1552', 'Wheel Bearing', NULL, 'Other', 9, 'Shelf C4', 11877.00, NULL, 14, 'Toyota Corolla', 4, 441, 1),
(1554, 'PRT1553', 'Radiator', NULL, 'Other', 200, 'Shelf E1', 7724.00, NULL, 5, 'Isuzu D-Max', 1, 129, 1),
(1555, 'PRT1554', 'Brake Pad', NULL, 'Other', 112, 'Shelf G4', 15542.00, NULL, 18, 'VW Golf', 17, 495, 1),
(1556, 'PRT1555', 'Alternator', NULL, 'Other', 36, 'Shelf A6', 23939.00, NULL, 11, 'Mitsubishi L200', 5, 419, 1),
(1557, 'PRT1556', 'CV Joint', NULL, 'Other', 48, 'Shelf G20', 12355.00, NULL, 12, 'Honda Fit', 6, 347, 1),
(1558, 'PRT1557', 'CV Joint', NULL, 'Other', 52, 'Shelf D15', 15476.00, NULL, 13, 'Ford Ranger', 8, 169, 1),
(1559, 'PRT1558', 'Spark Plug', NULL, 'Other', 93, 'Shelf C17', 7924.00, NULL, 9, 'Toyota Corolla', 20, 220, 1),
(1560, 'PRT1559', 'Clutch Kit', NULL, 'Other', 52, 'Shelf D7', 22330.00, NULL, 6, 'Toyota Hilux', 9, 438, 1),
(1561, 'PRT1560', 'Alternator', NULL, 'Other', 85, 'Shelf G19', 23010.00, NULL, 9, 'Ford Ranger', 11, 205, 1),
(1562, 'PRT1561', 'Drive Belt', NULL, 'Other', 83, 'Shelf D18', 1559.00, NULL, 8, 'Isuzu D-Max', 20, 237, 1),
(1563, 'PRT1562', 'Fuel Filter', NULL, 'Other', 152, 'Shelf D20', 15710.00, NULL, 18, 'Isuzu D-Max', 12, 225, 1),
(1564, 'PRT1563', 'Timing Belt', NULL, 'Other', 197, 'Shelf E3', 18956.00, NULL, 15, 'VW Golf', 4, 360, 1),
(1565, 'PRT1564', 'Oil Filter', NULL, 'Other', 197, 'Shelf D3', 22973.00, NULL, 5, 'Subaru Forester', 5, 113, 1),
(1566, 'PRT1565', 'Oil Filter', NULL, 'Other', 111, 'Shelf E12', 4250.00, NULL, 7, 'Isuzu D-Max', 8, 89, 1),
(1567, 'PRT1566', 'Clutch Kit', NULL, 'Other', 83, 'Shelf F10', 15094.00, NULL, 20, 'Mitsubishi L200', 15, 24, 1),
(1568, 'PRT1567', 'Headlamp', NULL, 'Other', 53, 'Shelf F9', 7051.00, NULL, 18, 'Ford Ranger', 6, 12, 1),
(1569, 'PRT1568', 'Tail Lamp', NULL, 'Other', 81, 'Shelf F15', 17663.00, NULL, 7, 'Honda Fit', 9, 15, 1),
(1570, 'PRT1569', 'CV Joint', NULL, 'Other', 35, 'Shelf G14', 6339.00, NULL, 11, 'Ford Ranger', 2, 231, 1),
(1571, 'PRT1570', 'Brake Disc', NULL, 'Other', 149, 'Shelf H18', 18991.00, NULL, 18, 'Toyota Corolla', 1, 1, 1),
(1572, 'PRT1571', 'CV Joint', NULL, 'Other', 13, 'Shelf F5', 17803.00, NULL, 17, 'Ford Ranger', 10, 423, 1),
(1573, 'PRT1572', 'Clutch Kit', NULL, 'Other', 126, 'Shelf D16', 15797.00, NULL, 12, 'Mitsubishi L200', 7, 185, 1),
(1574, 'PRT1573', 'Headlamp', NULL, 'Other', 49, 'Shelf B20', 22562.00, NULL, 9, 'Honda Fit', 15, 101, 1),
(1575, 'PRT1574', 'Oil Filter', NULL, 'Other', 189, 'Shelf G11', 5969.00, NULL, 15, 'Nissan X-Trail', 12, 427, 1),
(1576, 'PRT1575', 'Timing Belt', NULL, 'Other', 38, 'Shelf H10', 6069.00, NULL, 19, 'Mazda Demio', 15, 57, 1),
(1577, 'PRT1576', 'Wheel Bearing', NULL, 'Other', 8, 'Shelf F1', 18782.00, NULL, 9, 'Honda Fit', 5, 127, 1),
(1578, 'PRT1577', 'Fuel Filter', NULL, 'Other', 141, 'Shelf H3', 11214.00, NULL, 14, 'VW Golf', 8, 267, 1),
(1579, 'PRT1578', 'Fuel Filter', NULL, 'Other', 125, 'Shelf C6', 9183.00, NULL, 19, 'Nissan X-Trail', 2, 372, 1),
(1580, 'PRT1579', 'Fuel Filter', NULL, 'Other', 136, 'Shelf F17', 22637.00, NULL, 14, 'Isuzu D-Max', 12, 140, 1),
(1581, 'PRT1580', 'Fuel Filter', NULL, 'Other', 23, 'Shelf G1', 9495.00, NULL, 18, 'VW Golf', 17, 475, 1),
(1582, 'PRT1581', 'Shock Absorber', NULL, 'Other', 72, 'Shelf F20', 21365.00, NULL, 7, 'Toyota Corolla', 9, 289, 1),
(1583, 'PRT1582', 'Fuel Filter', NULL, 'Other', 67, 'Shelf C8', 10332.00, NULL, 9, 'Nissan X-Trail', 14, 62, 1),
(1584, 'PRT1583', 'Headlamp', NULL, 'Other', 135, 'Shelf A3', 1033.00, NULL, 12, 'Toyota Corolla', 14, 429, 1),
(1585, 'PRT1584', 'Oil Filter', NULL, 'Other', 136, 'Shelf G16', 17458.00, NULL, 5, 'Toyota Corolla', 9, 127, 1),
(1586, 'PRT1585', 'Tail Lamp', NULL, 'Other', 48, 'Shelf F9', 15074.00, NULL, 13, 'Nissan X-Trail', 19, 436, 1),
(1587, 'PRT1586', 'Timing Belt', NULL, 'Other', 145, 'Shelf E8', 18239.00, NULL, 16, 'Mitsubishi L200', 20, 396, 1),
(1588, 'PRT1587', 'Side Mirror', NULL, 'Other', 138, 'Shelf D18', 16209.00, NULL, 14, 'Honda Fit', 7, 295, 1),
(1589, 'PRT1588', 'Air Filter', NULL, 'Other', 17, 'Shelf B16', 8765.00, NULL, 19, 'Subaru Forester', 2, 454, 1),
(1590, 'PRT1589', 'CV Joint', NULL, 'Other', 171, 'Shelf B5', 11178.00, NULL, 5, 'Mazda Demio', 18, 315, 1),
(1591, 'PRT1590', 'Headlamp', NULL, 'Other', 189, 'Shelf A8', 18927.00, NULL, 14, 'Ford Ranger', 10, 32, 1),
(1592, 'PRT1591', 'CV Joint', NULL, 'Other', 78, 'Shelf G15', 1470.00, NULL, 8, 'Isuzu D-Max', 16, 184, 1),
(1593, 'PRT1592', 'Alternator', NULL, 'Other', 21, 'Shelf G1', 22186.00, NULL, 9, 'Toyota Hilux', 16, 380, 1),
(1594, 'PRT1593', 'Brake Pad', NULL, 'Other', 177, 'Shelf A20', 3472.00, NULL, 8, 'Isuzu D-Max', 20, 188, 1),
(1595, 'PRT1594', 'Brake Pad', NULL, 'Other', 147, 'Shelf G19', 2371.00, NULL, 14, 'VW Golf', 14, 440, 1),
(1596, 'PRT1595', 'CV Joint', NULL, 'Other', 171, 'Shelf E2', 13410.00, NULL, 15, 'Nissan X-Trail', 1, 51, 1),
(1597, 'PRT1596', 'Brake Disc', NULL, 'Other', 81, 'Shelf D10', 7173.00, NULL, 9, 'Nissan X-Trail', 10, 471, 1),
(1598, 'PRT1597', 'Radiator', NULL, 'Other', 81, 'Shelf C2', 24930.00, NULL, 17, 'Subaru Forester', 15, 180, 1),
(1599, 'PRT1598', 'Oil Filter', NULL, 'Other', 56, 'Shelf D8', 10355.00, NULL, 20, 'Honda Fit', 17, 183, 1),
(1600, 'PRT1599', 'Battery', NULL, 'Other', 140, 'Shelf C4', 18270.00, NULL, 11, 'Honda Fit', 11, 206, 1),
(1601, 'PRT1600', 'Oil Filter', NULL, 'Other', 68, 'Shelf B15', 15266.00, NULL, 8, 'Isuzu D-Max', 7, 213, 1),
(1602, 'PRT1601', 'Clutch Kit', NULL, 'Other', 150, 'Shelf F1', 5145.00, NULL, 15, 'Mitsubishi L200', 2, 314, 1),
(1603, 'PRT1602', 'Oil Filter', NULL, 'Other', 51, 'Shelf B15', 23094.00, NULL, 5, 'Ford Ranger', 3, 385, 1),
(1604, 'PRT1603', 'CV Joint', NULL, 'Other', 53, 'Shelf B17', 2166.00, NULL, 9, 'Ford Ranger', 5, 498, 1),
(1605, 'PRT1604', 'Shock Absorber', NULL, 'Other', 140, 'Shelf H12', 4581.00, NULL, 11, 'Isuzu D-Max', 8, 212, 1),
(1606, 'PRT1605', 'Fuel Filter', NULL, 'Other', 31, 'Shelf B14', 10845.00, NULL, 16, 'Subaru Forester', 12, 111, 1),
(1607, 'PRT1606', 'Timing Belt', NULL, 'Other', 167, 'Shelf B19', 11436.00, NULL, 9, 'Toyota Hilux', 17, 464, 1),
(1608, 'PRT1607', 'Spark Plug', NULL, 'Other', 29, 'Shelf C11', 2373.00, NULL, 6, 'Subaru Forester', 18, 232, 1),
(1609, 'PRT1608', 'Radiator', NULL, 'Other', 127, 'Shelf B6', 6443.00, NULL, 8, 'VW Golf', 7, 144, 1),
(1610, 'PRT1609', 'Starter Motor', NULL, 'Other', 148, 'Shelf E4', 2528.00, NULL, 11, 'Mitsubishi L200', 7, 184, 1),
(1611, 'PRT1610', 'Oil Filter', NULL, 'Other', 159, 'Shelf H18', 7923.00, NULL, 11, 'Isuzu D-Max', 6, 50, 1),
(1612, 'PRT1611', 'Air Filter', NULL, 'Other', 83, 'Shelf G3', 17496.00, NULL, 15, 'Toyota Corolla', 16, 413, 1),
(1613, 'PRT1612', 'Fuel Filter', NULL, 'Other', 50, 'Shelf B2', 9676.00, NULL, 14, 'Isuzu D-Max', 13, 221, 1),
(1614, 'PRT1613', 'Water Pump', NULL, 'Other', 135, 'Shelf D14', 2682.00, NULL, 8, 'Toyota Hilux', 10, 313, 1),
(1615, 'PRT1614', 'Clutch Kit', NULL, 'Other', 186, 'Shelf G4', 24768.00, NULL, 16, 'Subaru Forester', 20, 110, 1),
(1616, 'PRT1615', 'Spark Plug', NULL, 'Other', 83, 'Shelf G8', 3595.00, NULL, 15, 'Toyota Corolla', 15, 71, 1),
(1617, 'PRT1616', 'Clutch Kit', NULL, 'Other', 177, 'Shelf A18', 6396.00, NULL, 12, 'Honda Fit', 13, 191, 1),
(1618, 'PRT1617', 'Water Pump', NULL, 'Other', 105, 'Shelf E2', 18326.00, NULL, 11, 'Toyota Hilux', 6, 171, 1),
(1619, 'PRT1618', 'Clutch Kit', NULL, 'Other', 176, 'Shelf D4', 9176.00, NULL, 5, 'Nissan X-Trail', 13, 119, 1),
(1620, 'PRT1619', 'Timing Belt', NULL, 'Other', 141, 'Shelf H6', 22836.00, NULL, 5, 'Mitsubishi L200', 2, 447, 1),
(1621, 'PRT1620', 'Timing Belt', NULL, 'Other', 87, 'Shelf C13', 11951.00, NULL, 18, 'Toyota Hilux', 11, 231, 1),
(1622, 'PRT1621', 'Air Filter', NULL, 'Other', 30, 'Shelf F2', 6234.00, NULL, 17, 'Ford Ranger', 14, 398, 1),
(1623, 'PRT1622', 'Starter Motor', NULL, 'Other', 183, 'Shelf H10', 21786.00, NULL, 14, 'Toyota Hilux', 8, 36, 1),
(1624, 'PRT1623', 'Wheel Bearing', NULL, 'Other', 183, 'Shelf H2', 9013.00, NULL, 7, 'Nissan X-Trail', 8, 215, 1),
(1625, 'PRT1624', 'Tail Lamp', NULL, 'Other', 186, 'Shelf B1', 8062.00, NULL, 8, 'Toyota Corolla', 7, 313, 1),
(1626, 'PRT1625', 'Tail Lamp', NULL, 'Other', 47, 'Shelf D10', 1332.00, NULL, 8, 'Nissan X-Trail', 15, 470, 1),
(1627, 'PRT1626', 'Tail Lamp', NULL, 'Other', 177, 'Shelf B19', 11653.00, NULL, 18, 'Toyota Corolla', 1, 104, 1),
(1628, 'PRT1627', 'Wheel Bearing', NULL, 'Other', 58, 'Shelf A9', 7516.00, NULL, 5, 'Honda Fit', 12, 190, 1),
(1629, 'PRT1628', 'Shock Absorber', NULL, 'Other', 70, 'Shelf A6', 14119.00, NULL, 5, 'Mazda Demio', 20, 301, 1),
(1630, 'PRT1629', 'Oil Filter', NULL, 'Other', 68, 'Shelf G10', 20681.00, NULL, 6, 'Mazda Demio', 3, 51, 1),
(1631, 'PRT1630', 'Air Filter', NULL, 'Other', 155, 'Shelf H1', 1292.00, NULL, 8, 'VW Golf', 4, 278, 1),
(1632, 'PRT1631', 'Radiator', NULL, 'Other', 74, 'Shelf D8', 24584.00, NULL, 15, 'Subaru Forester', 9, 59, 1),
(1633, 'PRT1632', 'Clutch Kit', NULL, 'Other', 102, 'Shelf G19', 2633.00, NULL, 15, 'VW Golf', 11, 463, 1),
(1634, 'PRT1633', 'CV Joint', NULL, 'Other', 111, 'Shelf G7', 11203.00, NULL, 15, 'Mitsubishi L200', 7, 467, 1),
(1635, 'PRT1634', 'Air Filter', NULL, 'Other', 160, 'Shelf A8', 771.00, NULL, 13, 'Mazda Demio', 17, 242, 1),
(1636, 'PRT1635', 'Drive Belt', NULL, 'Other', 96, 'Shelf B20', 8665.00, NULL, 18, 'Mitsubishi L200', 9, 90, 1),
(1637, 'PRT1636', 'Side Mirror', NULL, 'Other', 144, 'Shelf F3', 6135.00, NULL, 12, 'Subaru Forester', 3, 485, 1),
(1638, 'PRT1637', 'Fuel Filter', NULL, 'Other', 183, 'Shelf A4', 19109.00, NULL, 10, 'Mitsubishi L200', 2, 55, 1),
(1639, 'PRT1638', 'Water Pump', NULL, 'Other', 108, 'Shelf E3', 21319.00, NULL, 14, 'Nissan X-Trail', 19, 219, 1),
(1640, 'PRT1639', 'Side Mirror', NULL, 'Other', 86, 'Shelf A16', 16410.00, NULL, 10, 'Toyota Hilux', 16, 50, 1),
(1641, 'PRT1640', 'Tail Lamp', NULL, 'Other', 188, 'Shelf B8', 18800.00, NULL, 12, 'Subaru Forester', 14, 444, 1),
(1642, 'PRT1641', 'Drive Belt', NULL, 'Other', 147, 'Shelf C10', 6339.00, NULL, 12, 'Subaru Forester', 5, 190, 1),
(1643, 'PRT1642', 'Wheel Bearing', NULL, 'Other', 121, 'Shelf C2', 6884.00, NULL, 18, 'Mazda Demio', 11, 101, 1),
(1644, 'PRT1643', 'Side Mirror', NULL, 'Other', 19, 'Shelf E2', 8255.00, NULL, 9, 'Toyota Corolla', 16, 268, 1),
(1645, 'PRT1644', 'Shock Absorber', NULL, 'Other', 100, 'Shelf E5', 12298.00, NULL, 16, 'Mazda Demio', 6, 71, 1),
(1646, 'PRT1645', 'Air Filter', NULL, 'Other', 174, 'Shelf E6', 9646.00, NULL, 14, 'Honda Fit', 13, 452, 1),
(1647, 'PRT1646', 'Brake Disc', NULL, 'Other', 136, 'Shelf A13', 11172.00, NULL, 20, 'Toyota Hilux', 17, 452, 1),
(1648, 'PRT1647', 'Spark Plug', NULL, 'Other', 168, 'Shelf E14', 14120.00, NULL, 20, 'Mazda Demio', 10, 160, 1),
(1649, 'PRT1648', 'Radiator', NULL, 'Other', 121, 'Shelf B14', 18809.00, NULL, 7, 'Toyota Corolla', 9, 487, 1),
(1650, 'PRT1649', 'CV Joint', NULL, 'Other', 94, 'Shelf B15', 17237.00, NULL, 20, 'Isuzu D-Max', 4, 115, 1),
(1651, 'PRT1650', 'Air Filter', NULL, 'Other', 149, 'Shelf G20', 13810.00, NULL, 12, 'Toyota Corolla', 2, 91, 1),
(1652, 'PRT1651', 'Water Pump', NULL, 'Other', 194, 'Shelf F6', 23434.00, NULL, 6, 'Mazda Demio', 4, 69, 1),
(1653, 'PRT1652', 'Brake Pad', NULL, 'Other', 57, 'Shelf F20', 3870.00, NULL, 12, 'Nissan X-Trail', 13, 364, 1),
(1654, 'PRT1653', 'Spark Plug', NULL, 'Other', 98, 'Shelf A11', 16085.00, NULL, 12, 'Toyota Corolla', 7, 0, 1),
(1655, 'PRT1654', 'Spark Plug', NULL, 'Other', 68, 'Shelf B11', 13755.00, NULL, 9, 'Toyota Hilux', 2, 458, 1),
(1656, 'PRT1655', 'Fuel Filter', NULL, 'Other', 137, 'Shelf G1', 22418.00, NULL, 16, 'Toyota Corolla', 15, 73, 1),
(1657, 'PRT1656', 'Air Filter', NULL, 'Other', 122, 'Shelf H15', 21219.00, NULL, 5, 'Mitsubishi L200', 17, 21, 1),
(1658, 'PRT1657', 'Wheel Bearing', NULL, 'Other', 10, 'Shelf B3', 4593.00, NULL, 14, 'VW Golf', 19, 199, 1),
(1659, 'PRT1658', 'CV Joint', NULL, 'Other', 37, 'Shelf G10', 1838.00, NULL, 7, 'VW Golf', 13, 486, 1),
(1660, 'PRT1659', 'CV Joint', NULL, 'Other', 109, 'Shelf G10', 23752.00, NULL, 15, 'Nissan X-Trail', 19, 293, 1),
(1661, 'PRT1660', 'Brake Disc', NULL, 'Other', 129, 'Shelf D3', 6663.00, NULL, 10, 'Subaru Forester', 5, 359, 1),
(1662, 'PRT1661', 'Headlamp', NULL, 'Other', 63, 'Shelf F13', 6832.00, NULL, 9, 'Mitsubishi L200', 4, 365, 1),
(1663, 'PRT1662', 'Tail Lamp', NULL, 'Other', 82, 'Shelf G3', 23361.00, NULL, 13, 'VW Golf', 8, 367, 1),
(1664, 'PRT1663', 'Oil Filter', NULL, 'Other', 59, 'Shelf B9', 3651.00, NULL, 20, 'Honda Fit', 19, 393, 1),
(1665, 'PRT1664', 'Fuel Filter', NULL, 'Other', 71, 'Shelf D16', 18788.00, NULL, 11, 'Mitsubishi L200', 11, 403, 1),
(1666, 'PRT1665', 'Battery', NULL, 'Other', 184, 'Shelf G19', 10537.00, NULL, 20, 'Honda Fit', 20, 328, 1),
(1667, 'PRT1666', 'Radiator', NULL, 'Other', 114, 'Shelf F8', 24339.00, NULL, 6, 'VW Golf', 10, 463, 1),
(1668, 'PRT1667', 'Drive Belt', NULL, 'Other', 6, 'Shelf F1', 7544.00, NULL, 17, 'Toyota Corolla', 13, 264, 1),
(1669, 'PRT1668', 'Wheel Bearing', NULL, 'Other', 137, 'Shelf G7', 12032.00, NULL, 20, 'VW Golf', 3, 400, 1),
(1670, 'PRT1669', 'Brake Disc', NULL, 'Other', 180, 'Shelf A4', 2924.00, NULL, 12, 'Honda Fit', 13, 183, 1),
(1671, 'PRT1670', 'Brake Pad', NULL, 'Other', 21, 'Shelf F20', 2791.00, NULL, 10, 'Honda Fit', 14, 191, 1),
(1672, 'PRT1671', 'Spark Plug', NULL, 'Other', 192, 'Shelf B3', 3710.00, NULL, 19, 'Nissan X-Trail', 19, 419, 1),
(1673, 'PRT1672', 'Fuel Filter', NULL, 'Other', 71, 'Shelf E13', 1488.00, NULL, 11, 'Isuzu D-Max', 1, 277, 1),
(1674, 'PRT1673', 'Side Mirror', NULL, 'Other', 25, 'Shelf C8', 2143.00, NULL, 10, 'Ford Ranger', 13, 70, 1),
(1675, 'PRT1674', 'Water Pump', NULL, 'Other', 175, 'Shelf H18', 12275.00, NULL, 6, 'Toyota Corolla', 9, 396, 1),
(1676, 'PRT1675', 'Water Pump', NULL, 'Other', 119, 'Shelf A9', 13437.00, NULL, 15, 'Toyota Corolla', 12, 96, 1),
(1677, 'PRT1676', 'Radiator', NULL, 'Other', 147, 'Shelf B6', 4523.00, NULL, 20, 'Mazda Demio', 17, 210, 1),
(1678, 'PRT1677', 'Air Filter', NULL, 'Other', 62, 'Shelf B8', 8405.00, NULL, 16, 'VW Golf', 14, 454, 1),
(1679, 'PRT1678', 'Side Mirror', NULL, 'Other', 42, 'Shelf A1', 3447.00, NULL, 8, 'Nissan X-Trail', 1, 226, 1),
(1680, 'PRT1679', 'Fuel Filter', NULL, 'Other', 141, 'Shelf H5', 16121.00, NULL, 9, 'Ford Ranger', 13, 0, 1),
(1681, 'PRT1680', 'Fuel Filter', NULL, 'Other', 21, 'Shelf B6', 20402.00, NULL, 19, 'Isuzu D-Max', 20, 349, 1),
(1682, 'PRT1681', 'CV Joint', NULL, 'Other', 39, 'Shelf G7', 24604.00, NULL, 8, 'Toyota Corolla', 14, 411, 1),
(1683, 'PRT1682', 'Headlamp', NULL, 'Other', 9, 'Shelf E2', 3768.00, NULL, 18, 'Subaru Forester', 13, 62, 1),
(1684, 'PRT1683', 'Alternator', NULL, 'Other', 133, 'Shelf A14', 2561.00, NULL, 15, 'VW Golf', 6, 148, 1),
(1685, 'PRT1684', 'Timing Belt', NULL, 'Other', 81, 'Shelf G18', 11701.00, NULL, 16, 'Honda Fit', 17, 78, 1),
(1686, 'PRT1685', 'Wheel Bearing', NULL, 'Other', 98, 'Shelf A7', 10411.00, NULL, 13, 'Toyota Corolla', 6, 238, 1),
(1687, 'PRT1686', 'Starter Motor', NULL, 'Other', 94, 'Shelf G20', 3403.00, NULL, 17, 'Isuzu D-Max', 13, 317, 1),
(1688, 'PRT1687', 'Drive Belt', NULL, 'Other', 175, 'Shelf C16', 2564.00, NULL, 10, 'Mitsubishi L200', 17, 432, 1),
(1689, 'PRT1688', 'Battery', NULL, 'Other', 59, 'Shelf D16', 10898.00, NULL, 18, 'Isuzu D-Max', 12, 272, 1),
(1690, 'PRT1689', 'Tail Lamp', NULL, 'Other', 56, 'Shelf G2', 14206.00, NULL, 20, 'VW Golf', 12, 365, 1),
(1691, 'PRT1690', 'Wheel Bearing', NULL, 'Other', 68, 'Shelf B13', 13971.00, NULL, 14, 'Subaru Forester', 19, 403, 1),
(1692, 'PRT1691', 'Tail Lamp', NULL, 'Other', 105, 'Shelf E17', 11399.00, NULL, 7, 'Isuzu D-Max', 18, 60, 1),
(1693, 'PRT1692', 'Tail Lamp', NULL, 'Other', 79, 'Shelf H18', 7799.00, NULL, 8, 'Nissan X-Trail', 7, 399, 1),
(1694, 'PRT1693', 'Spark Plug', NULL, 'Other', 120, 'Shelf F5', 19569.00, NULL, 8, 'Subaru Forester', 2, 319, 1),
(1695, 'PRT1694', 'Clutch Kit', NULL, 'Other', 43, 'Shelf H4', 8701.00, NULL, 16, 'Toyota Hilux', 2, 376, 1),
(1696, 'PRT1695', 'Side Mirror', NULL, 'Other', 118, 'Shelf H12', 19649.00, NULL, 20, 'Toyota Hilux', 10, 364, 1),
(1697, 'PRT1696', 'Air Filter', NULL, 'Other', 104, 'Shelf D1', 919.00, NULL, 15, 'Ford Ranger', 9, 337, 1),
(1698, 'PRT1697', 'CV Joint', NULL, 'Other', 76, 'Shelf E3', 24704.00, NULL, 19, 'Mitsubishi L200', 5, 406, 1),
(1699, 'PRT1698', 'Brake Pad', NULL, 'Other', 45, 'Shelf E12', 21148.00, NULL, 12, 'Ford Ranger', 8, 47, 1),
(1700, 'PRT1699', 'Tail Lamp', NULL, 'Other', 160, 'Shelf A1', 11349.00, NULL, 6, 'Isuzu D-Max', 3, 481, 1),
(1701, 'PRT1700', 'Starter Motor', NULL, 'Other', 32, 'Shelf G1', 9407.00, NULL, 16, 'Mitsubishi L200', 2, 96, 1),
(1702, 'PRT1701', 'Radiator', NULL, 'Other', 130, 'Shelf H19', 11673.00, NULL, 10, 'Toyota Hilux', 5, 75, 1),
(1703, 'PRT1702', 'Timing Belt', NULL, 'Other', 68, 'Shelf F4', 11609.00, NULL, 11, 'Nissan X-Trail', 6, 245, 1),
(1704, 'PRT1703', 'CV Joint', NULL, 'Other', 62, 'Shelf E13', 23856.00, NULL, 18, 'Mazda Demio', 17, 397, 1),
(1705, 'PRT1704', 'Clutch Kit', NULL, 'Other', 144, 'Shelf A3', 9807.00, NULL, 5, 'Mitsubishi L200', 16, 61, 1),
(1706, 'PRT1705', 'Side Mirror', NULL, 'Other', 141, 'Shelf D11', 6761.00, NULL, 11, 'Mitsubishi L200', 4, 124, 1),
(1707, 'PRT1706', 'CV Joint', NULL, 'Other', 91, 'Shelf D7', 7629.00, NULL, 11, 'Toyota Corolla', 14, 368, 1),
(1708, 'PRT1707', 'Brake Pad', NULL, 'Other', 16, 'Shelf G19', 3509.00, NULL, 13, 'VW Golf', 11, 414, 1),
(1709, 'PRT1708', 'Fuel Filter', NULL, 'Other', 59, 'Shelf G4', 14601.00, NULL, 10, 'Subaru Forester', 1, 249, 1),
(1710, 'PRT1709', 'Spark Plug', NULL, 'Other', 116, 'Shelf A13', 1601.00, NULL, 14, 'Subaru Forester', 3, 345, 1),
(1711, 'PRT1710', 'Fuel Filter', NULL, 'Other', 161, 'Shelf D11', 3440.00, NULL, 14, 'Ford Ranger', 4, 481, 1),
(1712, 'PRT1711', 'Alternator', NULL, 'Other', 78, 'Shelf G19', 22881.00, NULL, 12, 'Ford Ranger', 17, 6, 1),
(1713, 'PRT1712', 'CV Joint', NULL, 'Other', 15, 'Shelf D15', 20212.00, NULL, 17, 'Nissan X-Trail', 16, 404, 1),
(1714, 'PRT1713', 'Radiator', NULL, 'Other', 16, 'Shelf D14', 19395.00, NULL, 8, 'Nissan X-Trail', 7, 131, 1),
(1715, 'PRT1714', 'Tail Lamp', NULL, 'Other', 62, 'Shelf H18', 5812.00, NULL, 10, 'Isuzu D-Max', 20, 247, 1),
(1716, 'PRT1715', 'Tail Lamp', NULL, 'Other', 27, 'Shelf E2', 15187.00, NULL, 8, 'Mitsubishi L200', 17, 500, 1),
(1717, 'PRT1716', 'Drive Belt', NULL, 'Other', 36, 'Shelf B7', 20919.00, NULL, 10, 'Ford Ranger', 20, 395, 1),
(1718, 'PRT1717', 'Air Filter', NULL, 'Other', 168, 'Shelf A8', 19212.00, NULL, 20, 'Mitsubishi L200', 18, 295, 1),
(1719, 'PRT1718', 'Oil Filter', NULL, 'Other', 103, 'Shelf B18', 21591.00, NULL, 14, 'Ford Ranger', 14, 129, 1),
(1720, 'PRT1719', 'Side Mirror', NULL, 'Other', 183, 'Shelf E11', 8180.00, NULL, 8, 'Nissan X-Trail', 11, 114, 1),
(1721, 'PRT1720', 'Oil Filter', NULL, 'Other', 191, 'Shelf D13', 15405.00, NULL, 16, 'Subaru Forester', 11, 425, 1),
(1722, 'PRT1721', 'Timing Belt', NULL, 'Other', 175, 'Shelf B14', 1639.00, NULL, 5, 'Mazda Demio', 20, 446, 1),
(1723, 'PRT1722', 'Shock Absorber', NULL, 'Other', 90, 'Shelf F12', 8562.00, NULL, 15, 'Isuzu D-Max', 17, 121, 1),
(1724, 'PRT1723', 'Drive Belt', NULL, 'Other', 46, 'Shelf B4', 4686.00, NULL, 16, 'Ford Ranger', 13, 435, 1),
(1725, 'PRT1724', 'Radiator', NULL, 'Other', 165, 'Shelf G1', 20220.00, NULL, 20, 'Nissan X-Trail', 20, 352, 1),
(1726, 'PRT1725', 'Tail Lamp', NULL, 'Other', 157, 'Shelf C17', 10967.00, NULL, 5, 'Nissan X-Trail', 16, 257, 1),
(1727, 'PRT1726', 'Drive Belt', NULL, 'Other', 87, 'Shelf D8', 803.00, NULL, 12, 'Isuzu D-Max', 5, 246, 1),
(1728, 'PRT1727', 'Fuel Filter', NULL, 'Other', 198, 'Shelf A7', 1547.00, NULL, 15, 'Mazda Demio', 11, 390, 1),
(1729, 'PRT1728', 'Brake Pad', NULL, 'Other', 92, 'Shelf B1', 24100.00, NULL, 20, 'VW Golf', 2, 284, 1),
(1730, 'PRT1729', 'Radiator', NULL, 'Other', 137, 'Shelf A14', 11676.00, NULL, 17, 'Honda Fit', 3, 235, 1),
(1731, 'PRT1730', 'Battery', NULL, 'Other', 30, 'Shelf H12', 19035.00, NULL, 9, 'Mitsubishi L200', 8, 66, 1),
(1732, 'PRT1731', 'Starter Motor', NULL, 'Other', 21, 'Shelf G12', 2222.00, NULL, 8, 'Toyota Hilux', 9, 490, 1),
(1733, 'PRT1732', 'Radiator', NULL, 'Other', 136, 'Shelf H15', 3453.00, NULL, 18, 'Toyota Hilux', 17, 134, 1),
(1734, 'PRT1733', 'Water Pump', NULL, 'Other', 111, 'Shelf A12', 7934.00, NULL, 11, 'Mazda Demio', 11, 390, 1),
(1735, 'PRT1734', 'Radiator', NULL, 'Other', 15, 'Shelf B18', 20224.00, NULL, 18, 'Mitsubishi L200', 1, 296, 1),
(1736, 'PRT1735', 'Brake Disc', NULL, 'Other', 26, 'Shelf G9', 2343.00, NULL, 18, 'VW Golf', 5, 232, 1),
(1737, 'PRT1736', 'Headlamp', NULL, 'Other', 152, 'Shelf A5', 2830.00, NULL, 12, 'Mitsubishi L200', 16, 108, 1),
(1738, 'PRT1737', 'Timing Belt', NULL, 'Other', 122, 'Shelf B9', 8166.00, NULL, 15, 'Mitsubishi L200', 6, 333, 1),
(1739, 'PRT1738', 'Drive Belt', NULL, 'Other', 20, 'Shelf B5', 8967.00, NULL, 9, 'Subaru Forester', 9, 203, 1),
(1740, 'PRT1739', 'Brake Disc', NULL, 'Other', 11, 'Shelf H14', 12479.00, NULL, 18, 'Ford Ranger', 14, 300, 1),
(1741, 'PRT1740', 'Wheel Bearing', NULL, 'Other', 167, 'Shelf B5', 6542.00, NULL, 12, 'Mitsubishi L200', 15, 251, 1),
(1742, 'PRT1741', 'Water Pump', NULL, 'Other', 112, 'Shelf A18', 21607.00, NULL, 5, 'Mitsubishi L200', 2, 309, 1),
(1743, 'PRT1742', 'Starter Motor', NULL, 'Other', 183, 'Shelf E6', 11076.00, NULL, 18, 'Toyota Corolla', 15, 416, 1),
(1744, 'PRT1743', 'Side Mirror', NULL, 'Other', 57, 'Shelf H16', 7827.00, NULL, 7, 'Mazda Demio', 1, 343, 1),
(1745, 'PRT1744', 'Radiator', NULL, 'Other', 94, 'Shelf G20', 16449.00, NULL, 5, 'Honda Fit', 12, 134, 1),
(1746, 'PRT1745', 'Radiator', NULL, 'Other', 50, 'Shelf F20', 13387.00, NULL, 20, 'Nissan X-Trail', 3, 488, 1),
(1747, 'PRT1746', 'Headlamp', NULL, 'Other', 174, 'Shelf C17', 16824.00, NULL, 8, 'Subaru Forester', 15, 489, 1),
(1748, 'PRT1747', 'Battery', NULL, 'Other', 16, 'Shelf D5', 17966.00, NULL, 8, 'Toyota Corolla', 6, 24, 1),
(1749, 'PRT1748', 'Tail Lamp', NULL, 'Other', 94, 'Shelf D1', 8731.00, NULL, 17, 'Toyota Hilux', 14, 92, 1),
(1750, 'PRT1749', 'Brake Disc', NULL, 'Other', 188, 'Shelf E12', 12240.00, NULL, 14, 'Nissan X-Trail', 6, 276, 1),
(1751, 'PRT1750', 'Battery', NULL, 'Other', 10, 'Shelf H6', 6948.00, NULL, 9, 'Isuzu D-Max', 13, 129, 1),
(1752, 'PRT1751', 'Brake Disc', NULL, 'Other', 151, 'Shelf H14', 14527.00, NULL, 13, 'Ford Ranger', 14, 387, 1),
(1753, 'PRT1752', 'Radiator', NULL, 'Other', 81, 'Shelf A4', 5574.00, NULL, 9, 'Nissan X-Trail', 15, 199, 1),
(1754, 'PRT1753', 'Air Filter', NULL, 'Other', 50, 'Shelf H15', 13410.00, NULL, 10, 'Mazda Demio', 7, 109, 1),
(1755, 'PRT1754', 'Clutch Kit', NULL, 'Other', 23, 'Shelf D10', 12818.00, NULL, 16, 'Mitsubishi L200', 9, 338, 1),
(1756, 'PRT1755', 'Drive Belt', NULL, 'Other', 169, 'Shelf A15', 4725.00, NULL, 13, 'Toyota Hilux', 14, 104, 1),
(1757, 'PRT1756', 'Air Filter', NULL, 'Other', 35, 'Shelf B9', 4875.00, NULL, 18, 'Isuzu D-Max', 17, 417, 1),
(1758, 'PRT1757', 'Timing Belt', NULL, 'Other', 112, 'Shelf H1', 14216.00, NULL, 6, 'Subaru Forester', 6, 136, 1),
(1759, 'PRT1758', 'Drive Belt', NULL, 'Other', 90, 'Shelf C2', 21691.00, NULL, 16, 'Subaru Forester', 9, 103, 1),
(1760, 'PRT1759', 'Battery', NULL, 'Other', 45, 'Shelf F5', 18192.00, NULL, 6, 'Honda Fit', 14, 448, 1),
(1761, 'PRT1760', 'Starter Motor', NULL, 'Other', 174, 'Shelf D19', 23367.00, NULL, 5, 'Nissan X-Trail', 10, 208, 1),
(1762, 'PRT1761', 'Alternator', NULL, 'Other', 53, 'Shelf B3', 18038.00, NULL, 11, 'Honda Fit', 8, 333, 1),
(1763, 'PRT1762', 'Water Pump', NULL, 'Other', 66, 'Shelf A7', 19333.00, NULL, 11, 'Ford Ranger', 13, 119, 1),
(1764, 'PRT1763', 'CV Joint', NULL, 'Other', 92, 'Shelf G11', 10475.00, NULL, 10, 'Nissan X-Trail', 6, 500, 1),
(1765, 'PRT1764', 'Brake Disc', NULL, 'Other', 179, 'Shelf E12', 18196.00, NULL, 7, 'Toyota Hilux', 1, 143, 1),
(1766, 'PRT1765', 'Air Filter', NULL, 'Other', 156, 'Shelf G16', 14654.00, NULL, 18, 'Mitsubishi L200', 5, 120, 1),
(1767, 'PRT1766', 'Shock Absorber', NULL, 'Other', 75, 'Shelf F13', 23871.00, NULL, 20, 'Honda Fit', 17, 215, 1),
(1768, 'PRT1767', 'Water Pump', NULL, 'Other', 65, 'Shelf G19', 13902.00, NULL, 19, 'Subaru Forester', 11, 299, 1),
(1769, 'PRT1768', 'Water Pump', NULL, 'Other', 41, 'Shelf E14', 11666.00, NULL, 10, 'Ford Ranger', 11, 349, 1),
(1770, 'PRT1769', 'Radiator', NULL, 'Other', 55, 'Shelf F9', 14761.00, NULL, 11, 'Toyota Hilux', 10, 277, 1),
(1771, 'PRT1770', 'Drive Belt', NULL, 'Other', 140, 'Shelf C7', 15199.00, NULL, 17, 'Ford Ranger', 15, 283, 1),
(1772, 'PRT1771', 'Wheel Bearing', NULL, 'Other', 91, 'Shelf F13', 21108.00, NULL, 10, 'Honda Fit', 14, 349, 1),
(1773, 'PRT1772', 'Clutch Kit', NULL, 'Other', 117, 'Shelf D14', 3439.00, NULL, 17, 'Ford Ranger', 2, 40, 1),
(1774, 'PRT1773', 'Water Pump', NULL, 'Other', 5, 'Shelf E6', 10734.00, NULL, 16, 'Ford Ranger', 3, 207, 1),
(1775, 'PRT1774', 'Clutch Kit', NULL, 'Other', 193, 'Shelf A12', 13069.00, NULL, 17, 'Honda Fit', 6, 94, 1),
(1776, 'PRT1775', 'Fuel Filter', NULL, 'Other', 96, 'Shelf G17', 901.00, NULL, 14, 'Mazda Demio', 9, 75, 1),
(1777, 'PRT1776', 'Starter Motor', NULL, 'Other', 48, 'Shelf C15', 20906.00, NULL, 17, 'Subaru Forester', 1, 142, 1),
(1778, 'PRT1777', 'Wheel Bearing', NULL, 'Other', 77, 'Shelf E20', 10121.00, NULL, 10, 'Mitsubishi L200', 4, 54, 1),
(1779, 'PRT1778', 'Timing Belt', NULL, 'Other', 139, 'Shelf G13', 10227.00, NULL, 10, 'Honda Fit', 6, 310, 1),
(1780, 'PRT1779', 'Brake Disc', NULL, 'Other', 55, 'Shelf C16', 10710.00, NULL, 10, 'Ford Ranger', 4, 22, 1),
(1781, 'PRT1780', 'Oil Filter', NULL, 'Other', 19, 'Shelf D12', 17276.00, NULL, 16, 'Toyota Hilux', 9, 485, 1),
(1782, 'PRT1781', 'Tail Lamp', NULL, 'Other', 98, 'Shelf A7', 3979.00, NULL, 14, 'Mazda Demio', 13, 464, 1),
(1783, 'PRT1782', 'Shock Absorber', NULL, 'Other', 117, 'Shelf D17', 22679.00, NULL, 15, 'Toyota Hilux', 3, 39, 1),
(1784, 'PRT1783', 'Radiator', NULL, 'Other', 152, 'Shelf C7', 16167.00, NULL, 15, 'Isuzu D-Max', 9, 282, 1),
(1785, 'PRT1784', 'Alternator', NULL, 'Other', 31, 'Shelf H10', 3675.00, NULL, 19, 'Honda Fit', 1, 428, 1),
(1786, 'PRT1785', 'CV Joint', NULL, 'Other', 74, 'Shelf E17', 18620.00, NULL, 19, 'Ford Ranger', 5, 384, 1),
(1787, 'PRT1786', 'Side Mirror', NULL, 'Other', 59, 'Shelf D16', 3930.00, NULL, 20, 'VW Golf', 17, 377, 1),
(1788, 'PRT1787', 'Starter Motor', NULL, 'Other', 72, 'Shelf G12', 14135.00, NULL, 7, 'Mazda Demio', 7, 210, 1),
(1789, 'PRT1788', 'Alternator', NULL, 'Other', 186, 'Shelf B12', 15188.00, NULL, 6, 'VW Golf', 4, 24, 1),
(1790, 'PRT1789', 'Clutch Kit', NULL, 'Other', 5, 'Shelf G3', 8563.00, NULL, 9, 'Toyota Corolla', 7, 330, 1),
(1791, 'PRT1790', 'Drive Belt', NULL, 'Other', 25, 'Shelf F9', 15315.00, NULL, 6, 'Mitsubishi L200', 3, 280, 1),
(1792, 'PRT1791', 'Timing Belt', NULL, 'Other', 50, 'Shelf A14', 15673.00, NULL, 19, 'Nissan X-Trail', 3, 488, 1),
(1793, 'PRT1792', 'Headlamp', NULL, 'Other', 97, 'Shelf A9', 4020.00, NULL, 17, 'Honda Fit', 5, 40, 1),
(1794, 'PRT1793', 'Wheel Bearing', NULL, 'Other', 184, 'Shelf A18', 9045.00, NULL, 19, 'Toyota Hilux', 10, 425, 1),
(1795, 'PRT1794', 'Clutch Kit', NULL, 'Other', 9, 'Shelf A1', 10632.00, NULL, 13, 'Toyota Hilux', 15, 87, 1),
(1796, 'PRT1795', 'Radiator', NULL, 'Other', 176, 'Shelf C12', 13670.00, NULL, 16, 'Subaru Forester', 14, 135, 1),
(1797, 'PRT1796', 'CV Joint', NULL, 'Other', 48, 'Shelf C2', 7183.00, NULL, 10, 'Honda Fit', 9, 103, 1),
(1798, 'PRT1797', 'Oil Filter', NULL, 'Other', 179, 'Shelf F11', 12459.00, NULL, 5, 'Subaru Forester', 17, 60, 1),
(1799, 'PRT1798', 'Tail Lamp', NULL, 'Other', 62, 'Shelf A15', 3715.00, NULL, 7, 'Toyota Hilux', 11, 304, 1),
(1800, 'PRT1799', 'Shock Absorber', NULL, 'Other', 17, 'Shelf A15', 4237.00, NULL, 19, 'Subaru Forester', 6, 56, 1),
(1801, 'PRT1800', 'Brake Pad', NULL, 'Other', 143, 'Shelf H5', 13207.00, NULL, 11, 'Subaru Forester', 4, 52, 1),
(1802, 'PRT1801', 'Starter Motor', NULL, 'Other', 71, 'Shelf E15', 16175.00, NULL, 20, 'Mitsubishi L200', 11, 280, 1),
(1803, 'PRT1802', 'Starter Motor', NULL, 'Other', 31, 'Shelf H16', 6269.00, NULL, 9, 'Toyota Corolla', 17, 469, 1),
(1804, 'PRT1803', 'Starter Motor', NULL, 'Other', 193, 'Shelf A2', 8616.00, NULL, 14, 'Mitsubishi L200', 17, 95, 1),
(1805, 'PRT1804', 'Side Mirror', NULL, 'Other', 62, 'Shelf C14', 19705.00, NULL, 19, 'Mitsubishi L200', 7, 350, 1),
(1806, 'PRT1805', 'Shock Absorber', NULL, 'Other', 134, 'Shelf H20', 11266.00, NULL, 10, 'Toyota Corolla', 12, 496, 1),
(1807, 'PRT1806', 'Headlamp', NULL, 'Other', 157, 'Shelf C6', 14761.00, NULL, 11, 'Mazda Demio', 1, 51, 1),
(1808, 'PRT1807', 'CV Joint', NULL, 'Other', 39, 'Shelf F12', 6594.00, NULL, 7, 'Isuzu D-Max', 20, 421, 1),
(1809, 'PRT1808', 'Water Pump', NULL, 'Other', 45, 'Shelf F16', 4689.00, NULL, 13, 'Nissan X-Trail', 2, 94, 1),
(1810, 'PRT1809', 'Battery', NULL, 'Other', 170, 'Shelf F13', 6040.00, NULL, 9, 'Toyota Hilux', 11, 342, 1),
(1811, 'PRT1810', 'Alternator', NULL, 'Other', 96, 'Shelf A17', 15259.00, NULL, 14, 'Subaru Forester', 8, 274, 1),
(1812, 'PRT1811', 'CV Joint', NULL, 'Other', 139, 'Shelf A11', 18679.00, NULL, 12, 'Honda Fit', 18, 430, 1),
(1813, 'PRT1812', 'Headlamp', NULL, 'Other', 117, 'Shelf H5', 14211.00, NULL, 16, 'Nissan X-Trail', 9, 85, 1),
(1814, 'PRT1813', 'CV Joint', NULL, 'Other', 163, 'Shelf F19', 15382.00, NULL, 17, 'Nissan X-Trail', 14, 34, 1),
(1815, 'PRT1814', 'Brake Pad', NULL, 'Other', 137, 'Shelf D10', 10392.00, NULL, 5, 'VW Golf', 14, 89, 1),
(1816, 'PRT1815', 'Battery', NULL, 'Other', 153, 'Shelf C4', 15753.00, NULL, 11, 'Subaru Forester', 9, 203, 1),
(1817, 'PRT1816', 'Radiator', NULL, 'Other', 191, 'Shelf G3', 20675.00, NULL, 12, 'Mazda Demio', 12, 164, 1),
(1818, 'PRT1817', 'CV Joint', NULL, 'Other', 72, 'Shelf G15', 13172.00, NULL, 16, 'Nissan X-Trail', 17, 427, 1),
(1819, 'PRT1818', 'Side Mirror', NULL, 'Other', 41, 'Shelf C9', 23981.00, NULL, 14, 'Nissan X-Trail', 2, 36, 1),
(1820, 'PRT1819', 'Brake Pad', NULL, 'Other', 26, 'Shelf G17', 20829.00, NULL, 12, 'Nissan X-Trail', 7, 3, 1),
(1821, 'PRT1820', 'CV Joint', NULL, 'Other', 172, 'Shelf G9', 14419.00, NULL, 14, 'Ford Ranger', 8, 467, 1),
(1822, 'PRT1821', 'Fuel Filter', NULL, 'Other', 35, 'Shelf B16', 19843.00, NULL, 11, 'Subaru Forester', 7, 392, 1),
(1823, 'PRT1822', 'Brake Disc', NULL, 'Other', 23, 'Shelf G19', 20236.00, NULL, 19, 'Mazda Demio', 3, 204, 1),
(1824, 'PRT1823', 'Brake Pad', NULL, 'Other', 107, 'Shelf E17', 17234.00, NULL, 10, 'Isuzu D-Max', 16, 306, 1),
(1825, 'PRT1824', 'CV Joint', NULL, 'Other', 31, 'Shelf B8', 9176.00, NULL, 8, 'Ford Ranger', 14, 382, 1);
INSERT INTO `inventory` (`id`, `sku`, `name`, `description`, `category`, `stock`, `location`, `price`, `cost_price`, `reorder_level`, `compatibility`, `supplier_id`, `sold_count`, `is_active`) VALUES
(1826, 'PRT1825', 'Timing Belt', NULL, 'Other', 77, 'Shelf F4', 21188.00, NULL, 18, 'Ford Ranger', 11, 337, 1),
(1827, 'PRT1826', 'CV Joint', NULL, 'Other', 131, 'Shelf D1', 18757.00, NULL, 18, 'Isuzu D-Max', 11, 305, 1),
(1828, 'PRT1827', 'Spark Plug', NULL, 'Other', 31, 'Shelf A20', 18228.00, NULL, 7, 'Nissan X-Trail', 11, 143, 1),
(1829, 'PRT1828', 'Brake Pad', NULL, 'Other', 78, 'Shelf A7', 14882.00, NULL, 5, 'VW Golf', 13, 145, 1),
(1830, 'PRT1829', 'Oil Filter', NULL, 'Other', 135, 'Shelf C19', 5873.00, NULL, 8, 'Toyota Hilux', 1, 64, 1),
(1831, 'PRT1830', 'Alternator', NULL, 'Other', 74, 'Shelf E16', 8418.00, NULL, 5, 'VW Golf', 18, 299, 1),
(1832, 'PRT1831', 'Starter Motor', NULL, 'Other', 85, 'Shelf A15', 1490.00, NULL, 6, 'Mitsubishi L200', 19, 212, 1),
(1833, 'PRT1832', 'Starter Motor', NULL, 'Other', 92, 'Shelf A4', 1231.00, NULL, 16, 'Honda Fit', 7, 409, 1),
(1834, 'PRT1833', 'Water Pump', NULL, 'Other', 31, 'Shelf B14', 5719.00, NULL, 15, 'Ford Ranger', 20, 43, 1),
(1835, 'PRT1834', 'CV Joint', NULL, 'Other', 54, 'Shelf E19', 8172.00, NULL, 18, 'Isuzu D-Max', 7, 146, 1),
(1836, 'PRT1835', 'Alternator', NULL, 'Other', 79, 'Shelf A16', 23486.00, NULL, 14, 'Isuzu D-Max', 6, 295, 1),
(1837, 'PRT1836', 'Headlamp', NULL, 'Other', 49, 'Shelf C20', 8825.00, NULL, 16, 'Honda Fit', 20, 486, 1),
(1838, 'PRT1837', 'Spark Plug', NULL, 'Other', 168, 'Shelf C16', 22413.00, NULL, 13, 'Isuzu D-Max', 14, 356, 1),
(1839, 'PRT1838', 'Tail Lamp', NULL, 'Other', 22, 'Shelf D20', 18167.00, NULL, 13, 'Toyota Hilux', 16, 413, 1),
(1840, 'PRT1839', 'Fuel Filter', NULL, 'Other', 189, 'Shelf F19', 2808.00, NULL, 19, 'Ford Ranger', 5, 177, 1),
(1841, 'PRT1840', 'Timing Belt', NULL, 'Other', 135, 'Shelf B7', 8996.00, NULL, 15, 'VW Golf', 15, 44, 1),
(1842, 'PRT1841', 'Spark Plug', NULL, 'Other', 159, 'Shelf C15', 9115.00, NULL, 9, 'Ford Ranger', 15, 2, 1),
(1843, 'PRT1842', 'Headlamp', NULL, 'Other', 73, 'Shelf A1', 23283.00, NULL, 14, 'Toyota Corolla', 12, 368, 1),
(1844, 'PRT1843', 'Brake Disc', NULL, 'Other', 43, 'Shelf G4', 3646.00, NULL, 9, 'Toyota Hilux', 12, 348, 1),
(1845, 'PRT1844', 'Spark Plug', NULL, 'Other', 111, 'Shelf B11', 16639.00, NULL, 8, 'Mazda Demio', 14, 370, 1),
(1846, 'PRT1845', 'Radiator', NULL, 'Other', 63, 'Shelf C13', 22317.00, NULL, 14, 'Subaru Forester', 2, 410, 1),
(1847, 'PRT1846', 'Clutch Kit', NULL, 'Other', 49, 'Shelf G19', 12325.00, NULL, 11, 'Mitsubishi L200', 3, 331, 1),
(1848, 'PRT1847', 'Water Pump', NULL, 'Other', 114, 'Shelf C2', 17965.00, NULL, 18, 'Nissan X-Trail', 9, 94, 1),
(1849, 'PRT1848', 'Spark Plug', NULL, 'Other', 12, 'Shelf D15', 13437.00, NULL, 13, 'Toyota Corolla', 7, 162, 1),
(1850, 'PRT1849', 'Fuel Filter', NULL, 'Other', 86, 'Shelf G15', 19502.00, NULL, 7, 'Mitsubishi L200', 13, 453, 1),
(1851, 'PRT1850', 'Side Mirror', NULL, 'Other', 142, 'Shelf G9', 17420.00, NULL, 18, 'Subaru Forester', 15, 347, 1),
(1852, 'PRT1851', 'Oil Filter', NULL, 'Other', 88, 'Shelf D2', 21676.00, NULL, 7, 'Mitsubishi L200', 5, 95, 1),
(1853, 'PRT1852', 'Brake Disc', NULL, 'Other', 170, 'Shelf D14', 1113.00, NULL, 15, 'Honda Fit', 5, 151, 1),
(1854, 'PRT1853', 'Drive Belt', NULL, 'Other', 68, 'Shelf D1', 16246.00, NULL, 13, 'Nissan X-Trail', 4, 193, 1),
(1855, 'PRT1854', 'Battery', NULL, 'Other', 95, 'Shelf G10', 12673.00, NULL, 16, 'Isuzu D-Max', 13, 396, 1),
(1856, 'PRT1855', 'CV Joint', NULL, 'Other', 181, 'Shelf H12', 6931.00, NULL, 17, 'Nissan X-Trail', 16, 31, 1),
(1857, 'PRT1856', 'Water Pump', NULL, 'Other', 190, 'Shelf A19', 20084.00, NULL, 5, 'Nissan X-Trail', 3, 285, 1),
(1858, 'PRT1857', 'Alternator', NULL, 'Other', 182, 'Shelf D3', 14882.00, NULL, 11, 'VW Golf', 4, 26, 1),
(1859, 'PRT1858', 'Alternator', NULL, 'Other', 154, 'Shelf C19', 14725.00, NULL, 14, 'Mitsubishi L200', 10, 343, 1),
(1860, 'PRT1859', 'Shock Absorber', NULL, 'Other', 43, 'Shelf H7', 14049.00, NULL, 5, 'Nissan X-Trail', 2, 383, 1),
(1861, 'PRT1860', 'Fuel Filter', NULL, 'Other', 91, 'Shelf E14', 14631.00, NULL, 20, 'Honda Fit', 4, 413, 1),
(1862, 'PRT1861', 'Brake Pad', NULL, 'Other', 95, 'Shelf G10', 20131.00, NULL, 16, 'Honda Fit', 8, 171, 1),
(1863, 'PRT1862', 'Brake Disc', NULL, 'Other', 8, 'Shelf F10', 5119.00, NULL, 7, 'Toyota Corolla', 12, 402, 1),
(1864, 'PRT1863', 'Battery', NULL, 'Other', 35, 'Shelf E10', 20967.00, NULL, 11, 'Toyota Hilux', 20, 464, 1),
(1865, 'PRT1864', 'Side Mirror', NULL, 'Other', 94, 'Shelf H15', 17937.00, NULL, 16, 'Honda Fit', 3, 495, 1),
(1866, 'PRT1865', 'Headlamp', NULL, 'Other', 17, 'Shelf E10', 16754.00, NULL, 8, 'Toyota Corolla', 17, 266, 1),
(1867, 'PRT1866', 'Wheel Bearing', NULL, 'Other', 129, 'Shelf D8', 9857.00, NULL, 11, 'Mitsubishi L200', 14, 350, 1),
(1868, 'PRT1867', 'Battery', NULL, 'Other', 43, 'Shelf B6', 6767.00, NULL, 18, 'Honda Fit', 16, 255, 1),
(1869, 'PRT1868', 'Air Filter', NULL, 'Other', 76, 'Shelf D1', 11974.00, NULL, 15, 'Toyota Corolla', 6, 256, 1),
(1870, 'PRT1869', 'CV Joint', NULL, 'Other', 21, 'Shelf C18', 20922.00, NULL, 6, 'Nissan X-Trail', 20, 21, 1),
(1871, 'PRT1870', 'Wheel Bearing', NULL, 'Other', 108, 'Shelf D1', 23155.00, NULL, 14, 'Subaru Forester', 18, 148, 1),
(1872, 'PRT1871', 'Fuel Filter', NULL, 'Other', 185, 'Shelf C14', 13965.00, NULL, 18, 'Nissan X-Trail', 5, 430, 1),
(1873, 'PRT1872', 'Air Filter', NULL, 'Other', 183, 'Shelf H15', 22725.00, NULL, 6, 'Honda Fit', 8, 472, 1),
(1874, 'PRT1873', 'CV Joint', NULL, 'Other', 63, 'Shelf G20', 17948.00, NULL, 10, 'Mitsubishi L200', 13, 323, 1),
(1875, 'PRT1874', 'Air Filter', NULL, 'Other', 73, 'Shelf B4', 18545.00, NULL, 12, 'VW Golf', 8, 479, 1),
(1876, 'PRT1875', 'Headlamp', NULL, 'Other', 190, 'Shelf H8', 13377.00, NULL, 20, 'VW Golf', 15, 449, 1),
(1877, 'PRT1876', 'Headlamp', NULL, 'Other', 19, 'Shelf B14', 1067.00, NULL, 11, 'Nissan X-Trail', 1, 298, 1),
(1878, 'PRT1877', 'Battery', NULL, 'Other', 74, 'Shelf C20', 13034.00, NULL, 11, 'Nissan X-Trail', 15, 446, 1),
(1879, 'PRT1878', 'Radiator', NULL, 'Other', 168, 'Shelf F16', 11866.00, NULL, 7, 'Mitsubishi L200', 8, 291, 1),
(1880, 'PRT1879', 'Battery', NULL, 'Other', 32, 'Shelf C15', 16596.00, NULL, 13, 'Mazda Demio', 17, 481, 1),
(1881, 'PRT1880', 'Brake Pad', NULL, 'Other', 167, 'Shelf B4', 1160.00, NULL, 17, 'Toyota Corolla', 11, 292, 1),
(1882, 'PRT1881', 'Spark Plug', NULL, 'Other', 79, 'Shelf D15', 23097.00, NULL, 19, 'Toyota Hilux', 20, 371, 1),
(1883, 'PRT1882', 'Wheel Bearing', NULL, 'Other', 18, 'Shelf F4', 13997.00, NULL, 12, 'Toyota Corolla', 15, 263, 1),
(1884, 'PRT1883', 'Spark Plug', NULL, 'Other', 55, 'Shelf D19', 20673.00, NULL, 8, 'Mazda Demio', 13, 190, 1),
(1885, 'PRT1884', 'CV Joint', NULL, 'Other', 71, 'Shelf B1', 20592.00, NULL, 19, 'Isuzu D-Max', 2, 191, 1),
(1886, 'PRT1885', 'Brake Disc', NULL, 'Other', 138, 'Shelf C14', 16038.00, NULL, 7, 'Mazda Demio', 1, 348, 1),
(1887, 'PRT1886', 'Brake Pad', NULL, 'Other', 70, 'Shelf C12', 10153.00, NULL, 16, 'Mitsubishi L200', 15, 349, 1),
(1888, 'PRT1887', 'Radiator', NULL, 'Other', 64, 'Shelf D14', 24363.00, NULL, 10, 'VW Golf', 17, 197, 1),
(1889, 'PRT1888', 'Battery', NULL, 'Other', 190, 'Shelf E4', 3155.00, NULL, 5, 'Honda Fit', 19, 51, 1),
(1890, 'PRT1889', 'Wheel Bearing', NULL, 'Other', 141, 'Shelf E15', 1457.00, NULL, 8, 'Honda Fit', 10, 227, 1),
(1891, 'PRT1890', 'Brake Pad', NULL, 'Other', 93, 'Shelf F9', 19276.00, NULL, 11, 'VW Golf', 1, 6, 1),
(1892, 'PRT1891', 'Spark Plug', NULL, 'Other', 157, 'Shelf F20', 15899.00, NULL, 5, 'Toyota Hilux', 10, 234, 1),
(1893, 'PRT1892', 'Brake Disc', NULL, 'Other', 94, 'Shelf C11', 8552.00, NULL, 15, 'Ford Ranger', 2, 230, 1),
(1894, 'PRT1893', 'Starter Motor', NULL, 'Other', 180, 'Shelf H1', 15853.00, NULL, 7, 'Nissan X-Trail', 6, 420, 1),
(1895, 'PRT1894', 'Air Filter', NULL, 'Other', 46, 'Shelf G4', 840.00, NULL, 11, 'Subaru Forester', 8, 458, 1),
(1896, 'PRT1895', 'Battery', NULL, 'Other', 63, 'Shelf G2', 9668.00, NULL, 10, 'Ford Ranger', 9, 149, 1),
(1897, 'PRT1896', 'Drive Belt', NULL, 'Other', 181, 'Shelf H16', 8979.00, NULL, 18, 'Subaru Forester', 18, 54, 1),
(1898, 'PRT1897', 'Headlamp', NULL, 'Other', 85, 'Shelf C18', 2003.00, NULL, 6, 'VW Golf', 17, 72, 1),
(1899, 'PRT1898', 'Wheel Bearing', NULL, 'Other', 83, 'Shelf C20', 4068.00, NULL, 6, 'Nissan X-Trail', 20, 59, 1),
(1900, 'PRT1899', 'Brake Disc', NULL, 'Other', 151, 'Shelf H10', 15653.00, NULL, 15, 'Isuzu D-Max', 13, 252, 1),
(1901, 'PRT1900', 'Brake Pad', NULL, 'Other', 174, 'Shelf D20', 14757.00, NULL, 17, 'Toyota Hilux', 14, 53, 1),
(1902, 'PRT1901', 'Wheel Bearing', NULL, 'Other', 23, 'Shelf F9', 7561.00, NULL, 18, 'Honda Fit', 3, 261, 1),
(1903, 'PRT1902', 'Battery', NULL, 'Other', 154, 'Shelf G11', 6139.00, NULL, 20, 'Ford Ranger', 13, 191, 1),
(1904, 'PRT1903', 'Radiator', NULL, 'Other', 107, 'Shelf C4', 13104.00, NULL, 8, 'VW Golf', 8, 76, 1),
(1905, 'PRT1904', 'Clutch Kit', NULL, 'Other', 120, 'Shelf H6', 4833.00, NULL, 19, 'Ford Ranger', 1, 313, 1),
(1906, 'PRT1905', 'Drive Belt', NULL, 'Other', 190, 'Shelf G2', 11283.00, NULL, 5, 'Subaru Forester', 18, 266, 1),
(1907, 'PRT1906', 'Brake Pad', NULL, 'Other', 155, 'Shelf E4', 4786.00, NULL, 16, 'Toyota Corolla', 7, 227, 1),
(1908, 'PRT1907', 'Water Pump', NULL, 'Other', 16, 'Shelf D9', 5377.00, NULL, 6, 'Ford Ranger', 19, 99, 1),
(1909, 'PRT1908', 'Starter Motor', NULL, 'Other', 192, 'Shelf H19', 14934.00, NULL, 17, 'Mazda Demio', 12, 367, 1),
(1910, 'PRT1909', 'Fuel Filter', NULL, 'Other', 43, 'Shelf D16', 21747.00, NULL, 5, 'Honda Fit', 8, 394, 1),
(1911, 'PRT1910', 'Headlamp', NULL, 'Other', 166, 'Shelf H15', 12089.00, NULL, 11, 'Honda Fit', 12, 284, 1),
(1912, 'PRT1911', 'Brake Disc', NULL, 'Other', 186, 'Shelf F18', 21240.00, NULL, 8, 'Mitsubishi L200', 11, 276, 1),
(1913, 'PRT1912', 'Starter Motor', NULL, 'Other', 113, 'Shelf H18', 21848.00, NULL, 9, 'Toyota Hilux', 12, 436, 1),
(1914, 'PRT1913', 'Shock Absorber', NULL, 'Other', 195, 'Shelf F15', 11359.00, NULL, 19, 'Isuzu D-Max', 16, 435, 1),
(1915, 'PRT1914', 'Brake Pad', NULL, 'Other', 21, 'Shelf D19', 8808.00, NULL, 5, 'Isuzu D-Max', 11, 301, 1),
(1916, 'PRT1915', 'Side Mirror', NULL, 'Other', 150, 'Shelf B11', 9683.00, NULL, 5, 'Toyota Hilux', 14, 234, 1),
(1917, 'PRT1916', 'Shock Absorber', NULL, 'Other', 57, 'Shelf D17', 18993.00, NULL, 6, 'Mazda Demio', 7, 161, 1),
(1918, 'PRT1917', 'Wheel Bearing', NULL, 'Other', 85, 'Shelf F20', 10705.00, NULL, 10, 'Nissan X-Trail', 18, 85, 1),
(1919, 'PRT1918', 'Drive Belt', NULL, 'Other', 94, 'Shelf F2', 669.00, NULL, 15, 'Nissan X-Trail', 20, 176, 1),
(1920, 'PRT1919', 'Timing Belt', NULL, 'Other', 82, 'Shelf C9', 2924.00, NULL, 11, 'VW Golf', 6, 9, 1),
(1921, 'PRT1920', 'Water Pump', NULL, 'Other', 95, 'Shelf H5', 21840.00, NULL, 16, 'Mazda Demio', 14, 407, 1),
(1922, 'PRT1921', 'Radiator', NULL, 'Other', 34, 'Shelf G8', 7789.00, NULL, 7, 'Mazda Demio', 4, 145, 1),
(1923, 'PRT1922', 'Alternator', NULL, 'Other', 28, 'Shelf A15', 5688.00, NULL, 17, 'Nissan X-Trail', 14, 139, 1),
(1924, 'PRT1923', 'Oil Filter', NULL, 'Other', 129, 'Shelf A3', 10294.00, NULL, 15, 'VW Golf', 14, 70, 1),
(1925, 'PRT1924', 'Headlamp', NULL, 'Other', 44, 'Shelf G9', 22733.00, NULL, 8, 'VW Golf', 18, 104, 1),
(1926, 'PRT1925', 'Water Pump', NULL, 'Other', 118, 'Shelf A15', 23617.00, NULL, 17, 'VW Golf', 16, 17, 1),
(1927, 'PRT1926', 'Spark Plug', NULL, 'Other', 137, 'Shelf G10', 18937.00, NULL, 8, 'Mazda Demio', 8, 252, 1),
(1928, 'PRT1927', 'Clutch Kit', NULL, 'Other', 70, 'Shelf G6', 24740.00, NULL, 13, 'Mitsubishi L200', 13, 307, 1),
(1929, 'PRT1928', 'Shock Absorber', NULL, 'Other', 10, 'Shelf F3', 24627.00, NULL, 18, 'Isuzu D-Max', 3, 30, 1),
(1930, 'PRT1929', 'Battery', NULL, 'Other', 113, 'Shelf A16', 2720.00, NULL, 11, 'Nissan X-Trail', 5, 234, 1),
(1931, 'PRT1930', 'Tail Lamp', NULL, 'Other', 64, 'Shelf B9', 17580.00, NULL, 12, 'Isuzu D-Max', 4, 340, 1),
(1932, 'PRT1931', 'Wheel Bearing', NULL, 'Other', 130, 'Shelf C17', 10325.00, NULL, 17, 'Nissan X-Trail', 8, 87, 1),
(1933, 'PRT1932', 'CV Joint', NULL, 'Other', 190, 'Shelf D17', 1139.00, NULL, 17, 'Isuzu D-Max', 13, 61, 1),
(1934, 'PRT1933', 'Shock Absorber', NULL, 'Other', 39, 'Shelf G13', 6756.00, NULL, 18, 'Toyota Corolla', 3, 272, 1),
(1935, 'PRT1934', 'Alternator', NULL, 'Other', 95, 'Shelf C11', 16387.00, NULL, 8, 'Honda Fit', 18, 301, 1),
(1936, 'PRT1935', 'Spark Plug', NULL, 'Other', 127, 'Shelf F8', 945.00, NULL, 13, 'Subaru Forester', 20, 281, 1),
(1937, 'PRT1936', 'Headlamp', NULL, 'Other', 194, 'Shelf D18', 20955.00, NULL, 17, 'Subaru Forester', 18, 152, 1),
(1938, 'PRT1937', 'Timing Belt', NULL, 'Other', 143, 'Shelf D18', 15334.00, NULL, 5, 'VW Golf', 1, 89, 1),
(1939, 'PRT1938', 'Radiator', NULL, 'Other', 43, 'Shelf G6', 18893.00, NULL, 12, 'Nissan X-Trail', 5, 449, 1),
(1940, 'PRT1939', 'Radiator', NULL, 'Other', 198, 'Shelf B14', 1157.00, NULL, 7, 'Ford Ranger', 16, 76, 1),
(1941, 'PRT1940', 'Tail Lamp', NULL, 'Other', 102, 'Shelf A6', 16934.00, NULL, 14, 'Ford Ranger', 15, 248, 1),
(1942, 'PRT1941', 'Clutch Kit', NULL, 'Other', 161, 'Shelf F4', 7260.00, NULL, 9, 'Nissan X-Trail', 6, 15, 1),
(1943, 'PRT1942', 'Drive Belt', NULL, 'Other', 104, 'Shelf G18', 4891.00, NULL, 15, 'VW Golf', 18, 470, 1),
(1944, 'PRT1943', 'Clutch Kit', NULL, 'Other', 30, 'Shelf C8', 23151.00, NULL, 11, 'Subaru Forester', 15, 55, 1),
(1945, 'PRT1944', 'Shock Absorber', NULL, 'Other', 192, 'Shelf E18', 4432.00, NULL, 14, 'Toyota Corolla', 7, 221, 1),
(1946, 'PRT1945', 'CV Joint', NULL, 'Other', 54, 'Shelf H6', 1530.00, NULL, 14, 'Ford Ranger', 4, 55, 1),
(1947, 'PRT1946', 'Air Filter', NULL, 'Other', 21, 'Shelf E4', 12839.00, NULL, 17, 'Mitsubishi L200', 12, 118, 1),
(1948, 'PRT1947', 'Wheel Bearing', NULL, 'Other', 6, 'Shelf D1', 7209.00, NULL, 8, 'Subaru Forester', 18, 303, 1),
(1949, 'PRT1948', 'Water Pump', NULL, 'Other', 166, 'Shelf A4', 15536.00, NULL, 6, 'Mitsubishi L200', 1, 417, 1),
(1950, 'PRT1949', 'Brake Disc', NULL, 'Other', 183, 'Shelf D8', 7335.00, NULL, 19, 'VW Golf', 7, 55, 1),
(1951, 'PRT1950', 'CV Joint', NULL, 'Other', 183, 'Shelf B4', 6307.00, NULL, 12, 'Subaru Forester', 4, 307, 1),
(1952, 'PRT1951', 'Brake Pad', NULL, 'Other', 42, 'Shelf C19', 4480.00, NULL, 8, 'Honda Fit', 2, 90, 1),
(1953, 'PRT1952', 'Battery', NULL, 'Other', 85, 'Shelf B1', 11466.00, NULL, 6, 'Mitsubishi L200', 6, 39, 1),
(1954, 'PRT1953', 'Headlamp', NULL, 'Other', 141, 'Shelf F4', 7997.00, NULL, 6, 'Subaru Forester', 10, 225, 1),
(1955, 'PRT1954', 'Headlamp', NULL, 'Other', 95, 'Shelf F19', 7585.00, NULL, 16, 'Mazda Demio', 14, 452, 1),
(1956, 'PRT1955', 'Oil Filter', NULL, 'Other', 16, 'Shelf C2', 5809.00, NULL, 10, 'Isuzu D-Max', 1, 145, 1),
(1957, 'PRT1956', 'Headlamp', NULL, 'Other', 107, 'Shelf C15', 10918.00, NULL, 8, 'Honda Fit', 4, 334, 1),
(1958, 'PRT1957', 'Clutch Kit', NULL, 'Other', 99, 'Shelf H11', 13739.00, NULL, 16, 'Nissan X-Trail', 11, 206, 1),
(1959, 'PRT1958', 'Water Pump', NULL, 'Other', 165, 'Shelf B8', 17535.00, NULL, 7, 'Ford Ranger', 4, 164, 1),
(1960, 'PRT1959', 'Brake Disc', NULL, 'Other', 69, 'Shelf C5', 5586.00, NULL, 16, 'Subaru Forester', 3, 111, 1),
(1961, 'PRT1960', 'Radiator', NULL, 'Other', 124, 'Shelf E3', 18570.00, NULL, 7, 'Subaru Forester', 20, 441, 1),
(1962, 'PRT1961', 'Radiator', NULL, 'Other', 8, 'Shelf B14', 23849.00, NULL, 6, 'Toyota Hilux', 3, 479, 1),
(1963, 'PRT1962', 'Spark Plug', NULL, 'Other', 148, 'Shelf B7', 1438.00, NULL, 9, 'Ford Ranger', 9, 330, 1),
(1964, 'PRT1963', 'Side Mirror', NULL, 'Other', 198, 'Shelf B15', 6467.00, NULL, 20, 'Nissan X-Trail', 14, 77, 1),
(1965, 'PRT1964', 'Side Mirror', NULL, 'Other', 136, 'Shelf B2', 15136.00, NULL, 5, 'Nissan X-Trail', 11, 376, 1),
(1966, 'PRT1965', 'Spark Plug', NULL, 'Other', 92, 'Shelf D8', 3481.00, NULL, 13, 'Nissan X-Trail', 6, 323, 1),
(1967, 'PRT1966', 'Oil Filter', NULL, 'Other', 166, 'Shelf C20', 7043.00, NULL, 19, 'Mitsubishi L200', 5, 224, 1),
(1968, 'PRT1967', 'Fuel Filter', NULL, 'Other', 7, 'Shelf G9', 17083.00, NULL, 8, 'VW Golf', 8, 79, 1),
(1969, 'PRT1968', 'Water Pump', NULL, 'Other', 178, 'Shelf E19', 24747.00, NULL, 6, 'Nissan X-Trail', 2, 213, 1),
(1970, 'PRT1969', 'Spark Plug', NULL, 'Other', 16, 'Shelf B19', 24562.00, NULL, 11, 'Subaru Forester', 2, 290, 1),
(1971, 'PRT1970', 'Spark Plug', NULL, 'Other', 37, 'Shelf D14', 12763.00, NULL, 11, 'Ford Ranger', 1, 445, 1),
(1972, 'PRT1971', 'Brake Disc', NULL, 'Other', 172, 'Shelf H13', 1460.00, NULL, 12, 'Honda Fit', 9, 86, 1),
(1973, 'PRT1972', 'Battery', NULL, 'Other', 61, 'Shelf B12', 16541.00, NULL, 19, 'Honda Fit', 16, 129, 1),
(1974, 'PRT1973', 'Wheel Bearing', NULL, 'Other', 193, 'Shelf G1', 13733.00, NULL, 8, 'Mazda Demio', 7, 413, 1),
(1975, 'PRT1974', 'Alternator', NULL, 'Other', 184, 'Shelf A18', 4584.00, NULL, 5, 'VW Golf', 6, 299, 1),
(1976, 'PRT1975', 'Timing Belt', NULL, 'Other', 17, 'Shelf C1', 14612.00, NULL, 19, 'Ford Ranger', 3, 85, 1),
(1977, 'PRT1976', 'Radiator', NULL, 'Other', 177, 'Shelf B13', 2114.00, NULL, 20, 'Subaru Forester', 17, 441, 1),
(1978, 'PRT1977', 'Starter Motor', NULL, 'Other', 92, 'Shelf B11', 3827.00, NULL, 12, 'Subaru Forester', 14, 194, 1),
(1979, 'PRT1978', 'CV Joint', NULL, 'Other', 197, 'Shelf D18', 18131.00, NULL, 6, 'Mitsubishi L200', 12, 153, 1),
(1980, 'PRT1979', 'Brake Pad', NULL, 'Other', 29, 'Shelf E8', 567.00, NULL, 15, 'Nissan X-Trail', 18, 271, 1),
(1981, 'PRT1980', 'Radiator', NULL, 'Other', 66, 'Shelf H6', 4430.00, NULL, 20, 'Isuzu D-Max', 20, 65, 1),
(1982, 'PRT1981', 'Water Pump', NULL, 'Other', 36, 'Shelf B10', 23168.00, NULL, 11, 'Subaru Forester', 8, 220, 1),
(1983, 'PRT1982', 'Alternator', NULL, 'Other', 154, 'Shelf F7', 16605.00, NULL, 15, 'Nissan X-Trail', 14, 324, 1),
(1984, 'PRT1983', 'Oil Filter', NULL, 'Other', 144, 'Shelf A7', 20732.00, NULL, 14, 'VW Golf', 15, 209, 1),
(1985, 'PRT1984', 'Starter Motor', NULL, 'Other', 14, 'Shelf B8', 17553.00, NULL, 6, 'Mitsubishi L200', 4, 88, 1),
(1986, 'PRT1985', 'Alternator', NULL, 'Other', 116, 'Shelf B20', 6534.00, NULL, 14, 'Nissan X-Trail', 6, 370, 1),
(1987, 'PRT1986', 'Timing Belt', NULL, 'Other', 74, 'Shelf D17', 10246.00, NULL, 10, 'Mitsubishi L200', 1, 72, 1),
(1988, 'PRT1987', 'Spark Plug', NULL, 'Other', 101, 'Shelf F10', 11030.00, NULL, 6, 'VW Golf', 18, 216, 1),
(1989, 'PRT1988', 'Brake Disc', NULL, 'Other', 179, 'Shelf F8', 22218.00, NULL, 13, 'Toyota Hilux', 10, 45, 1),
(1990, 'PRT1989', 'Brake Pad', NULL, 'Other', 36, 'Shelf F1', 22329.00, NULL, 12, 'Honda Fit', 17, 425, 1),
(1991, 'PRT1990', 'Tail Lamp', NULL, 'Other', 140, 'Shelf G6', 9159.00, NULL, 8, 'VW Golf', 10, 224, 1),
(1992, 'PRT1991', 'Timing Belt', NULL, 'Other', 148, 'Shelf A13', 15706.00, NULL, 20, 'Subaru Forester', 20, 458, 1),
(1993, 'PRT1992', 'Drive Belt', NULL, 'Other', 193, 'Shelf C9', 7069.00, NULL, 17, 'Nissan X-Trail', 15, 357, 1),
(1994, 'PRT1993', 'Brake Pad', NULL, 'Other', 164, 'Shelf A8', 10456.00, NULL, 6, 'Isuzu D-Max', 18, 473, 1),
(1995, 'PRT1994', 'Wheel Bearing', NULL, 'Other', 55, 'Shelf C13', 19489.00, NULL, 16, 'Mitsubishi L200', 2, 130, 1),
(1996, 'PRT1995', 'Tail Lamp', NULL, 'Other', 21, 'Shelf H8', 12711.00, NULL, 12, 'VW Golf', 8, 488, 1),
(1997, 'PRT1996', 'Brake Disc', NULL, 'Other', 79, 'Shelf F17', 3890.00, NULL, 5, 'Mazda Demio', 1, 22, 1),
(1998, 'PRT1997', 'Tail Lamp', NULL, 'Other', 67, 'Shelf B14', 6192.00, NULL, 11, 'Toyota Hilux', 4, 231, 1),
(1999, 'PRT1998', 'Brake Disc', NULL, 'Other', 184, 'Shelf B17', 1459.00, NULL, 20, 'Honda Fit', 2, 151, 1),
(2000, 'PRT1999', 'Battery', NULL, 'Other', 180, 'Shelf C4', 9601.00, NULL, 11, 'VW Golf', 19, 65, 1),
(2001, 'PRT2000', 'CV Joint', NULL, 'Other', 137, 'Shelf F1', 11813.00, NULL, 19, 'Subaru Forester', 20, 197, 1),
(2002, '098.4538:AB', 'Spanner', NULL, 'Other', 0, 'New', 3500.00, NULL, 5, NULL, NULL, 0, 1);

-- --------------------------------------------------------

--
-- Table structure for table `pending_adjustments`
--

CREATE TABLE `pending_adjustments` (
  `id` int(11) NOT NULL,
  `item` varchar(100) NOT NULL,
  `inventory_id` int(11) DEFAULT NULL,
  `requested_stock` int(11) NOT NULL,
  `current_stock` int(11) NOT NULL,
  `reason` text NOT NULL,
  `requested_by` int(11) NOT NULL,
  `requested_by_name` varchar(100) NOT NULL,
  `status` enum('Pending','Approved','Rejected') DEFAULT 'Pending',
  `approved_by` int(11) DEFAULT NULL,
  `approved_at` datetime DEFAULT NULL,
  `created_at` timestamp NOT NULL DEFAULT current_timestamp()
) ENGINE=InnoDB DEFAULT CHARSET=utf8mb4 COLLATE=utf8mb4_general_ci;

--
-- Dumping data for table `pending_adjustments`
--

INSERT INTO `pending_adjustments` (`id`, `item`, `inventory_id`, `requested_stock`, `current_stock`, `reason`, `requested_by`, `requested_by_name`, `status`, `approved_by`, `approved_at`, `created_at`) VALUES
(31, 'Timing Belt', 1003, 100, 89, 'Warehouse transfer', 1, 'John Kamau', 'Pending', NULL, NULL, '2026-06-29 16:35:52'),
(32, 'Radiator', 1653, 116, 87, 'Inventory recount', 1, 'John Kamau', 'Pending', NULL, NULL, '2026-06-29 16:35:52'),
(33, 'Radiator', 1172, 164, 153, 'Missing items recovered', 1, 'John Kamau', 'Pending', NULL, NULL, '2026-06-29 16:35:52'),
(34, 'Side Mirror', 289, 92, 72, 'Stock audit correction', 2, 'Jane Mwangi', 'Pending', NULL, NULL, '2026-06-29 16:35:52'),
(35, 'Battery', 1986, 92, 72, 'Supplier delivery received', 2, 'Jane Mwangi', 'Pending', NULL, NULL, '2026-06-29 16:35:52'),
(36, 'Air Filter', 1135, 64, 56, 'Barcode correction', 1, 'John Kamau', 'Pending', NULL, NULL, '2026-06-29 16:35:52'),
(37, 'Oil Filter', 1351, 104, 80, 'Damaged items removed', 1, 'John Kamau', 'Pending', NULL, NULL, '2026-06-29 16:35:52'),
(38, 'Brake Disc', 47, 72, 73, 'Inventory recount', 1, 'John Kamau', 'Pending', NULL, NULL, '2026-06-29 16:35:52'),
(39, 'Water Pump', 1634, 97, 110, 'Barcode correction', 2, 'Jane Mwangi', 'Pending', NULL, NULL, '2026-06-29 16:35:52'),
(40, 'Air Filter', 1164, 203, 194, 'Stock audit correction', 1, 'John Kamau', 'Pending', NULL, NULL, '2026-06-29 16:35:52'),
(41, 'Water Pump', 1631, 185, 157, 'Stock audit correction', 1, 'John Kamau', 'Pending', NULL, NULL, '2026-06-29 16:35:52'),
(42, 'Brake Pad', 1038, 33, 22, 'Inventory recount', 1, 'John Kamau', 'Pending', NULL, NULL, '2026-06-29 16:35:52'),
(43, 'Fuel Filter', 333, 120, 92, 'Stock audit correction', 1, 'John Kamau', 'Pending', NULL, NULL, '2026-06-29 16:35:52'),
(44, 'Side Mirror', 1615, 110, 122, 'Warehouse transfer', 3, 'Peter Otieno', 'Pending', NULL, NULL, '2026-06-29 16:35:52'),
(45, 'Fuel Filter', 290, 162, 140, 'Stock audit correction', 1, 'John Kamau', 'Pending', NULL, NULL, '2026-06-29 16:35:52'),
(46, 'CV Joint', 833, 19, 28, 'Warehouse transfer', 3, 'Peter Otieno', 'Pending', NULL, NULL, '2026-06-29 16:35:52'),
(47, 'Timing Belt', 311, 49, 21, 'Inventory recount', 1, 'John Kamau', 'Pending', NULL, NULL, '2026-06-29 16:35:52'),
(48, 'Radiator', 1857, 130, 125, 'Barcode correction', 1, 'John Kamau', 'Pending', NULL, NULL, '2026-06-29 16:35:52'),
(49, 'Brake Disc', 741, 50, 22, 'Warehouse transfer', 3, 'Peter Otieno', 'Pending', NULL, NULL, '2026-06-29 16:35:52'),
(50, 'Radiator', 868, 180, 196, 'Inventory recount', 1, 'John Kamau', 'Pending', NULL, NULL, '2026-06-29 16:35:52'),
(51, 'Oil Filter', 333, 47, 52, 'Cycle count adjustment', 1, 'John Kamau', 'Pending', NULL, NULL, '2026-06-29 16:35:52'),
(52, 'CV Joint', 1475, 51, 67, 'Incorrect stock entry correction', 1, 'John Kamau', 'Pending', NULL, NULL, '2026-06-29 16:35:52'),
(53, 'Shock Absorber', 1621, 116, 136, 'Stock audit correction', 2, 'Jane Mwangi', 'Pending', NULL, NULL, '2026-06-29 16:35:52'),
(54, 'Water Pump', 729, 0, 13, 'Missing items recovered', 1, 'John Kamau', 'Pending', NULL, NULL, '2026-06-29 16:35:52'),
(55, 'Air Filter', 992, 125, 133, 'Stock audit correction', 2, 'Jane Mwangi', 'Pending', NULL, NULL, '2026-06-29 16:35:52'),
(56, 'Brake Disc', 329, 85, 103, 'Warehouse transfer', 3, 'Peter Otieno', 'Pending', NULL, NULL, '2026-06-29 16:35:52'),
(57, 'Battery', 334, 66, 52, 'Cycle count adjustment', 3, 'Peter Otieno', 'Pending', NULL, NULL, '2026-06-29 16:35:52'),
(58, 'Radiator', 1227, 41, 22, 'Customer returns restocked', 3, 'Peter Otieno', 'Pending', NULL, NULL, '2026-06-29 16:35:52'),
(59, 'Side Mirror', 1015, 122, 117, 'Incorrect stock entry correction', 2, 'Jane Mwangi', 'Pending', NULL, NULL, '2026-06-29 16:35:52'),
(60, 'Timing Belt', 276, 78, 70, 'Missing items recovered', 2, 'Jane Mwangi', 'Pending', NULL, NULL, '2026-06-29 16:35:52'),
(61, 'Fuel Filter', 551, 60, 56, 'Supplier delivery received', 1, 'John Kamau', 'Pending', NULL, NULL, '2026-06-29 16:35:52'),
(62, 'Shock Absorber', 301, 70, 47, 'Incorrect stock entry correction', 1, 'John Kamau', 'Pending', NULL, NULL, '2026-06-29 16:35:52'),
(63, 'Timing Belt', 1187, 57, 27, 'Inventory recount', 1, 'John Kamau', 'Pending', NULL, NULL, '2026-06-29 16:35:52'),
(64, 'Shock Absorber', 992, 91, 66, 'Damaged items removed', 1, 'John Kamau', 'Pending', NULL, NULL, '2026-06-29 16:35:52'),
(65, 'Battery', 513, 51, 48, 'Incorrect stock entry correction', 2, 'Jane Mwangi', 'Pending', NULL, NULL, '2026-06-29 16:35:52'),
(66, 'Air Filter', 45, 125, 120, 'Missing items recovered', 2, 'Jane Mwangi', 'Pending', NULL, NULL, '2026-06-29 16:35:52'),
(67, 'Fuel Filter', 1959, 38, 31, 'Incorrect stock entry correction', 1, 'John Kamau', 'Pending', NULL, NULL, '2026-06-29 16:35:52'),
(68, 'Battery', 533, 13, 22, 'Stock audit correction', 1, 'John Kamau', 'Pending', NULL, NULL, '2026-06-29 16:35:52'),
(69, 'CV Joint', 706, 160, 162, 'Incorrect stock entry correction', 3, 'Peter Otieno', 'Pending', NULL, NULL, '2026-06-29 16:35:52'),
(70, 'Shock Absorber', 1860, 100, 75, 'Missing items recovered', 1, 'John Kamau', 'Pending', NULL, NULL, '2026-06-29 16:35:52'),
(71, 'Timing Belt', 535, 149, 168, 'Stock audit correction', 3, 'Peter Otieno', 'Pending', NULL, NULL, '2026-06-29 16:35:52'),
(72, 'Shock Absorber', 970, 167, 164, 'Incorrect stock entry correction', 3, 'Peter Otieno', 'Pending', NULL, NULL, '2026-06-29 16:35:52'),
(73, 'CV Joint', 223, 23, 43, 'Incorrect stock entry correction', 1, 'John Kamau', 'Pending', NULL, NULL, '2026-06-29 16:35:52'),
(74, 'Fuel Filter', 174, 138, 131, 'Supplier delivery received', 3, 'Peter Otieno', 'Pending', NULL, NULL, '2026-06-29 16:35:52'),
(75, 'Brake Disc', 424, 79, 94, 'Missing items recovered', 1, 'John Kamau', 'Pending', NULL, NULL, '2026-06-29 16:35:52'),
(76, 'Side Mirror', 1542, 209, 181, 'Incorrect stock entry correction', 2, 'Jane Mwangi', 'Pending', NULL, NULL, '2026-06-29 16:35:52'),
(77, 'Battery', 932, 114, 92, 'Incorrect stock entry correction', 1, 'John Kamau', 'Pending', NULL, NULL, '2026-06-29 16:35:52'),
(78, 'Radiator', 250, 32, 16, 'Customer returns restocked', 2, 'Jane Mwangi', 'Pending', NULL, NULL, '2026-06-29 16:35:52'),
(79, 'Fuel Filter', 1917, 128, 129, 'Stock audit correction', 2, 'Jane Mwangi', 'Pending', NULL, NULL, '2026-06-29 16:35:52'),
(80, 'Brake Disc', 472, 167, 153, 'Damaged items removed', 1, 'John Kamau', 'Pending', NULL, NULL, '2026-06-29 16:35:52'),
(81, 'Fuel Filter', 235, 130, 122, 'Supplier delivery received', 3, 'Peter Otieno', 'Pending', NULL, NULL, '2026-06-29 16:35:52'),
(82, 'Shock Absorber', 429, 153, 154, 'Incorrect stock entry correction', 1, 'John Kamau', 'Pending', NULL, NULL, '2026-06-29 16:35:52'),
(83, 'Water Pump', 57, 184, 154, 'Barcode correction', 1, 'John Kamau', 'Pending', NULL, NULL, '2026-06-29 16:35:52'),
(84, 'Oil Filter', 271, 198, 173, 'Missing items recovered', 3, 'Peter Otieno', 'Pending', NULL, NULL, '2026-06-29 16:35:52'),
(85, 'Shock Absorber', 312, 103, 100, 'Barcode correction', 2, 'Jane Mwangi', 'Pending', NULL, NULL, '2026-06-29 16:35:52'),
(86, 'Brake Pad', 709, 118, 125, 'Warehouse transfer', 3, 'Peter Otieno', 'Pending', NULL, NULL, '2026-06-29 16:35:52'),
(87, 'Battery', 811, 151, 161, 'Missing items recovered', 2, 'Jane Mwangi', 'Pending', NULL, NULL, '2026-06-29 16:35:52'),
(88, 'Brake Disc', 43, 218, 192, 'Stock audit correction', 1, 'John Kamau', 'Pending', NULL, NULL, '2026-06-29 16:35:52'),
(89, 'CV Joint', 1650, 219, 200, 'Warehouse transfer', 3, 'Peter Otieno', 'Pending', NULL, NULL, '2026-06-29 16:35:52'),
(90, 'Water Pump', 1964, 195, 198, 'Customer returns restocked', 3, 'Peter Otieno', 'Pending', NULL, NULL, '2026-06-29 16:35:52'),
(91, 'Battery', 420, 153, 162, 'Damaged items removed', 2, 'Jane Mwangi', 'Pending', NULL, NULL, '2026-06-29 16:35:52'),
(92, 'Side Mirror', 1862, 72, 91, 'Incorrect stock entry correction', 1, 'John Kamau', 'Pending', NULL, NULL, '2026-06-29 16:35:52'),
(93, 'Shock Absorber', 1041, 14, 17, 'Inventory recount', 1, 'John Kamau', 'Pending', NULL, NULL, '2026-06-29 16:35:52'),
(94, 'Battery', 1494, 20, 32, 'Inventory recount', 3, 'Peter Otieno', 'Pending', NULL, NULL, '2026-06-29 16:35:52'),
(95, 'Side Mirror', 1815, 174, 194, 'Barcode correction', 2, 'Jane Mwangi', 'Pending', NULL, NULL, '2026-06-29 16:35:52'),
(96, 'Air Filter', 1425, 90, 60, 'Cycle count adjustment', 2, 'Jane Mwangi', 'Pending', NULL, NULL, '2026-06-29 16:35:52'),
(97, 'Battery', 1726, 85, 63, 'Inventory recount', 1, 'John Kamau', 'Pending', NULL, NULL, '2026-06-29 16:35:52'),
(98, 'CV Joint', 417, 191, 176, 'Damaged items removed', 2, 'Jane Mwangi', 'Pending', NULL, NULL, '2026-06-29 16:35:52'),
(99, 'Water Pump', 666, 166, 161, 'Customer returns restocked', 1, 'John Kamau', 'Pending', NULL, NULL, '2026-06-29 16:35:52'),
(100, 'Fuel Filter', 440, 120, 135, 'Barcode correction', 1, 'John Kamau', 'Pending', NULL, NULL, '2026-06-29 16:35:52'),
(101, 'Air Filter', 1944, 122, 136, 'Barcode correction', 2, 'Jane Mwangi', 'Pending', NULL, NULL, '2026-06-29 16:35:52'),
(102, 'Battery', 1237, 180, 198, 'Incorrect stock entry correction', 2, 'Jane Mwangi', 'Pending', NULL, NULL, '2026-06-29 16:35:52'),
(103, 'Radiator', 1571, 93, 104, 'Warehouse transfer', 1, 'John Kamau', 'Pending', NULL, NULL, '2026-06-29 16:35:52'),
(104, 'Air Filter', 1580, 181, 199, 'Inventory recount', 3, 'Peter Otieno', 'Pending', NULL, NULL, '2026-06-29 16:35:52'),
(105, 'Brake Pad', 137, 78, 51, 'Incorrect stock entry correction', 3, 'Peter Otieno', 'Pending', NULL, NULL, '2026-06-29 16:35:52'),
(106, 'Brake Disc', 127, 129, 106, 'Barcode correction', 1, 'John Kamau', 'Pending', NULL, NULL, '2026-06-29 16:35:52'),
(107, 'Water Pump', 985, 25, 45, 'Supplier delivery received', 1, 'John Kamau', 'Pending', NULL, NULL, '2026-06-29 16:35:52'),
(108, 'CV Joint', 110, 92, 69, 'Inventory recount', 1, 'John Kamau', 'Pending', NULL, NULL, '2026-06-29 16:35:52'),
(109, 'Timing Belt', 1257, 148, 154, 'Supplier delivery received', 1, 'John Kamau', 'Pending', NULL, NULL, '2026-06-29 16:35:52'),
(110, 'Fuel Filter', 152, 193, 169, 'Warehouse transfer', 1, 'John Kamau', 'Pending', NULL, NULL, '2026-06-29 16:35:52'),
(111, 'Water Pump', 1871, 174, 192, 'Incorrect stock entry correction', 2, 'Jane Mwangi', 'Pending', NULL, NULL, '2026-06-29 16:35:52'),
(112, 'Brake Disc', 382, 8, 25, 'Incorrect stock entry correction', 1, 'John Kamau', 'Pending', NULL, NULL, '2026-06-29 16:35:52'),
(113, 'Air Filter', 1130, 187, 197, 'Incorrect stock entry correction', 1, 'John Kamau', 'Pending', NULL, NULL, '2026-06-29 16:35:52'),
(114, 'Oil Filter', 1900, 69, 73, 'Incorrect stock entry correction', 1, 'John Kamau', 'Pending', NULL, NULL, '2026-06-29 16:35:52'),
(115, 'Brake Disc', 67, 182, 181, 'Supplier delivery received', 3, 'Peter Otieno', 'Pending', NULL, NULL, '2026-06-29 16:35:52'),
(116, 'Brake Pad', 1972, 85, 95, 'Cycle count adjustment', 3, 'Peter Otieno', 'Pending', NULL, NULL, '2026-06-29 16:35:52'),
(117, 'Battery', 1187, 156, 174, 'Cycle count adjustment', 3, 'Peter Otieno', 'Pending', NULL, NULL, '2026-06-29 16:35:52'),
(118, 'Shock Absorber', 1549, 18, 18, 'Inventory recount', 1, 'John Kamau', 'Pending', NULL, NULL, '2026-06-29 16:35:52'),
(119, 'Battery', 495, 199, 198, 'Incorrect stock entry correction', 1, 'John Kamau', 'Pending', NULL, NULL, '2026-06-29 16:35:52'),
(120, 'Battery', 1372, 84, 56, 'Inventory recount', 2, 'Jane Mwangi', 'Pending', NULL, NULL, '2026-06-29 16:35:52'),
(121, 'Brake Pad', 1029, 68, 38, 'Incorrect stock entry correction', 2, 'Jane Mwangi', 'Pending', NULL, NULL, '2026-06-29 16:35:52'),
(122, 'CV Joint', 1843, 207, 192, 'Cycle count adjustment', 1, 'John Kamaur', 'Pending', NULL, NULL, '2026-06-29 16:35:52'),
(123, 'Water Pump', 1868, 185, 164, 'Supplier delivery received', 1, 'John Kamau', 'Pending', NULL, NULL, '2026-06-29 16:35:52'),
(124, 'Brake Pad', 428, 32, 14, 'Cycle count adjustment', 1, 'John Kamau', 'Pending', NULL, NULL, '2026-06-29 16:35:52'),
(125, 'Brake Pad', 1815, 32, 5, 'Inventory recount', 2, 'Jane Mwangi', 'Pending', NULL, NULL, '2026-06-29 16:35:52'),
(126, 'Battery', 1099, 168, 178, 'Barcode correction', 1, 'John Kamau', 'Pending', NULL, NULL, '2026-06-29 16:35:52'),
(127, 'Air Filter', 1974, 132, 130, 'Inventory recount', 1, 'John Kamau', 'Pending', NULL, NULL, '2026-06-29 16:35:52'),
(128, 'Side Mirror', 1955, 77, 59, 'Supplier delivery received', 1, 'John Kamau', 'Pending', NULL, NULL, '2026-06-29 16:35:52'),
(129, 'Water Pump', 1671, 48, 24, 'Incorrect stock entry correction', 2, 'Jane Mwangi', 'Pending', NULL, NULL, '2026-06-29 16:35:52'),
(130, 'Oil Filter', 1580, 164, 156, 'Barcode correction', 2, 'Jane Mwangi', 'Pending', NULL, NULL, '2026-06-29 16:35:52'),
(131, 'Brake Pad', 1238, 142, 126, 'Supplier delivery received', 2, 'Jane Mwangi', 'Pending', NULL, NULL, '2026-06-29 16:35:52'),
(132, 'Air Filter', 1704, 38, 40, 'Supplier delivery received', 1, 'John Kamau', 'Pending', NULL, NULL, '2026-06-29 16:35:52'),
(133, 'Radiator', 1559, 55, 75, 'Supplier delivery received', 1, 'John Kamau', 'Pending', NULL, NULL, '2026-06-29 16:35:52'),
(134, 'Radiator', 1680, 47, 56, 'Customer returns restocked', 2, 'Jane Mwangi', 'Pending', NULL, NULL, '2026-06-29 16:35:52'),
(135, 'Brake Pad', 875, 182, 191, 'Missing items recovered', 3, 'Peter Otieno', 'Pending', NULL, NULL, '2026-06-29 16:35:52'),
(136, 'Water Pump', 1297, 173, 156, 'Customer returns restocked', 2, 'Jane Mwangi', 'Pending', NULL, NULL, '2026-06-29 16:35:52'),
(137, 'Brake Disc', 1283, 196, 187, 'Stock audit correction', 3, 'Peter Otieno', 'Pending', NULL, NULL, '2026-06-29 16:35:52'),
(138, 'Water Pump', 788, 156, 147, 'Customer returns restocked', 1, 'John Kamau', 'Pending', NULL, NULL, '2026-06-29 16:35:52'),
(139, 'Timing Belt', 1248, 191, 191, 'Inventory recount', 1, 'John Kamau', 'Pending', NULL, NULL, '2026-06-29 16:35:52'),
(140, 'Battery', 1776, 138, 111, 'Damaged items removed', 2, 'Jane Mwangi', 'Pending', NULL, NULL, '2026-06-29 16:35:52'),
(141, 'Air Filter', 288, 4, 12, 'Missing items recovered', 1, 'John Kamau', 'Pending', NULL, NULL, '2026-06-29 16:35:52'),
(142, 'Water Pump', 1801, 98, 104, 'Stock audit correction', 3, 'Peter Otieno', 'Pending', NULL, NULL, '2026-06-29 16:35:52'),
(143, 'Timing Belt', 796, 105, 108, 'Stock audit correction', 1, 'John Kamau', 'Pending', NULL, NULL, '2026-06-29 16:35:52'),
(144, 'Oil Filter', 1214, 131, 106, 'Cycle count adjustment', 1, 'John Kamau', 'Pending', NULL, NULL, '2026-06-29 16:35:52'),
(145, 'CV Joint', 1408, 100, 101, 'Barcode correction', 3, 'Peter Otieno', 'Pending', NULL, NULL, '2026-06-29 16:35:52'),
(146, 'Water Pump', 868, 56, 64, 'Customer returns restocked', 1, 'John Kamau', 'Pending', NULL, NULL, '2026-06-29 16:35:52'),
(147, 'CV Joint', 631, 137, 136, 'Cycle count adjustment', 1, 'John Kamau', 'Pending', NULL, NULL, '2026-06-29 16:35:52'),
(148, 'Fuel Filter', 382, 62, 38, 'Cycle count adjustment', 3, 'Peter Otieno', 'Pending', NULL, NULL, '2026-06-29 16:35:52'),
(149, 'Battery', 970, 29, 15, 'Incorrect stock entry correction', 3, 'Peter Otieno', 'Pending', NULL, NULL, '2026-06-29 16:35:52'),
(150, 'CV Joint', 622, 181, 186, 'Cycle count adjustment', 1, 'John Kamau', 'Pending', NULL, NULL, '2026-06-29 16:35:52'),
(151, 'CV Joint', 1142, 126, 128, 'Warehouse transfer', 3, 'Peter Otieno', 'Pending', NULL, NULL, '2026-06-29 16:35:52'),
(152, 'Shock Absorber', 578, 144, 140, 'Barcode correction', 1, 'John Kamau', 'Pending', NULL, NULL, '2026-06-29 16:35:52'),
(153, 'Fuel Filter', 1368, 12, 15, 'Barcode correction', 2, 'Jane Mwangi', 'Pending', NULL, NULL, '2026-06-29 16:35:52'),
(154, 'Side Mirror', 1776, 4, 19, 'Supplier delivery received', 3, 'Peter Otieno', 'Pending', NULL, NULL, '2026-06-29 16:35:52'),
(155, 'Shock Absorber', 1872, 189, 168, 'Barcode correction', 2, 'Jane Mwangi', 'Pending', NULL, NULL, '2026-06-29 16:35:52'),
(156, 'Side Mirror', 1619, 14, 23, 'Missing items recovered', 3, 'Peter Otieno', 'Pending', NULL, NULL, '2026-06-29 16:35:52'),
(157, 'Air Filter', 1303, 71, 64, 'Supplier delivery received', 1, 'John Kamau', 'Pending', NULL, NULL, '2026-06-29 16:35:52'),
(158, 'Water Pump', 789, 27, 29, 'Incorrect stock entry correction', 3, 'Peter Otieno', 'Pending', NULL, NULL, '2026-06-29 16:35:52'),
(159, 'Radiator', 1414, 83, 86, 'Damaged items removed', 2, 'Jane Mwangi', 'Pending', NULL, NULL, '2026-06-29 16:35:52'),
(160, 'Air Filter', 773, 132, 110, 'Inventory recount', 2, 'Jane Mwangi', 'Pending', NULL, NULL, '2026-06-29 16:35:52'),
(161, 'Air Filter', 513, 176, 190, 'Stock audit correction', 2, 'Jane Mwangi', 'Pending', NULL, NULL, '2026-06-29 16:35:52'),
(162, 'Timing Belt', 759, 192, 171, 'Barcode correction', 2, 'Jane Mwangi', 'Pending', NULL, NULL, '2026-06-29 16:35:52'),
(163, 'Side Mirror', 1388, 183, 184, 'Warehouse transfer', 3, 'Peter Otieno', 'Pending', NULL, NULL, '2026-06-29 16:35:52'),
(164, 'Fuel Filter', 1662, 56, 45, 'Barcode correction', 2, 'Jane Mwangi', 'Pending', NULL, NULL, '2026-06-29 16:35:52'),
(165, 'Battery', 206, 14, 18, 'Barcode correction', 3, 'Peter Otieno', 'Pending', NULL, NULL, '2026-06-29 16:35:52'),
(166, 'Side Mirror', 883, 164, 134, 'Warehouse transfer', 3, 'Peter Otieno', 'Pending', NULL, NULL, '2026-06-29 16:35:52'),
(167, 'Oil Filter', 1066, 40, 14, 'Supplier delivery received', 1, 'John Kamau', 'Pending', NULL, NULL, '2026-06-29 16:35:52'),
(168, 'Battery', 732, 109, 104, 'Damaged items removed', 3, 'Peter Otieno', 'Pending', NULL, NULL, '2026-06-29 16:35:52'),
(169, 'Battery', 977, 19, 11, 'Customer returns restocked', 1, 'John Kamau', 'Pending', NULL, NULL, '2026-06-29 16:35:52'),
(170, 'Water Pump', 900, 180, 192, 'Inventory recount', 1, 'John Kamau', 'Pending', NULL, NULL, '2026-06-29 16:35:52'),
(171, 'Oil Filter', 362, 101, 85, 'Cycle count adjustment', 2, 'Jane Mwangi', 'Pending', NULL, NULL, '2026-06-29 16:35:52'),
(172, 'CV Joint', 325, 185, 190, 'Missing items recovered', 1, 'John Kamau', 'Pending', NULL, NULL, '2026-06-29 16:35:52'),
(173, 'Oil Filter', 1565, 185, 184, 'Stock audit correction', 1, 'John Kamau', 'Pending', NULL, NULL, '2026-06-29 16:35:52'),
(174, 'CV Joint', 1613, 185, 195, 'Incorrect stock entry correction', 1, 'John Kamau', 'Pending', NULL, NULL, '2026-06-29 16:35:52'),
(175, 'Timing Belt', 39, 43, 39, 'Barcode correction', 2, 'Jane Mwangi', 'Pending', NULL, NULL, '2026-06-29 16:35:52'),
(176, 'Water Pump', 1013, 14, 16, 'Barcode correction', 1, 'John Kamau', 'Pending', NULL, NULL, '2026-06-29 16:35:52'),
(177, 'Radiator', 486, 68, 45, 'Missing items recovered', 1, 'John Kamau', 'Pending', NULL, NULL, '2026-06-29 16:35:52'),
(178, 'CV Joint', 1835, 145, 165, 'Stock audit correction', 2, 'Jane Mwangi', 'Pending', NULL, NULL, '2026-06-29 16:35:52'),
(179, 'Radiator', 826, 9, 15, 'Customer returns restocked', 1, 'John Kamau', 'Pending', NULL, NULL, '2026-06-29 16:35:52'),
(180, 'Shock Absorber', 876, 178, 194, 'Supplier delivery received', 1, 'John Kamau', 'Pending', NULL, NULL, '2026-06-29 16:35:52'),
(181, 'Side Mirror', 537, 160, 172, 'Missing items recovered', 1, 'John Kamau', 'Pending', NULL, NULL, '2026-06-29 16:35:52'),
(182, 'Shock Absorber', 824, 180, 190, 'Missing items recovered', 2, 'Jane Mwangi', 'Pending', NULL, NULL, '2026-06-29 16:35:52'),
(183, 'Battery', 1462, 30, 16, 'Cycle count adjustment', 2, 'Jane Mwangi', 'Pending', NULL, NULL, '2026-06-29 16:35:52'),
(184, 'Brake Pad', 1702, 3, 10, 'Damaged items removed', 3, 'Peter Otieno', 'Pending', NULL, NULL, '2026-06-29 16:35:52'),
(185, 'Air Filter', 496, 166, 153, 'Inventory recount', 1, 'John Kamau', 'Pending', NULL, NULL, '2026-06-29 16:35:52'),
(186, 'Side Mirror', 546, 147, 119, 'Stock audit correction', 1, 'John Kamau', 'Pending', NULL, NULL, '2026-06-29 16:35:52'),
(187, 'Fuel Filter', 1472, 176, 147, 'Customer returns restocked', 2, 'Jane Mwangi', 'Pending', NULL, NULL, '2026-06-29 16:35:52'),
(188, 'CV Joint', 213, 65, 38, 'Customer returns restocked', 1, 'John Kamau', 'Pending', NULL, NULL, '2026-06-29 16:35:52'),
(189, 'Air Filter', 1761, 67, 83, 'Missing items recovered', 1, 'John Kamau', 'Pending', NULL, NULL, '2026-06-29 16:35:52'),
(190, 'Brake Pad', 1245, 85, 93, 'Stock audit correction', 4, 'Mary Wanjiku', 'Pending', NULL, NULL, '2026-06-29 16:35:52'),
(191, 'Side Mirror', 205, 126, 120, 'Supplier delivery received', 1, 'John Kamau', 'Pending', NULL, NULL, '2026-06-29 16:35:52'),
(192, 'Fuel Filter', 1760, 171, 166, 'Cycle count adjustment', 1, 'John Kamau', 'Pending', NULL, NULL, '2026-06-29 16:35:52'),
(193, 'Timing Belt', 853, 97, 96, 'Cycle count adjustment', 3, 'Peter Otieno', 'Pending', NULL, NULL, '2026-06-29 16:35:52'),
(194, 'Brake Pad', 1731, 166, 183, 'Warehouse transfer', 1, 'John Kamau', 'Pending', NULL, NULL, '2026-06-29 16:35:52'),
(195, 'Radiator', 1422, 81, 92, 'Missing items recovered', 3, 'Peter Otieno', 'Pending', NULL, NULL, '2026-06-29 16:35:52'),
(196, 'CV Joint', 227, 68, 56, 'Barcode correction', 1, 'John Kamau', 'Pending', NULL, NULL, '2026-06-29 16:35:52'),
(197, 'Water Pump', 1773, 188, 163, 'Barcode correction', 2, 'Jane Mwangi', 'Pending', NULL, NULL, '2026-06-29 16:35:52'),
(198, 'Radiator', 1230, 56, 47, 'Stock audit correction', 3, 'Peter Otieno', 'Pending', NULL, NULL, '2026-06-29 16:35:52'),
(199, 'Radiator', 1049, 123, 114, 'Cycle count adjustment', 1, 'John Kamau', 'Pending', NULL, NULL, '2026-06-29 16:35:52'),
(200, 'Battery', 1186, 71, 46, 'Cycle count adjustment', 1, 'John Kamau', 'Pending', NULL, NULL, '2026-06-29 16:35:52'),
(201, 'Shock Absorber', 1662, 154, 144, 'Inventory recount', 3, 'Peter Otieno', 'Pending', NULL, NULL, '2026-06-29 16:35:52'),
(202, 'Brake Disc', 125, 8, 10, 'Damaged items removed', 4, 'Mary Wanjiku', 'Pending', NULL, NULL, '2026-06-29 16:35:52'),
(203, 'Shock Absorber', 198, 89, 94, 'Supplier delivery received', 1, 'John Kamau', 'Pending', NULL, NULL, '2026-06-29 16:35:52'),
(204, 'Radiator', 721, 50, 50, 'Inventory recount', 3, 'Peter Otieno', 'Pending', NULL, NULL, '2026-06-29 16:35:52'),
(205, 'Shock Absorber', 747, 139, 112, 'Damaged items removed', 3, 'Peter Otieno', 'Pending', NULL, NULL, '2026-06-29 16:35:52'),
(206, 'Air Filter', 41, 70, 70, 'Barcode correction', 2, 'Jane Mwangi', 'Pending', NULL, NULL, '2026-06-29 16:35:52'),
(207, 'Brake Pad', 428, 114, 106, 'Customer returns restocked', 3, 'Peter Otieno', 'Pending', NULL, NULL, '2026-06-29 16:35:52'),
(208, 'Water Pump', 589, 167, 170, 'Barcode correction', 1, 'John Kamau', 'Pending', NULL, NULL, '2026-06-29 16:35:52'),
(209, 'Oil Filter', 1384, 135, 129, 'Customer returns restocked', 3, 'Peter Otieno', 'Pending', NULL, NULL, '2026-06-29 16:35:52'),
(210, 'Fuel Filter', 1328, 97, 98, 'Incorrect stock entry correction', 2, 'Jane Mwangi', 'Pending', NULL, NULL, '2026-06-29 16:35:52'),
(211, 'Fuel Filter', 838, 99, 118, 'Damaged items removed', 1, 'John Kamau', 'Pending', NULL, NULL, '2026-06-29 16:35:52'),
(212, 'Side Mirror', 958, 73, 70, 'Barcode correction', 1, 'John Kamau', 'Pending', NULL, NULL, '2026-06-29 16:35:52'),
(213, 'Brake Disc', 349, 93, 84, 'Damaged items removed', 3, 'Peter Otieno', 'Pending', NULL, NULL, '2026-06-29 16:35:52'),
(214, 'Fuel Filter', 1368, 135, 114, 'Stock audit correction', 1, 'John Kamau', 'Pending', NULL, NULL, '2026-06-29 16:35:52'),
(215, 'Fuel Filter', 1786, 159, 130, 'Inventory recount', 1, 'John Kamau', 'Pending', NULL, NULL, '2026-06-29 16:35:52'),
(216, 'Brake Pad', 903, 75, 92, 'Stock audit correction', 3, 'Peter Otieno', 'Pending', NULL, NULL, '2026-06-29 16:35:52'),
(217, 'Radiator', 1175, 39, 44, 'Damaged items removed', 3, 'Peter Otieno', 'Pending', NULL, NULL, '2026-06-29 16:35:52'),
(218, 'Brake Pad', 1561, 46, 31, 'Stock audit correction', 2, 'Jane Mwangi', 'Pending', NULL, NULL, '2026-06-29 16:35:52'),
(219, 'Brake Disc', 272, 26, 34, 'Barcode correction', 3, 'Peter Otieno', 'Pending', NULL, NULL, '2026-06-29 16:35:52'),
(220, 'Brake Pad', 235, 200, 193, 'Inventory recount', 2, 'Jane Mwangi', 'Pending', NULL, NULL, '2026-06-29 16:35:52'),
(221, 'Oil Filter', 913, 16, 28, 'Warehouse transfer', 3, 'Peter Otieno', 'Pending', NULL, NULL, '2026-06-29 16:35:52'),
(222, 'Battery', 669, 35, 22, 'Stock audit correction', 1, 'John Kamau', 'Pending', NULL, NULL, '2026-06-29 16:35:52'),
(223, 'Shock Absorber', 280, 0, 14, 'Damaged items removed', 1, 'John Kamau', 'Pending', NULL, NULL, '2026-06-29 16:35:52'),
(224, 'Radiator', 1456, 37, 18, 'Customer returns restocked', 2, 'Jane Mwangi', 'Pending', NULL, NULL, '2026-06-29 16:35:52'),
(225, 'Air Filter', 1930, 147, 158, 'Customer returns restocked', 2, 'Jane Mwangi', 'Pending', NULL, NULL, '2026-06-29 16:35:52'),
(226, 'Brake Pad', 20, 214, 190, 'Warehouse transfer', 3, 'Peter Otieno', 'Pending', NULL, NULL, '2026-06-29 16:35:52'),
(227, 'Oil Filter', 688, 51, 38, 'Inventory recount', 1, 'John Kamau', 'Pending', NULL, NULL, '2026-06-29 16:35:52'),
(228, 'Air Filter', 994, 24, 34, 'Stock audit correction', 1, 'John Kamau', 'Pending', NULL, NULL, '2026-06-29 16:35:52'),
(229, 'Battery', 1532, 78, 98, 'Damaged items removed', 2, 'Jane Mwangi', 'Pending', NULL, NULL, '2026-06-29 16:35:52'),
(230, 'Radiator', 749, 145, 127, 'Barcode correction', 3, 'Peter Otieno', 'Pending', NULL, NULL, '2026-06-29 16:35:52'),
(231, 'Air Filter', 526, 63, 81, 'Supplier delivery received', 3, 'Peter Otieno', 'Pending', NULL, NULL, '2026-06-29 16:35:52'),
(232, 'CV Joint', 948, 143, 123, 'Damaged items removed', 1, 'John Kamau', 'Pending', NULL, NULL, '2026-06-29 16:35:52'),
(233, 'Shock Absorber', 1046, 195, 194, 'Stock audit correction', 1, 'John Kamau', 'Pending', NULL, NULL, '2026-06-29 16:35:52'),
(234, 'Radiator', 1242, 50, 32, 'Barcode correction', 3, 'Peter Otieno', 'Pending', NULL, NULL, '2026-06-29 16:35:52'),
(235, 'Timing Belt', 899, 131, 111, 'Warehouse transfer', 2, 'Jane Mwangi', 'Pending', NULL, NULL, '2026-06-29 16:35:52'),
(236, 'Shock Absorber', 563, 70, 85, 'Cycle count adjustment', 1, 'John Kamau', 'Pending', NULL, NULL, '2026-06-29 16:35:52'),
(237, 'Oil Filter', 304, 89, 84, 'Incorrect stock entry correction', 1, 'John Kamau', 'Pending', NULL, NULL, '2026-06-29 16:35:52'),
(238, 'Timing Belt', 1450, 62, 41, 'Incorrect stock entry correction', 3, 'Peter Otieno', 'Pending', NULL, NULL, '2026-06-29 16:35:52'),
(239, 'Battery', 1220, 144, 123, 'Customer returns restocked', 3, 'Peter Otieno', 'Pending', NULL, NULL, '2026-06-29 16:35:52'),
(240, 'Side Mirror', 641, 148, 162, 'Inventory recount', 1, 'John Kamau', 'Pending', NULL, NULL, '2026-06-29 16:35:52'),
(241, 'Side Mirror', 1015, 60, 67, 'Customer returns restocked', 1, 'John Kamau', 'Pending', NULL, NULL, '2026-06-29 16:35:52'),
(242, 'Battery', 1324, 49, 36, 'Missing items recovered', 1, 'John Kamau', 'Pending', NULL, NULL, '2026-06-29 16:35:52'),
(243, 'Side Mirror', 263, 72, 76, 'Cycle count adjustment', 1, 'John Kamau', 'Pending', NULL, NULL, '2026-06-29 16:35:52'),
(244, 'Water Pump', 1530, 152, 168, 'Cycle count adjustment', 1, 'John Kamau', 'Pending', NULL, NULL, '2026-06-29 16:35:52'),
(245, 'Brake Disc', 1050, 146, 117, 'Inventory recount', 2, 'Jane Mwangi', 'Pending', NULL, NULL, '2026-06-29 16:35:52'),
(246, 'Timing Belt', 766, 9, 24, 'Supplier delivery received', 3, 'Peter Otieno', 'Pending', NULL, NULL, '2026-06-29 16:35:52'),
(247, 'Fuel Filter', 399, 125, 141, 'Warehouse transfer', 3, 'Peter Otieno', 'Pending', NULL, NULL, '2026-06-29 16:35:52'),
(248, 'Brake Disc', 1042, 14, 10, 'Incorrect stock entry correction', 1, 'John Kamau', 'Pending', NULL, NULL, '2026-06-29 16:35:52'),
(249, 'Shock Absorber', 1874, 41, 57, 'Incorrect stock entry correction', 3, 'Peter Otieno', 'Pending', NULL, NULL, '2026-06-29 16:35:52'),
(250, 'Oil Filter', 1526, 14, 22, 'Missing items recovered', 1, 'John Kamau', 'Pending', NULL, NULL, '2026-06-29 16:35:52'),
(251, 'Air Filter', 1428, 87, 76, 'Stock audit correction', 1, 'John Kamau', 'Pending', NULL, NULL, '2026-06-29 16:35:52'),
(252, 'Brake Pad', 1203, 32, 24, 'Warehouse transfer', 1, 'John Kamau', 'Pending', NULL, NULL, '2026-06-29 16:35:52'),
(253, 'Fuel Filter', 1641, 157, 146, 'Incorrect stock entry correction', 1, 'John Kamau', 'Pending', NULL, NULL, '2026-06-29 16:35:52'),
(254, 'Water Pump', 1230, 173, 180, 'Missing items recovered', 2, 'Jane Mwangi', 'Pending', NULL, NULL, '2026-06-29 16:35:52'),
(255, 'Brake Pad', 534, 124, 113, 'Damaged items removed', 1, 'John Kamau', 'Pending', NULL, NULL, '2026-06-29 16:35:52'),
(256, 'Timing Belt', 255, 58, 74, 'Inventory recount', 1, 'John Kamau', 'Pending', NULL, NULL, '2026-06-29 16:35:52'),
(257, 'CV Joint', 533, 148, 129, 'Cycle count adjustment', 1, 'John Kamau', 'Pending', NULL, NULL, '2026-06-29 16:35:52'),
(258, 'Fuel Filter', 1603, 67, 80, 'Stock audit correction', 1, 'John Kamau', 'Pending', NULL, NULL, '2026-06-29 16:35:52'),
(259, 'Oil Filter', 1360, 151, 147, 'Warehouse transfer', 3, 'Peter Otieno', 'Pending', NULL, NULL, '2026-06-29 16:35:52'),
(260, 'Brake Disc', 986, 146, 129, 'Barcode correction', 2, 'Jane Mwangi', 'Pending', NULL, NULL, '2026-06-29 16:35:52'),
(261, 'Shock Absorber', 1630, 204, 185, 'Barcode correction', 1, 'John Kamau', 'Pending', NULL, NULL, '2026-06-29 16:35:52'),
(262, 'Side Mirror', 1989, 138, 145, 'Customer returns restocked', 1, 'John Kamau', 'Pending', NULL, NULL, '2026-06-29 16:35:52'),
(263, 'Fuel Filter', 493, 47, 40, 'Warehouse transfer', 4, 'Mary Wanjiku', 'Pending', NULL, NULL, '2026-06-29 16:35:52'),
(264, 'Brake Disc', 1909, 57, 50, 'Supplier delivery received', 1, 'John Kamau', 'Pending', NULL, NULL, '2026-06-29 16:35:52'),
(265, 'Timing Belt', 1538, 45, 25, 'Cycle count adjustment', 1, 'John Kamau', 'Pending', NULL, NULL, '2026-06-29 16:35:52'),
(266, 'Battery', 1194, 41, 37, 'Customer returns restocked', 1, 'John Kamau', 'Pending', NULL, NULL, '2026-06-29 16:35:52'),
(267, 'Timing Belt', 445, 192, 180, 'Inventory recount', 1, 'John Kamau', 'Pending', NULL, NULL, '2026-06-29 16:35:52'),
(268, 'Fuel Filter', 296, 141, 112, 'Warehouse transfer', 1, 'John Kamau', 'Pending', NULL, NULL, '2026-06-29 16:35:52'),
(269, 'CV Joint', 1092, 149, 162, 'Barcode correction', 1, 'John Kamau', 'Pending', NULL, NULL, '2026-06-29 16:35:52'),
(270, 'Oil Filter', 482, 83, 66, 'Inventory recount', 1, 'John Kamau', 'Pending', NULL, NULL, '2026-06-29 16:35:52'),
(271, 'Air Filter', 35, 31, 26, 'Warehouse transfer', 1, 'John Kamau', 'Pending', NULL, NULL, '2026-06-29 16:35:52'),
(272, 'Shock Absorber', 181, 138, 127, 'Missing items recovered', 3, 'Peter Otieno', 'Pending', NULL, NULL, '2026-06-29 16:35:52'),
(273, 'Oil Filter', 1786, 152, 149, 'Inventory recount', 1, 'John Kamau', 'Pending', NULL, NULL, '2026-06-29 16:35:52'),
(274, 'Radiator', 313, 96, 110, 'Cycle count adjustment', 2, 'Jane Mwangi', 'Pending', NULL, NULL, '2026-06-29 16:35:52'),
(275, 'Fuel Filter', 869, 43, 26, 'Stock audit correction', 1, 'John Kamau', 'Pending', NULL, NULL, '2026-06-29 16:35:52'),
(276, 'Shock Absorber', 1087, 211, 196, 'Cycle count adjustment', 1, 'John Kamau', 'Pending', NULL, NULL, '2026-06-29 16:35:52'),
(277, 'Radiator', 849, 207, 187, 'Incorrect stock entry correction', 1, 'John Kamau', 'Pending', NULL, NULL, '2026-06-29 16:35:52'),
(278, 'Radiator', 498, 97, 90, 'Barcode correction', 1, 'John Kamau', 'Pending', NULL, NULL, '2026-06-29 16:35:52'),
(279, 'Fuel Filter', 1412, 60, 32, 'Customer returns restocked', 2, 'Jane Mwangi', 'Pending', NULL, NULL, '2026-06-29 16:35:52'),
(280, 'Radiator', 687, 134, 120, 'Cycle count adjustment', 1, 'John Kamau', 'Pending', NULL, NULL, '2026-06-29 16:35:52'),
(281, 'Brake Disc', 381, 100, 104, 'Supplier delivery received', 2, 'Jane Mwangi', 'Pending', NULL, NULL, '2026-06-29 16:35:52'),
(282, 'Radiator', 1441, 45, 24, 'Cycle count adjustment', 2, 'Jane Mwangi', 'Pending', NULL, NULL, '2026-06-29 16:35:52'),
(283, 'Radiator', 1408, 65, 62, 'Damaged items removed', 1, 'John Kamau', 'Pending', NULL, NULL, '2026-06-29 16:35:52'),
(284, 'Timing Belt', 949, 127, 109, 'Barcode correction', 3, 'Peter Otieno', 'Pending', NULL, NULL, '2026-06-29 16:35:52'),
(285, 'Brake Pad', 1952, 137, 138, 'Stock audit correction', 1, 'John Kamau', 'Pending', NULL, NULL, '2026-06-29 16:35:52'),
(286, 'CV Joint', 343, 119, 125, 'Inventory recount', 2, 'Jane Mwangi', 'Pending', NULL, NULL, '2026-06-29 16:35:52'),
(287, 'Timing Belt', 307, 187, 192, 'Missing items recovered', 1, 'John Kamau', 'Pending', NULL, NULL, '2026-06-29 16:35:52'),
(288, 'Air Filter', 1121, 53, 60, 'Warehouse transfer', 1, 'John Kamau', 'Pending', NULL, NULL, '2026-06-29 16:35:52'),
(289, 'Timing Belt', 358, 69, 44, 'Barcode correction', 1, 'John Kamau', 'Pending', NULL, NULL, '2026-06-29 16:35:52'),
(290, 'Side Mirror', 1756, 165, 174, 'Cycle count adjustment', 1, 'John Kamau', 'Pending', NULL, NULL, '2026-06-29 16:35:52'),
(291, 'Timing Belt', 1059, 175, 154, 'Warehouse transfer', 2, 'Jane Mwangi', 'Pending', NULL, NULL, '2026-06-29 16:35:52'),
(292, 'Oil Filter', 233, 75, 50, 'Incorrect stock entry correction', 2, 'Jane Mwangi', 'Pending', NULL, NULL, '2026-06-29 16:35:52'),
(293, 'Water Pump', 654, 91, 90, 'Incorrect stock entry correction', 1, 'John Kamau', 'Pending', NULL, NULL, '2026-06-29 16:35:52'),
(294, 'Water Pump', 1268, 158, 159, 'Barcode correction', 3, 'Peter Otieno', 'Pending', NULL, NULL, '2026-06-29 16:35:52'),
(295, 'Oil Filter', 1286, 76, 95, 'Inventory recount', 1, 'John Kamau', 'Pending', NULL, NULL, '2026-06-29 16:35:52'),
(296, 'Brake Pad', 956, 42, 53, 'Stock audit correction', 2, 'Jane Mwangi', 'Pending', NULL, NULL, '2026-06-29 16:35:52'),
(297, 'Water Pump', 885, 157, 134, 'Cycle count adjustment', 1, 'John Kamau', 'Pending', NULL, NULL, '2026-06-29 16:35:52'),
(298, 'Oil Filter', 1138, 191, 182, 'Inventory recount', 1, 'John Kamau', 'Pending', NULL, NULL, '2026-06-29 16:35:52'),
(299, 'Shock Absorber', 712, 150, 150, 'Cycle count adjustment', 2, 'Jane Mwangi', 'Pending', NULL, NULL, '2026-06-29 16:35:52'),
(300, 'Water Pump', 73, 15, 10, 'Cycle count adjustment', 3, 'Peter Otieno', 'Pending', NULL, NULL, '2026-06-29 16:35:52'),
(301, 'Timing Belt', 110, 194, 194, 'Stock audit correction', 1, 'John Kamau', 'Pending', NULL, NULL, '2026-06-29 16:35:52'),
(302, 'Shock Absorber', 1781, 88, 102, 'Warehouse transfer', 1, 'John Kamau', 'Pending', NULL, NULL, '2026-06-29 16:35:52'),
(303, 'Water Pump', 1199, 13, 6, 'Stock audit correction', 1, 'John Kamau', 'Pending', NULL, NULL, '2026-06-29 16:35:52'),
(304, 'Fuel Filter', 1001, 34, 20, 'Warehouse transfer', 2, 'Jane Mwangi', 'Pending', NULL, NULL, '2026-06-29 16:35:52'),
(305, 'Brake Pad', 1206, 161, 148, 'Damaged items removed', 3, 'Peter Otieno', 'Pending', NULL, NULL, '2026-06-29 16:35:52'),
(306, 'Side Mirror', 1451, 174, 180, 'Warehouse transfer', 3, 'Peter Otieno', 'Pending', NULL, NULL, '2026-06-29 16:35:52'),
(307, 'Battery', 362, 98, 103, 'Incorrect stock entry correction', 1, 'John Kamau', 'Pending', NULL, NULL, '2026-06-29 16:35:52'),
(308, 'Water Pump', 521, 114, 123, 'Inventory recount', 3, 'Peter Otieno', 'Pending', NULL, NULL, '2026-06-29 16:35:52'),
(309, 'Battery', 1126, 69, 84, 'Barcode correction', 1, 'John Kamau', 'Pending', NULL, NULL, '2026-06-29 16:35:52'),
(310, 'Oil Filter', 1546, 35, 41, 'Barcode correction', 3, 'Peter Otieno', 'Pending', NULL, NULL, '2026-06-29 16:35:52'),
(311, 'Brake Disc', 254, 110, 99, 'Customer returns restocked', 2, 'Jane Mwangi', 'Pending', NULL, NULL, '2026-06-29 16:35:52'),
(312, 'Brake Disc', 585, 101, 121, 'Barcode correction', 2, 'Jane Mwangi', 'Pending', NULL, NULL, '2026-06-29 16:35:52'),
(313, 'Oil Filter', 700, 81, 86, 'Missing items recovered', 1, 'John Kamau', 'Pending', NULL, NULL, '2026-06-29 16:35:52'),
(314, 'Radiator', 1066, 106, 116, 'Barcode correction', 1, 'John Kamau', 'Pending', NULL, NULL, '2026-06-29 16:35:52'),
(315, 'Timing Belt', 770, 32, 38, 'Damaged items removed', 2, 'Jane Mwangi', 'Pending', NULL, NULL, '2026-06-29 16:35:52'),
(316, 'CV Joint', 309, 182, 159, 'Incorrect stock entry correction', 1, 'John Kamau', 'Pending', NULL, NULL, '2026-06-29 16:35:52'),
(317, 'Brake Pad', 775, 132, 141, 'Incorrect stock entry correction', 1, 'John Kamau', 'Pending', NULL, NULL, '2026-06-29 16:35:52'),
(318, 'Brake Disc', 541, 44, 29, 'Warehouse transfer', 2, 'Jane Mwangi', 'Pending', NULL, NULL, '2026-06-29 16:35:52'),
(319, 'Water Pump', 661, 146, 138, 'Barcode correction', 1, 'John Kamau', 'Pending', NULL, NULL, '2026-06-29 16:35:52'),
(320, 'Brake Pad', 802, 150, 133, 'Stock audit correction', 1, 'John Kamau', 'Pending', NULL, NULL, '2026-06-29 16:35:52'),
(321, 'Fuel Filter', 1630, 25, 38, 'Supplier delivery received', 2, 'Jane Mwangi', 'Pending', NULL, NULL, '2026-06-29 16:35:52'),
(322, 'Air Filter', 816, 191, 181, 'Supplier delivery received', 2, 'Jane Mwangi', 'Pending', NULL, NULL, '2026-06-29 16:35:52'),
(323, 'Air Filter', 1712, 17, 8, 'Barcode correction', 1, 'John Kamau', 'Pending', NULL, NULL, '2026-06-29 16:35:52'),
(324, 'Oil Filter', 732, 38, 20, 'Cycle count adjustment', 2, 'Jane Mwangi', 'Pending', NULL, NULL, '2026-06-29 16:35:52'),
(325, 'Timing Belt', 1340, 82, 95, 'Customer returns restocked', 1, 'John Kamau', 'Pending', NULL, NULL, '2026-06-29 16:35:52'),
(326, 'Oil Filter', 1645, 164, 157, 'Supplier delivery received', 2, 'Jane Mwangi', 'Pending', NULL, NULL, '2026-06-29 16:35:52'),
(327, 'CV Joint', 744, 73, 67, 'Barcode correction', 3, 'Peter Otieno', 'Pending', NULL, NULL, '2026-06-29 16:35:52'),
(328, 'Brake Disc', 530, 68, 41, 'Supplier delivery received', 2, 'Jane Mwangi', 'Pending', NULL, NULL, '2026-06-29 16:35:52'),
(329, 'Side Mirror', 136, 168, 183, 'Stock audit correction', 1, 'John Kamau', 'Pending', NULL, NULL, '2026-06-29 16:35:52'),
(330, 'Side Mirror', 812, 178, 151, 'Stock audit correction', 2, 'Jane Mwangi', 'Pending', NULL, NULL, '2026-06-29 16:35:52'),
(331, 'Brake Pad', 37, 51, 51, 'Supplier delivery received', 3, 'Peter Otieno', 'Pending', NULL, NULL, '2026-06-29 16:35:52'),
(332, 'Battery', 1520, 37, 13, 'Warehouse transfer', 3, 'Peter Otieno', 'Pending', NULL, NULL, '2026-06-29 16:35:52'),
(333, 'Radiator', 508, 201, 191, 'Missing items recovered', 1, 'John Kamau', 'Pending', NULL, NULL, '2026-06-29 16:35:52'),
(334, 'Shock Absorber', 157, 216, 198, 'Warehouse transfer', 1, 'John Kamau', 'Pending', NULL, NULL, '2026-06-29 16:35:52'),
(335, 'Water Pump', 316, 190, 172, 'Missing items recovered', 2, 'Jane Mwangi', 'Pending', NULL, NULL, '2026-06-29 16:35:52'),
(336, 'CV Joint', 1522, 92, 104, 'Cycle count adjustment', 1, 'John Kamau', 'Pending', NULL, NULL, '2026-06-29 16:35:52'),
(337, 'Brake Pad', 411, 157, 159, 'Customer returns restocked', 2, 'Jane Mwangi', 'Pending', NULL, NULL, '2026-06-29 16:35:52'),
(338, 'Shock Absorber', 186, 131, 131, 'Supplier delivery received', 2, 'Jane Mwangi', 'Pending', NULL, NULL, '2026-06-29 16:35:52'),
(339, 'Radiator', 579, 30, 33, 'Cycle count adjustment', 2, 'Jane Mwangi', 'Pending', NULL, NULL, '2026-06-29 16:35:52'),
(340, 'Air Filter', 1536, 89, 89, 'Stock audit correction', 2, 'Jane Mwangi', 'Pending', NULL, NULL, '2026-06-29 16:35:52'),
(341, 'Shock Absorber', 1960, 63, 64, 'Warehouse transfer', 2, 'Jane Mwangi', 'Pending', NULL, NULL, '2026-06-29 16:35:52'),
(342, 'Battery', 523, 32, 10, 'Customer returns restocked', 2, 'Jane Mwangi', 'Pending', NULL, NULL, '2026-06-29 16:35:52'),
(343, 'Radiator', 1744, 206, 192, 'Warehouse transfer', 2, 'Jane Mwangi', 'Pending', NULL, NULL, '2026-06-29 16:35:52'),
(344, 'Brake Disc', 324, 109, 85, 'Incorrect stock entry correction', 1, 'John Kamau', 'Pending', NULL, NULL, '2026-06-29 16:35:52'),
(345, 'Shock Absorber', 675, 92, 111, 'Inventory recount', 3, 'Peter Otieno', 'Pending', NULL, NULL, '2026-06-29 16:35:52'),
(346, 'Shock Absorber', 613, 49, 37, 'Stock audit correction', 1, 'John Kamau', 'Pending', NULL, NULL, '2026-06-29 16:35:52'),
(347, 'Battery', 1670, 46, 38, 'Cycle count adjustment', 1, 'John Kamau', 'Pending', NULL, NULL, '2026-06-29 16:35:52'),
(348, 'CV Joint', 527, 54, 38, 'Barcode correction', 3, 'Peter Otieno', 'Pending', NULL, NULL, '2026-06-29 16:35:52'),
(349, 'Brake Disc', 115, 24, 37, 'Missing items recovered', 1, 'John Kamau', 'Pending', NULL, NULL, '2026-06-29 16:35:52'),
(350, 'Shock Absorber', 1039, 0, 11, 'Customer returns restocked', 1, 'John Kamau', 'Pending', NULL, NULL, '2026-06-29 16:35:52'),
(351, 'Oil Filter', 1742, 43, 14, 'Supplier delivery received', 1, 'John Kamau', 'Pending', NULL, NULL, '2026-06-29 16:35:52'),
(352, 'Brake Pad', 185, 39, 14, 'Warehouse transfer', 1, 'John Kamau', 'Pending', NULL, NULL, '2026-06-29 16:35:52'),
(353, 'Water Pump', 392, 85, 57, 'Barcode correction', 1, 'John Kamau', 'Pending', NULL, NULL, '2026-06-29 16:35:52'),
(354, 'Side Mirror', 1844, 190, 171, 'Barcode correction', 1, 'John Kamau', 'Pending', NULL, NULL, '2026-06-29 16:35:52'),
(355, 'Water Pump', 1308, 162, 141, 'Warehouse transfer', 1, 'John Kamau', 'Pending', NULL, NULL, '2026-06-29 16:35:52'),
(356, 'Fuel Filter', 396, 127, 145, 'Supplier delivery received', 3, 'Peter Otieno', 'Pending', NULL, NULL, '2026-06-29 16:35:52'),
(357, 'Oil Filter', 502, 68, 42, 'Supplier delivery received', 3, 'Peter Otieno', 'Pending', NULL, NULL, '2026-06-29 16:35:52'),
(358, 'Shock Absorber', 1552, 114, 132, 'Incorrect stock entry correction', 1, 'John Kamau', 'Pending', NULL, NULL, '2026-06-29 16:35:52'),
(359, 'Timing Belt', 790, 140, 120, 'Warehouse transfer', 1, 'John Kamau', 'Pending', NULL, NULL, '2026-06-29 16:35:52'),
(360, 'Shock Absorber', 1790, 150, 130, 'Inventory recount', 1, 'John Kamau', 'Pending', NULL, NULL, '2026-06-29 16:35:52'),
(361, 'Fuel Filter', 573, 96, 68, 'Incorrect stock entry correction', 1, 'John Kamau', 'Pending', NULL, NULL, '2026-06-29 16:35:52'),
(362, 'Battery', 779, 14, 20, 'Supplier delivery received', 2, 'Jane Mwangi', 'Pending', NULL, NULL, '2026-06-29 16:35:52'),
(363, 'Water Pump', 954, 177, 193, 'Stock audit correction', 2, 'Jane Mwangi', 'Pending', NULL, NULL, '2026-06-29 16:35:52'),
(364, 'CV Joint', 1309, 7, 8, 'Warehouse transfer', 1, 'John Kamau', 'Pending', NULL, NULL, '2026-06-29 16:35:52'),
(365, 'Water Pump', 415, 123, 138, 'Barcode correction', 1, 'John Kamau', 'Pending', NULL, NULL, '2026-06-29 16:35:52'),
(366, 'Oil Filter', 426, 67, 53, 'Stock audit correction', 3, 'Peter Otieno', 'Pending', NULL, NULL, '2026-06-29 16:35:52'),
(367, 'Air Filter', 889, 0, 14, 'Barcode correction', 1, 'John Kamau', 'Pending', NULL, NULL, '2026-06-29 16:35:52'),
(368, 'Shock Absorber', 606, 7, 20, 'Barcode correction', 1, 'John Kamau', 'Pending', NULL, NULL, '2026-06-29 16:35:52'),
(369, 'Water Pump', 811, 19, 33, 'Supplier delivery received', 1, 'John Kamau', 'Pending', NULL, NULL, '2026-06-29 16:35:52'),
(370, 'Water Pump', 1119, 40, 41, 'Damaged items removed', 3, 'Peter Otieno', 'Pending', NULL, NULL, '2026-06-29 16:35:52'),
(371, 'Water Pump', 961, 187, 200, 'Customer returns restocked', 1, 'John Kamau', 'Pending', NULL, NULL, '2026-06-29 16:35:52'),
(372, 'Radiator', 1925, 174, 186, 'Missing items recovered', 1, 'John Kamau', 'Pending', NULL, NULL, '2026-06-29 16:35:52'),
(373, 'Side Mirror', 95, 34, 54, 'Missing items recovered', 1, 'John Kamau', 'Pending', NULL, NULL, '2026-06-29 16:35:52'),
(374, 'Timing Belt', 1351, 38, 53, 'Incorrect stock entry correction', 2, 'Jane Mwangi', 'Pending', NULL, NULL, '2026-06-29 16:35:52'),
(375, 'Battery', 399, 50, 65, 'Inventory recount', 1, 'John Kamau', 'Pending', NULL, NULL, '2026-06-29 16:35:52'),
(376, 'CV Joint', 1620, 148, 138, 'Supplier delivery received', 1, 'John Kamau', 'Pending', NULL, NULL, '2026-06-29 16:35:52'),
(377, 'Water Pump', 1375, 17, 31, 'Damaged items removed', 1, 'John Kamau', 'Pending', NULL, NULL, '2026-06-29 16:35:52'),
(378, 'Air Filter', 859, 206, 190, 'Customer returns restocked', 2, 'Jane Mwangi', 'Pending', NULL, NULL, '2026-06-29 16:35:52'),
(379, 'Water Pump', 251, 150, 160, 'Cycle count adjustment', 1, 'John Kamau', 'Pending', NULL, NULL, '2026-06-29 16:35:52'),
(380, 'Battery', 1263, 119, 133, 'Inventory recount', 3, 'Peter Otieno', 'Pending', NULL, NULL, '2026-06-29 16:35:52'),
(381, 'Battery', 152, 16, 9, 'Incorrect stock entry correction', 3, 'Peter Otieno', 'Pending', NULL, NULL, '2026-06-29 16:35:52'),
(382, 'Fuel Filter', 1576, 103, 102, 'Supplier delivery received', 3, 'Peter Otieno', 'Pending', NULL, NULL, '2026-06-29 16:35:52'),
(383, 'CV Joint', 325, 174, 182, 'Barcode correction', 3, 'Peter Otieno', 'Pending', NULL, NULL, '2026-06-29 16:35:52'),
(384, 'CV Joint', 264, 91, 75, 'Barcode correction', 4, 'Mary Wanjiku', 'Pending', NULL, NULL, '2026-06-29 16:35:52'),
(385, 'Air Filter', 1316, 205, 188, 'Stock audit correction', 2, 'Jane Mwangi', 'Pending', NULL, NULL, '2026-06-29 16:35:52'),
(386, 'Battery', 661, 31, 8, 'Supplier delivery received', 2, 'Jane Mwangi', 'Pending', NULL, NULL, '2026-06-29 16:35:52'),
(387, 'Timing Belt', 1043, 96, 88, 'Customer returns restocked', 1, 'John Kamau', 'Pending', NULL, NULL, '2026-06-29 16:35:52'),
(388, 'Battery', 130, 187, 179, 'Barcode correction', 4, 'Mary Wanjiku', 'Pending', NULL, NULL, '2026-06-29 16:35:52'),
(389, 'Brake Pad', 1572, 149, 149, 'Inventory recount', 1, 'John Kamau', 'Pending', NULL, NULL, '2026-06-29 16:35:52'),
(390, 'Brake Pad', 128, 143, 161, 'Missing items recovered', 3, 'Peter Otieno', 'Pending', NULL, NULL, '2026-06-29 16:35:52'),
(391, 'Air Filter', 1208, 188, 200, 'Barcode correction', 3, 'Peter Otieno', 'Pending', NULL, NULL, '2026-06-29 16:35:52'),
(392, 'Timing Belt', 1673, 198, 199, 'Inventory recount', 3, 'Peter Otieno', 'Pending', NULL, NULL, '2026-06-29 16:35:52'),
(393, 'CV Joint', 1612, 186, 181, 'Inventory recount', 4, 'Mary Wanjiku', 'Pending', NULL, NULL, '2026-06-29 16:35:52'),
(394, 'Fuel Filter', 531, 180, 164, 'Warehouse transfer', 3, 'Peter Otieno', 'Pending', NULL, NULL, '2026-06-29 16:35:52'),
(395, 'Side Mirror', 236, 0, 7, 'Stock audit correction', 2, 'Jane Mwangi', 'Pending', NULL, NULL, '2026-06-29 16:35:52'),
(396, 'Side Mirror', 144, 110, 96, 'Incorrect stock entry correction', 2, 'Jane Mwangi', 'Pending', NULL, NULL, '2026-06-29 16:35:52'),
(397, 'Brake Disc', 969, 168, 142, 'Damaged items removed', 2, 'Jane Mwangi', 'Pending', NULL, NULL, '2026-06-29 16:35:52'),
(398, 'Oil Filter', 409, 77, 50, 'Warehouse transfer', 3, 'Peter Otieno', 'Pending', NULL, NULL, '2026-06-29 16:35:52'),
(399, 'Battery', 1622, 60, 73, 'Stock audit correction', 4, 'Mary Wanjiku', 'Pending', NULL, NULL, '2026-06-29 16:35:52'),
(400, 'Side Mirror', 1861, 135, 108, 'Incorrect stock entry correction', 1, 'Admin User', 'Pending', NULL, NULL, '2026-06-29 16:35:52'),
(401, 'Air Filter', 1171, 26, 26, 'Damaged items removed', 4, 'Mary Wanjiku', 'Pending', NULL, NULL, '2026-06-29 16:35:52'),
(402, 'Water Pump', 843, 107, 93, 'Barcode correction', 1, 'John Kamau', 'Pending', NULL, NULL, '2026-06-29 16:35:52'),
(403, 'Brake Pad', 827, 15, 34, 'Inventory recount', 3, 'Peter Otieno', 'Pending', NULL, NULL, '2026-06-29 16:35:52'),
(404, 'Brake Disc', 1409, 39, 13, 'Stock audit correction', 4, 'Mary Wanjiku', 'Pending', NULL, NULL, '2026-06-29 16:35:52'),
(405, 'Shock Absorber', 228, 110, 96, 'Incorrect stock entry correction', 2, 'Jane Mwangi', 'Pending', NULL, NULL, '2026-06-29 16:35:52'),
(406, 'Timing Belt', 65, 118, 134, 'Missing items recovered', 1, 'John Kamau', 'Pending', NULL, NULL, '2026-06-29 16:35:52'),
(407, 'Shock Absorber', 46, 139, 118, 'Missing items recovered', 4, 'Mary Wanjiku', 'Pending', NULL, NULL, '2026-06-29 16:35:52'),
(408, 'Radiator', 912, 122, 138, 'Customer returns restocked', 1, 'John Kamau', 'Pending', NULL, NULL, '2026-06-29 16:35:52'),
(409, 'Timing Belt', 1031, 30, 26, 'Warehouse transfer', 4, 'Mary Wanjiku', 'Pending', NULL, NULL, '2026-06-29 16:35:52'),
(410, 'Brake Disc', 1342, 148, 158, 'Inventory recount', 1, 'John Kamau', 'Pending', NULL, NULL, '2026-06-29 16:35:52'),
(411, 'Timing Belt', 666, 192, 192, 'Stock audit correction', 2, 'Jane Mwangi', 'Pending', NULL, NULL, '2026-06-29 16:35:52'),
(412, 'Air Filter', 1281, 109, 92, 'Damaged items removed', 3, 'Peter Otieno', 'Pending', NULL, NULL, '2026-06-29 16:35:52'),
(413, 'Radiator', 105, 70, 54, 'Warehouse transfer', 4, 'Mary Wanjiku', 'Pending', NULL, NULL, '2026-06-29 16:35:52'),
(414, 'Side Mirror', 1899, 98, 102, 'Warehouse transfer', 4, 'Mary Wanjiku', 'Pending', NULL, NULL, '2026-06-29 16:35:52'),
(415, 'Water Pump', 1138, 175, 185, 'Barcode correction', 2, 'Jane Mwangi', 'Pending', NULL, NULL, '2026-06-29 16:35:52'),
(416, 'Water Pump', 1722, 121, 127, 'Barcode correction', 3, 'Peter Otieno', 'Pending', NULL, NULL, '2026-06-29 16:35:52'),
(417, 'Radiator', 1879, 193, 193, 'Warehouse transfer', 3, 'Peter Otieno', 'Pending', NULL, NULL, '2026-06-29 16:35:52'),
(418, 'CV Joint', 1168, 128, 104, 'Inventory recount', 2, 'Jane Mwangi', 'Pending', NULL, NULL, '2026-06-29 16:35:52'),
(419, 'Brake Disc', 250, 49, 23, 'Cycle count adjustment', 3, 'Peter Otieno', 'Pending', NULL, NULL, '2026-06-29 16:35:52'),
(420, 'Battery', 380, 169, 157, 'Missing items recovered', 1, 'John Kamau', 'Pending', NULL, NULL, '2026-06-29 16:35:52'),
(421, 'Shock Absorber', 888, 203, 182, 'Customer returns restocked', 2, 'Jane Mwangi', 'Pending', NULL, NULL, '2026-06-29 16:35:52'),
(422, 'Brake Pad', 1853, 50, 29, 'Inventory recount', 4, 'Mary Wanjiku', 'Pending', NULL, NULL, '2026-06-29 16:35:52'),
(423, 'Air Filter', 1463, 212, 191, 'Damaged items removed', 2, 'Jane Mwangi', 'Pending', NULL, NULL, '2026-06-29 16:35:52'),
(424, 'Fuel Filter', 1322, 90, 67, 'Inventory recount', 2, 'Jane Mwangi', 'Pending', NULL, NULL, '2026-06-29 16:35:52'),
(425, 'Battery', 234, 198, 169, 'Warehouse transfer', 1, 'John Kamau', 'Pending', NULL, NULL, '2026-06-29 16:35:52'),
(426, 'Water Pump', 696, 0, 5, 'Inventory recount', 4, 'Mary Wanjiku', 'Pending', NULL, NULL, '2026-06-29 16:35:52'),
(427, 'Battery', 135, 218, 200, 'Damaged items removed', 1, 'John Kamau', 'Pending', NULL, NULL, '2026-06-29 16:35:52'),
(428, 'Radiator', 401, 95, 113, 'Supplier delivery received', 4, 'Mary Wanjiku', 'Pending', NULL, NULL, '2026-06-29 16:35:52'),
(429, 'Brake Pad', 1308, 174, 166, 'Missing items recovered', 4, 'Mary Wanjiku', 'Pending', NULL, NULL, '2026-06-29 16:35:52'),
(430, 'Oil Filter', 550, 153, 126, 'Cycle count adjustment', 2, 'Jane Mwangi', 'Pending', NULL, NULL, '2026-06-29 16:35:52'),
(431, 'Side Mirror', 241, 101, 117, 'Incorrect stock entry correction', 3, 'Peter Otieno', 'Pending', NULL, NULL, '2026-06-29 16:35:52'),
(432, 'Water Pump', 806, 93, 107, 'Warehouse transfer', 1, 'John Kamau', 'Pending', NULL, NULL, '2026-06-29 16:35:52'),
(433, 'Radiator', 1399, 117, 91, 'Incorrect stock entry correction', 4, 'Mary Wanjiku', 'Pending', NULL, NULL, '2026-06-29 16:35:52'),
(434, 'Side Mirror', 719, 94, 96, 'Customer returns restocked', 3, 'Peter Otieno', 'Pending', NULL, NULL, '2026-06-29 16:35:52');
INSERT INTO `pending_adjustments` (`id`, `item`, `inventory_id`, `requested_stock`, `current_stock`, `reason`, `requested_by`, `requested_by_name`, `status`, `approved_by`, `approved_at`, `created_at`) VALUES
(435, 'Fuel Filter', 1487, 20, 16, 'Warehouse transfer', 4, 'Mary Wanjiku', 'Pending', NULL, NULL, '2026-06-29 16:35:52'),
(436, 'Shock Absorber', 199, 217, 197, 'Stock audit correction', 2, 'Jane Mwangi', 'Pending', NULL, NULL, '2026-06-29 16:35:52'),
(437, 'Side Mirror', 308, 63, 67, 'Supplier delivery received', 2, 'Jane Mwangi', 'Pending', NULL, NULL, '2026-06-29 16:35:52'),
(438, 'Fuel Filter', 1629, 72, 69, 'Barcode correction', 3, 'Peter Otieno', 'Pending', NULL, NULL, '2026-06-29 16:35:52'),
(439, 'Water Pump', 1295, 140, 159, 'Customer returns restocked', 1, 'John Kamau', 'Pending', NULL, NULL, '2026-06-29 16:35:52'),
(440, 'Oil Filter', 757, 180, 189, 'Warehouse transfer', 1, 'John Kamau', 'Pending', NULL, NULL, '2026-06-29 16:35:52'),
(441, 'Brake Pad', 672, 187, 158, 'Cycle count adjustment', 4, 'Mary Wanjiku', 'Pending', NULL, NULL, '2026-06-29 16:35:52'),
(442, 'Shock Absorber', 1995, 76, 87, 'Incorrect stock entry correction', 3, 'Peter Otieno', 'Pending', NULL, NULL, '2026-06-29 16:35:52'),
(443, 'Brake Disc', 199, 102, 121, 'Missing items recovered', 4, 'Mary Wanjiku', 'Pending', NULL, NULL, '2026-06-29 16:35:52'),
(444, 'Battery', 1593, 205, 196, 'Stock audit correction', 1, 'John Kamau', 'Pending', NULL, NULL, '2026-06-29 16:35:52'),
(445, 'Radiator', 565, 150, 141, 'Stock audit correction', 3, 'Peter Otieno', 'Pending', NULL, NULL, '2026-06-29 16:35:52'),
(446, 'Oil Filter', 1129, 73, 65, 'Supplier delivery received', 1, 'John Kamau', 'Pending', NULL, NULL, '2026-06-29 16:35:52'),
(447, 'Battery', 515, 193, 186, 'Supplier delivery received', 4, 'Mary Wanjiku', 'Pending', NULL, NULL, '2026-06-29 16:35:52'),
(448, 'Air Filter', 1473, 153, 165, 'Missing items recovered', 1, 'John Kamau', 'Pending', NULL, NULL, '2026-06-29 16:35:52'),
(449, 'Brake Pad', 556, 95, 66, 'Inventory recount', 4, 'Mary Wanjiku', 'Pending', NULL, NULL, '2026-06-29 16:35:52'),
(450, 'Battery', 495, 57, 72, 'Customer returns restocked', 4, 'Mary Wanjiku', 'Pending', NULL, NULL, '2026-06-29 16:35:52'),
(451, 'Water Pump', 504, 52, 64, 'Customer returns restocked', 3, 'Peter Otieno', 'Pending', NULL, NULL, '2026-06-29 16:35:52'),
(452, 'Brake Pad', 1447, 150, 145, 'Missing items recovered', 4, 'Mary Wanjiku', 'Pending', NULL, NULL, '2026-06-29 16:35:52'),
(453, 'Brake Pad', 1394, 195, 185, 'Barcode correction', 1, 'John Kamau', 'Pending', NULL, NULL, '2026-06-29 16:35:52'),
(454, 'Side Mirror', 1023, 130, 129, 'Stock audit correction', 2, 'Jane Mwangi', 'Pending', NULL, NULL, '2026-06-29 16:35:52'),
(455, 'Fuel Filter', 662, 44, 57, 'Inventory recount', 4, 'Mary Wanjiku', 'Pending', NULL, NULL, '2026-06-29 16:35:52'),
(456, 'Battery', 22, 190, 195, 'Customer returns restocked', 1, 'John Kamau', 'Pending', NULL, NULL, '2026-06-29 16:35:52'),
(457, 'Side Mirror', 1704, 193, 165, 'Stock audit correction', 1, 'John Kamau', 'Pending', NULL, NULL, '2026-06-29 16:35:52'),
(458, 'Brake Pad', 19, 67, 67, 'Missing items recovered', 1, 'John Kamau', 'Pending', NULL, NULL, '2026-06-29 16:35:52'),
(459, 'Radiator', 718, 202, 183, 'Missing items recovered', 1, 'John Kamau', 'Pending', NULL, NULL, '2026-06-29 16:35:52'),
(460, 'Battery', 945, 193, 182, 'Customer returns restocked', 4, 'Mary Wanjiku', 'Pending', NULL, NULL, '2026-06-29 16:35:52'),
(461, 'Water Pump', 1678, 195, 178, 'Supplier delivery received', 3, 'Peter Otieno', 'Pending', NULL, NULL, '2026-06-29 16:35:52'),
(462, 'Radiator', 40, 24, 10, 'Damaged items removed', 2, 'Jane Mwangi', 'Pending', NULL, NULL, '2026-06-29 16:35:52'),
(463, 'CV Joint', 1028, 123, 124, 'Stock audit correction', 4, 'Mary Wanjiku', 'Pending', NULL, NULL, '2026-06-29 16:35:52'),
(464, 'Brake Disc', 1044, 157, 147, 'Stock audit correction', 1, 'John Kamau', 'Pending', NULL, NULL, '2026-06-29 16:35:52'),
(465, 'CV Joint', 950, 112, 97, 'Incorrect stock entry correction', 3, 'Peter Otieno', 'Pending', NULL, NULL, '2026-06-29 16:35:52'),
(466, 'Brake Disc', 1166, 174, 145, 'Cycle count adjustment', 1, 'John Kamau', 'Pending', NULL, NULL, '2026-06-29 16:35:52'),
(467, 'Oil Filter', 1287, 96, 112, 'Stock audit correction', 4, 'Mary Wanjiku', 'Pending', NULL, NULL, '2026-06-29 16:35:52'),
(468, 'Timing Belt', 1533, 228, 199, 'Supplier delivery received', 1, 'John Kamau', 'Pending', NULL, NULL, '2026-06-29 16:35:52'),
(469, 'CV Joint', 1662, 218, 195, 'Supplier delivery received', 4, 'Mary Wanjiku', 'Pending', NULL, NULL, '2026-06-29 16:35:52'),
(470, 'Oil Filter', 1053, 52, 66, 'Barcode correction', 3, 'Peter Otieno', 'Pending', NULL, NULL, '2026-06-29 16:35:52'),
(471, 'Fuel Filter', 1655, 94, 101, 'Inventory recount', 2, 'Jane Mwangi', 'Pending', NULL, NULL, '2026-06-29 16:35:52'),
(472, 'Radiator', 1544, 24, 33, 'Cycle count adjustment', 1, 'John Kamau', 'Pending', NULL, NULL, '2026-06-29 16:35:52'),
(473, 'Brake Pad', 442, 149, 125, 'Supplier delivery received', 3, 'Peter Otieno', 'Pending', NULL, NULL, '2026-06-29 16:35:52'),
(474, 'CV Joint', 1753, 197, 167, 'Supplier delivery received', 4, 'Mary Wanjiku', 'Pending', NULL, NULL, '2026-06-29 16:35:52'),
(475, 'Fuel Filter', 299, 166, 155, 'Warehouse transfer', 3, 'Peter Otieno', 'Pending', NULL, NULL, '2026-06-29 16:35:52'),
(476, 'Oil Filter', 1764, 18, 22, 'Damaged items removed', 3, 'Peter Otieno', 'Pending', NULL, NULL, '2026-06-29 16:35:52'),
(477, 'CV Joint', 914, 144, 129, 'Barcode correction', 4, 'Mary Wanjiku', 'Pending', NULL, NULL, '2026-06-29 16:35:52'),
(478, 'Timing Belt', 1261, 182, 173, 'Missing items recovered', 4, 'Mary Wanjiku', 'Pending', NULL, NULL, '2026-06-29 16:35:52'),
(479, 'Shock Absorber', 680, 135, 134, 'Barcode correction', 3, 'Peter Otieno', 'Pending', NULL, NULL, '2026-06-29 16:35:52'),
(480, 'Air Filter', 1109, 112, 116, 'Stock audit correction', 3, 'Peter Otieno', 'Pending', NULL, NULL, '2026-06-29 16:35:52'),
(481, 'Air Filter', 1036, 24, 31, 'Supplier delivery received', 1, 'John Kamau', 'Pending', NULL, NULL, '2026-06-29 16:35:52'),
(482, 'Side Mirror', 778, 42, 53, 'Missing items recovered', 1, 'John Kamau', 'Pending', NULL, NULL, '2026-06-29 16:35:52'),
(483, 'Side Mirror', 1389, 171, 145, 'Supplier delivery received', 1, 'John Kamau', 'Pending', NULL, NULL, '2026-06-29 16:35:52'),
(484, 'Brake Pad', 245, 8, 26, 'Inventory recount', 1, 'John Kamau', 'Pending', NULL, NULL, '2026-06-29 16:35:52'),
(485, 'Timing Belt', 1383, 144, 125, 'Inventory recount', 2, 'Jane Mwangi', 'Pending', NULL, NULL, '2026-06-29 16:35:52'),
(486, 'Timing Belt', 1565, 205, 179, 'Barcode correction', 4, 'Mary Wanjiku', 'Pending', NULL, NULL, '2026-06-29 16:35:52'),
(487, 'Oil Filter', 1859, 69, 69, 'Warehouse transfer', 2, 'Jane Mwangi', 'Pending', NULL, NULL, '2026-06-29 16:35:52'),
(488, 'Brake Disc', 1556, 18, 34, 'Missing items recovered', 4, 'Mary Wanjiku', 'Pending', NULL, NULL, '2026-06-29 16:35:52'),
(489, 'Air Filter', 1035, 193, 178, 'Stock audit correction', 4, 'Mary Wanjiku', 'Pending', NULL, NULL, '2026-06-29 16:35:52'),
(490, 'Shock Absorber', 1664, 208, 193, 'Incorrect stock entry correction', 2, 'Jane Mwangi', 'Pending', NULL, NULL, '2026-06-29 16:35:52'),
(491, 'Brake Pad', 1956, 210, 188, 'Incorrect stock entry correction', 1, 'John Kamau', 'Pending', NULL, NULL, '2026-06-29 16:35:52'),
(492, 'Radiator', 1985, 122, 138, 'Incorrect stock entry correction', 2, 'Jane Mwangi', 'Pending', NULL, NULL, '2026-06-29 16:35:52'),
(493, 'Shock Absorber', 1855, 138, 134, 'Stock audit correction', 2, 'Jane Mwangi', 'Pending', NULL, NULL, '2026-06-29 16:35:52'),
(494, 'Brake Pad', 271, 56, 40, 'Missing items recovered', 1, 'John Kamau', 'Pending', NULL, NULL, '2026-06-29 16:35:52'),
(495, 'Radiator', 1368, 45, 49, 'Damaged items removed', 2, 'Jane Mwangi', 'Pending', NULL, NULL, '2026-06-29 16:35:52'),
(496, 'Brake Disc', 37, 24, 16, 'Incorrect stock entry correction', 1, 'John Kamau', 'Pending', NULL, NULL, '2026-06-29 16:35:52'),
(497, 'Battery', 177, 115, 119, 'Customer returns restocked', 3, 'Peter Otieno', 'Pending', NULL, NULL, '2026-06-29 16:35:52'),
(498, 'Oil Filter', 791, 52, 22, 'Damaged items removed', 2, 'Jane Mwangi', 'Pending', NULL, NULL, '2026-06-29 16:35:52'),
(499, 'Fuel Filter', 987, 144, 118, 'Stock audit correction', 4, 'Mary Wanjiku', 'Pending', NULL, NULL, '2026-06-29 16:35:52'),
(500, 'Air Filter', 1835, 22, 6, 'Barcode correction', 4, 'Mary Wanjiku', 'Pending', NULL, NULL, '2026-06-29 16:35:52'),
(501, 'Brake Pad', 502, 31, 22, 'Incorrect stock entry correction', 1, 'John Kamau', 'Pending', NULL, NULL, '2026-06-29 16:35:52'),
(502, 'Air Filter', 327, 172, 192, 'Barcode correction', 2, 'Jane Mwangi', 'Pending', NULL, NULL, '2026-06-29 16:35:52'),
(503, 'Brake Disc', 1780, 158, 143, 'Stock audit correction', 3, 'Peter Otieno', 'Pending', NULL, NULL, '2026-06-29 16:35:52'),
(504, 'Water Pump', 653, 128, 111, 'Missing items recovered', 2, 'Jane Mwangi', 'Pending', NULL, NULL, '2026-06-29 16:35:52'),
(505, 'Radiator', 1705, 38, 51, 'Warehouse transfer', 1, 'John Kamau', 'Pending', NULL, NULL, '2026-06-29 16:35:52'),
(506, 'Brake Pad', 1351, 57, 75, 'Warehouse transfer', 2, 'Jane Mwangi', 'Pending', NULL, NULL, '2026-06-29 16:35:52'),
(507, 'Water Pump', 121, 52, 35, 'Inventory recount', 2, 'Jane Mwangi', 'Pending', NULL, NULL, '2026-06-29 16:35:52'),
(508, 'Fuel Filter', 767, 176, 196, 'Inventory recount', 4, 'Mary Wanjiku', 'Pending', NULL, NULL, '2026-06-29 16:35:52'),
(509, 'Brake Disc', 1256, 61, 69, 'Warehouse transfer', 1, 'John Kamau', 'Pending', NULL, NULL, '2026-06-29 16:35:52'),
(510, 'Timing Belt', 920, 180, 155, 'Customer returns restocked', 1, 'John Kamau', 'Pending', NULL, NULL, '2026-06-29 16:35:52'),
(511, 'CV Joint', 1141, 85, 84, 'Damaged items removed', 3, 'Peter Otieno', 'Pending', NULL, NULL, '2026-06-29 16:35:52'),
(512, 'Fuel Filter', 677, 91, 98, 'Damaged items removed', 1, 'John Kamau', 'Pending', NULL, NULL, '2026-06-29 16:35:52'),
(513, 'Brake Disc', 1129, 0, 5, 'Inventory recount', 1, 'John Kamau', 'Pending', NULL, NULL, '2026-06-29 16:35:52'),
(514, 'Air Filter', 1146, 1, 18, 'Supplier delivery received', 3, 'Peter Otieno', 'Pending', NULL, NULL, '2026-06-29 16:35:52'),
(515, 'Water Pump', 1199, 140, 135, 'Stock audit correction', 1, 'John Kamau', 'Pending', NULL, NULL, '2026-06-29 16:35:52'),
(516, 'Brake Disc', 942, 27, 27, 'Damaged items removed', 4, 'Mary Wanjiku', 'Pending', NULL, NULL, '2026-06-29 16:35:52'),
(517, 'Battery', 1688, 55, 39, 'Damaged items removed', 2, 'Jane Mwangi', 'Pending', NULL, NULL, '2026-06-29 16:35:52'),
(518, 'Brake Disc', 986, 160, 177, 'Inventory recount', 1, 'John Kamau', 'Pending', NULL, NULL, '2026-06-29 16:35:52'),
(519, 'Air Filter', 1878, 181, 186, 'Warehouse transfer', 3, 'Peter Otieno', 'Pending', NULL, NULL, '2026-06-29 16:35:52'),
(520, 'Air Filter', 421, 160, 180, 'Cycle count adjustment', 4, 'Mary Wanjiku', 'Pending', NULL, NULL, '2026-06-29 16:35:52'),
(521, 'Fuel Filter', 691, 135, 121, 'Supplier delivery received', 3, 'Peter Otieno', 'Pending', NULL, NULL, '2026-06-29 16:35:52'),
(522, 'Air Filter', 1743, 31, 39, 'Incorrect stock entry correction', 3, 'Peter Otieno', 'Pending', NULL, NULL, '2026-06-29 16:35:52'),
(523, 'Radiator', 1003, 177, 160, 'Warehouse transfer', 1, 'John Kamau', 'Pending', NULL, NULL, '2026-06-29 16:35:52'),
(524, 'Timing Belt', 597, 150, 134, 'Customer returns restocked', 2, 'Jane Mwangi', 'Pending', NULL, NULL, '2026-06-29 16:35:52'),
(525, 'Battery', 612, 183, 176, 'Warehouse transfer', 2, 'Jane Mwangi', 'Pending', NULL, NULL, '2026-06-29 16:35:52'),
(526, 'Fuel Filter', 1421, 14, 19, 'Damaged items removed', 3, 'Peter Otieno', 'Pending', NULL, NULL, '2026-06-29 16:35:52'),
(527, 'Brake Disc', 511, 135, 146, 'Incorrect stock entry correction', 2, 'Jane Mwangi', 'Pending', NULL, NULL, '2026-06-29 16:35:52'),
(528, 'Timing Belt', 1549, 139, 125, 'Warehouse transfer', 2, 'Jane Mwangi', 'Pending', NULL, NULL, '2026-06-29 16:35:52'),
(529, 'Brake Disc', 1355, 186, 176, 'Barcode correction', 2, 'Jane Mwangi', 'Pending', NULL, NULL, '2026-06-29 16:35:52'),
(530, 'Battery', 704, 25, 44, 'Warehouse transfer', 1, 'John Kamau', 'Pending', NULL, NULL, '2026-06-29 16:35:52');

-- --------------------------------------------------------

--
-- Table structure for table `sales`
--

CREATE TABLE `sales` (
  `id` int(11) NOT NULL,
  `invoice_number` varchar(50) NOT NULL,
  `subtotal` decimal(10,2) NOT NULL,
  `tax` decimal(10,2) DEFAULT 0.00,
  `total` decimal(10,2) NOT NULL,
  `payment_method` enum('Cash','M-Pesa','Card','Bank Transfer','Credit') DEFAULT 'Cash',
  `customer_name` varchar(100) DEFAULT NULL,
  `customer_phone` varchar(20) DEFAULT NULL,
  `staff_id` int(11) NOT NULL,
  `staff_name` varchar(100) NOT NULL,
  `status` enum('Completed','Pending','Cancelled','Refunded') DEFAULT 'Completed',
  `created_at` timestamp NOT NULL DEFAULT current_timestamp()
) ENGINE=InnoDB DEFAULT CHARSET=utf8mb4 COLLATE=utf8mb4_general_ci;

-- --------------------------------------------------------

--
-- Table structure for table `sales_items`
--

CREATE TABLE `sales_items` (
  `id` int(11) NOT NULL,
  `sale_id` int(11) NOT NULL,
  `inventory_id` int(11) NOT NULL,
  `sku` varchar(50) NOT NULL,
  `name` varchar(100) NOT NULL,
  `quantity` int(11) NOT NULL,
  `price` decimal(10,2) NOT NULL,
  `total` decimal(10,2) NOT NULL
) ENGINE=InnoDB DEFAULT CHARSET=utf8mb4 COLLATE=utf8mb4_general_ci;

-- --------------------------------------------------------

--
-- Table structure for table `suppliers`
--

CREATE TABLE `suppliers` (
  `id` int(11) NOT NULL,
  `name` varchar(100) NOT NULL,
  `contact` varchar(100) NOT NULL,
  `email` varchar(100) DEFAULT NULL,
  `address` text DEFAULT NULL,
  `phone` varchar(20) DEFAULT NULL,
  `category` varchar(50) DEFAULT NULL,
  `is_active` tinyint(1) DEFAULT 1,
  `created_at` timestamp NOT NULL DEFAULT current_timestamp(),
  `updated_at` timestamp NOT NULL DEFAULT current_timestamp() ON UPDATE current_timestamp()
) ENGINE=InnoDB DEFAULT CHARSET=utf8mb4 COLLATE=utf8mb4_general_ci;

--
-- Dumping data for table `suppliers`
--

INSERT INTO `suppliers` (`id`, `name`, `contact`, `email`, `address`, `phone`, `category`, `is_active`, `created_at`, `updated_at`) VALUES
(1, 'Toyota Kenya Ltd', '+254712345678', 'parts@toyotakenya.com', NULL, NULL, NULL, 1, '2026-06-29 15:36:22', '2026-06-29 15:36:22'),
(2, 'Isuzu East Africa', '+254723456789', 'parts@isuzu.co.ke', NULL, NULL, NULL, 1, '2026-06-29 15:36:22', '2026-06-29 15:36:22'),
(3, 'CFAO Motors Kenya', '+254734567890', 'parts@cfaomotors.co.ke', NULL, NULL, NULL, 1, '2026-06-29 15:36:22', '2026-06-29 15:36:22'),
(4, 'AutoXpress Kenya', '+254745678901', 'suppliers@autoxpress.co.ke', NULL, NULL, NULL, 1, '2026-06-29 15:36:22', '2026-06-29 15:36:22'),
(5, 'Ryce East Africa Ltd', '+254756789012', 'sales@ryceeastafrica.com', NULL, NULL, NULL, 1, '2026-06-29 15:36:22', '2026-06-29 15:36:22'),
(6, 'Kingsway Tyres & Automart', '+254767890123', 'info@kingswaytyres.com', NULL, NULL, NULL, 1, '2026-06-29 15:36:22', '2026-06-29 15:36:22'),
(7, 'Motorcare Kenya Ltd', '+254778901234', 'parts@motorcare.co.ke', NULL, NULL, NULL, 1, '2026-06-29 15:36:22', '2026-06-29 15:36:22'),
(8, 'DT Dobie Kenya', '+254789012345', 'parts@dtdobie.co.ke', NULL, NULL, NULL, 1, '2026-06-29 15:36:22', '2026-06-29 15:36:22'),
(9, 'ECTA Kenya Ltd', '+254790123456', 'sales@ecta.co.ke', NULL, NULL, NULL, 1, '2026-06-29 15:36:22', '2026-06-29 15:36:22'),
(10, 'Garage Equipment Ltd', '+254701234567', 'info@garageequipment.co.ke', NULL, NULL, NULL, 1, '2026-06-29 15:36:22', '2026-06-29 15:36:22'),
(11, 'Bosch Auto Parts Kenya', '+254711223344', 'sales@boschautoparts.co.ke', NULL, NULL, NULL, 1, '2026-06-29 15:36:22', '2026-06-29 15:36:22'),
(12, 'Nissan Kenya Ltd', '+254722334455', 'parts@nissankenya.co.ke', NULL, NULL, NULL, 1, '2026-06-29 15:36:22', '2026-06-29 15:36:22'),
(13, 'Subaru Kenya', '+254733445566', 'parts@subarukenya.co.ke', NULL, NULL, NULL, 1, '2026-06-29 15:36:22', '2026-06-29 15:36:22'),
(14, 'Mitsubishi Motors Kenya', '+254744556677', 'parts@mitsubishikenya.co.ke', NULL, NULL, NULL, 1, '2026-06-29 15:36:22', '2026-06-29 15:36:22'),
(15, 'Honda Kenya', '+254755667788', 'parts@hondakenya.co.ke', NULL, NULL, NULL, 1, '2026-06-29 15:36:22', '2026-06-29 15:36:22'),
(16, 'Mazda Kenya', '+254766778899', 'parts@mazdakenya.co.ke', NULL, NULL, NULL, 1, '2026-06-29 15:36:22', '2026-06-29 15:36:22'),
(17, 'AutoHub Spare Parts', '+254777889900', 'sales@autohub.co.ke', NULL, NULL, NULL, 1, '2026-06-29 15:36:22', '2026-06-29 15:36:22'),
(18, 'Prime Auto Spares', '+254788990011', 'info@primeautospares.co.ke', NULL, NULL, NULL, 1, '2026-06-29 15:36:22', '2026-06-29 15:36:22'),
(19, 'City Auto Parts', '+254799001122', 'sales@cityautoparts.co.ke', NULL, NULL, NULL, 1, '2026-06-29 15:36:22', '2026-06-29 15:36:22'),
(20, 'East Africa Auto Spares', '+254700112233', 'info@eaautospares.co.ke', NULL, NULL, NULL, 1, '2026-06-29 15:36:22', '2026-06-29 15:36:22');

-- --------------------------------------------------------

--
-- Table structure for table `system_settings`
--

CREATE TABLE `system_settings` (
  `id` int(11) NOT NULL,
  `key` varchar(100) NOT NULL,
  `value` varchar(255) NOT NULL,
  `description` varchar(255) DEFAULT NULL,
  `is_editable` tinyint(1) DEFAULT 1,
  `created_at` timestamp NOT NULL DEFAULT current_timestamp(),
  `updated_at` timestamp NOT NULL DEFAULT current_timestamp() ON UPDATE current_timestamp()
) ENGINE=InnoDB DEFAULT CHARSET=utf8mb4 COLLATE=utf8mb4_general_ci;

--
-- Dumping data for table `system_settings`
--

INSERT INTO `system_settings` (`id`, `key`, `value`, `description`, `is_editable`, `created_at`, `updated_at`) VALUES
(1, 'company_name', 'Kamau Automotive Spare Parts Shop', 'Company name displayed throughout the system', 1, '2026-06-29 17:19:02', '2026-06-29 17:19:02'),
(2, 'company_address', 'Nairobi, Kenya', 'Physical business address', 1, '2026-06-29 17:19:02', '2026-06-29 17:19:02'),
(3, 'company_phone', '+254712345678', 'Primary company phone number', 1, '2026-06-29 17:19:02', '2026-06-29 17:19:02'),
(4, 'company_email', 'info@kamauautospares.co.ke', 'Official company email address', 1, '2026-06-29 17:19:02', '2026-06-29 17:19:02'),
(5, 'company_website', 'www.kamauautospares.co.ke', 'Company website', 1, '2026-06-29 17:19:02', '2026-06-29 17:19:02'),
(6, 'currency', 'KES', 'System currency', 1, '2026-06-29 17:19:02', '2026-06-29 17:19:02'),
(7, 'currency_symbol', 'KSh', 'Currency symbol', 1, '2026-06-29 17:19:02', '2026-06-29 17:19:02'),
(8, 'tax_rate', '16', 'VAT percentage', 1, '2026-06-29 17:19:02', '2026-06-29 17:19:02'),
(9, 'low_stock_threshold', '10', 'Default low stock alert threshold', 1, '2026-06-29 17:19:02', '2026-06-29 17:19:02'),
(10, 'default_reorder_level', '15', 'Default reorder level for new inventory items', 1, '2026-06-29 17:19:02', '2026-06-29 17:19:02'),
(11, 'allow_negative_stock', 'false', 'Allow stock quantities below zero', 1, '2026-06-29 17:19:02', '2026-06-29 17:19:02'),
(12, 'inventory_tracking', 'true', 'Enable inventory tracking', 1, '2026-06-29 17:19:02', '2026-06-29 17:19:02'),
(13, 'barcode_scanning', 'true', 'Enable barcode scanning', 1, '2026-06-29 17:19:02', '2026-06-29 17:19:02'),
(14, 'email_notifications', 'true', 'Enable email notifications', 1, '2026-06-29 17:19:02', '2026-06-29 17:19:02'),
(15, 'sms_notifications', 'false', 'Enable SMS notifications', 1, '2026-06-29 17:19:02', '2026-06-29 17:19:02'),
(16, 'auto_backup', 'true', 'Enable automatic database backups', 1, '2026-06-29 17:19:02', '2026-06-29 17:19:02'),
(17, 'backup_frequency', 'Daily', 'Database backup schedule', 1, '2026-06-29 17:19:02', '2026-06-29 17:19:02'),
(18, 'backup_retention_days', '30', 'Number of days to keep backups', 1, '2026-06-29 17:19:02', '2026-06-29 17:19:02'),
(19, 'timezone', 'Africa/Nairobi', 'System timezone', 1, '2026-06-29 17:19:02', '2026-06-29 17:19:02'),
(20, 'date_format', 'Y-m-d', 'Default date format', 1, '2026-06-29 17:19:02', '2026-06-29 17:19:02'),
(21, 'time_format', '24', 'Use 24-hour time format', 1, '2026-06-29 17:19:02', '2026-06-29 17:19:02'),
(22, 'language', 'English', 'Default system language', 1, '2026-06-29 17:19:02', '2026-06-29 17:19:02'),
(23, 'session_timeout', '30', 'User session timeout in minutes', 1, '2026-06-29 17:19:02', '2026-06-29 17:19:02'),
(24, 'password_min_length', '8', 'Minimum password length', 1, '2026-06-29 17:19:02', '2026-06-29 17:19:02'),
(25, 'password_expiry_days', '90', 'Password expiry period', 1, '2026-06-29 17:19:02', '2026-06-29 17:19:02'),
(26, 'max_login_attempts', '5', 'Maximum failed login attempts', 1, '2026-06-29 17:19:02', '2026-06-29 17:19:02'),
(27, 'lockout_duration', '15', 'Account lockout duration in minutes', 1, '2026-06-29 17:19:02', '2026-06-29 17:19:02'),
(28, 'receipt_footer', 'Thank you for shopping with Kamau Automotive Spare Parts Shop!', 'Footer printed on receipts', 1, '2026-06-29 17:19:02', '2026-06-29 17:19:02'),
(29, 'default_supplier', '1', 'Default supplier ID', 1, '2026-06-29 17:19:02', '2026-06-29 17:19:02'),
(30, 'default_location', 'Main Warehouse', 'Default inventory storage location', 1, '2026-06-29 17:19:02', '2026-06-29 17:19:02'),
(31, 'enable_sales_reports', 'true', 'Enable sales reporting', 1, '2026-06-29 17:19:02', '2026-06-29 17:19:02'),
(32, 'enable_inventory_reports', 'true', 'Enable inventory reporting', 1, '2026-06-29 17:19:02', '2026-06-29 17:19:02'),
(33, 'enable_audit_logs', 'true', 'Enable system audit logging', 1, '2026-06-29 17:19:02', '2026-06-29 17:19:02'),
(34, 'enable_pending_adjustments', 'true', 'Require approval for inventory adjustments', 1, '2026-06-29 17:19:02', '2026-06-29 17:19:02'),
(35, 'auto_generate_sku', 'true', 'Automatically generate SKU numbers', 1, '2026-06-29 17:19:02', '2026-06-29 17:19:02'),
(36, 'sku_prefix', 'PRT', 'Prefix used for generated SKUs', 1, '2026-06-29 17:19:02', '2026-06-29 17:19:02'),
(37, 'invoice_prefix', 'INV', 'Invoice number prefix', 1, '2026-06-29 17:19:02', '2026-06-29 17:19:02'),
(38, 'purchase_order_prefix', 'PO', 'Purchase order prefix', 1, '2026-06-29 17:19:02', '2026-06-29 17:19:02'),
(39, 'max_items_per_invoice', '100', 'Maximum items allowed per invoice', 1, '2026-06-29 17:19:02', '2026-06-29 17:19:02'),
(40, 'system_version', '1.0.0', 'Current system version', 1, '2026-06-29 17:19:02', '2026-06-29 17:19:02');

-- --------------------------------------------------------

--
-- Table structure for table `users`
--

CREATE TABLE `users` (
  `id` int(11) NOT NULL,
  `username` varchar(50) NOT NULL,
  `password` varchar(255) NOT NULL,
  `name` varchar(100) NOT NULL,
  `role` enum('Admin','Branch Manager','Sales Staff','Inventory Clerk') NOT NULL,
  `email` varchar(100) DEFAULT NULL,
  `phone` varchar(20) DEFAULT NULL,
  `is_active` tinyint(1) NOT NULL DEFAULT 1,
  `last_login` datetime DEFAULT NULL,
  `created_at` timestamp NOT NULL DEFAULT current_timestamp()
) ENGINE=InnoDB DEFAULT CHARSET=utf8mb4 COLLATE=utf8mb4_general_ci;

--
-- Dumping data for table `users`
--

INSERT INTO `users` (`id`, `username`, `password`, `name`, `role`, `email`, `phone`, `is_active`, `last_login`, `created_at`) VALUES
(1, 'JKamau', '$2y$10$hatrRVpJRlbJl09fgOMuHOvdw3d2o3AM5sLj4qE937SSkIGf8gqBi', 'John Kamau', 'Admin', NULL, NULL, 1, NULL, '2026-06-29 14:44:17'),
(2, 'JMwangi', '$2y$10$7n2hJP2eQe5Z370AgFn6Sepe.5AfHecrwjLGhmKuVUKVWUQkc.OLu', 'Jane Mwangi', 'Branch Manager', NULL, NULL, 1, NULL, '2026-06-29 14:44:17'),
(3, 'POtieno', '$2y$10$/5bDXzge8pok5pJ8cmfXnuIcsR2P4z5vcWmFrPS6LhfJqIywaVpT6', 'Peter Otieno', 'Sales Staff', NULL, NULL, 1, NULL, '2026-06-29 14:44:17'),
(4, 'MWanjiku', '$2y$10$zYXm7dtZ8.Lg2tcFwnLBy.WtzZQwIQ4At4fXfA5iFU/XSie2DhdAK', 'Mary Wanjiku', 'Inventory Clerk', NULL, NULL, 1, NULL, '2026-06-29 14:44:17');

--
-- Indexes for dumped tables
--

--
-- Indexes for table `activity_logs`
--
ALTER TABLE `activity_logs`
  ADD PRIMARY KEY (`id`),
  ADD KEY `idx_user` (`user_id`),
  ADD KEY `idx_date` (`created_at`);

--
-- Indexes for table `inventory`
--
ALTER TABLE `inventory`
  ADD PRIMARY KEY (`id`),
  ADD UNIQUE KEY `sku` (`sku`);

--
-- Indexes for table `pending_adjustments`
--
ALTER TABLE `pending_adjustments`
  ADD PRIMARY KEY (`id`),
  ADD KEY `requested_by` (`requested_by`),
  ADD KEY `approved_by` (`approved_by`),
  ADD KEY `idx_status` (`status`),
  ADD KEY `idx_inventory` (`inventory_id`);

--
-- Indexes for table `sales`
--
ALTER TABLE `sales`
  ADD PRIMARY KEY (`id`),
  ADD UNIQUE KEY `invoice_number` (`invoice_number`),
  ADD KEY `idx_invoice` (`invoice_number`),
  ADD KEY `idx_staff` (`staff_id`),
  ADD KEY `idx_date` (`created_at`),
  ADD KEY `idx_status` (`status`);

--
-- Indexes for table `sales_items`
--
ALTER TABLE `sales_items`
  ADD PRIMARY KEY (`id`),
  ADD KEY `idx_sale` (`sale_id`),
  ADD KEY `idx_inventory` (`inventory_id`);

--
-- Indexes for table `suppliers`
--
ALTER TABLE `suppliers`
  ADD PRIMARY KEY (`id`),
  ADD KEY `idx_name` (`name`);

--
-- Indexes for table `system_settings`
--
ALTER TABLE `system_settings`
  ADD PRIMARY KEY (`id`),
  ADD UNIQUE KEY `key` (`key`),
  ADD KEY `idx_key` (`key`);

--
-- Indexes for table `users`
--
ALTER TABLE `users`
  ADD PRIMARY KEY (`id`),
  ADD UNIQUE KEY `username` (`username`);

--
-- AUTO_INCREMENT for dumped tables
--

--
-- AUTO_INCREMENT for table `activity_logs`
--
ALTER TABLE `activity_logs`
  MODIFY `id` int(11) NOT NULL AUTO_INCREMENT, AUTO_INCREMENT=21;

--
-- AUTO_INCREMENT for table `inventory`
--
ALTER TABLE `inventory`
  MODIFY `id` int(11) NOT NULL AUTO_INCREMENT, AUTO_INCREMENT=2003;

--
-- AUTO_INCREMENT for table `pending_adjustments`
--
ALTER TABLE `pending_adjustments`
  MODIFY `id` int(11) NOT NULL AUTO_INCREMENT, AUTO_INCREMENT=531;

--
-- AUTO_INCREMENT for table `sales`
--
ALTER TABLE `sales`
  MODIFY `id` int(11) NOT NULL AUTO_INCREMENT;

--
-- AUTO_INCREMENT for table `sales_items`
--
ALTER TABLE `sales_items`
  MODIFY `id` int(11) NOT NULL AUTO_INCREMENT;

--
-- AUTO_INCREMENT for table `suppliers`
--
ALTER TABLE `suppliers`
  MODIFY `id` int(11) NOT NULL AUTO_INCREMENT, AUTO_INCREMENT=21;

--
-- AUTO_INCREMENT for table `system_settings`
--
ALTER TABLE `system_settings`
  MODIFY `id` int(11) NOT NULL AUTO_INCREMENT, AUTO_INCREMENT=41;

--
-- AUTO_INCREMENT for table `users`
--
ALTER TABLE `users`
  MODIFY `id` int(11) NOT NULL AUTO_INCREMENT, AUTO_INCREMENT=5;

--
-- Constraints for dumped tables
--

--
-- Constraints for table `activity_logs`
--
ALTER TABLE `activity_logs`
  ADD CONSTRAINT `activity_logs_ibfk_1` FOREIGN KEY (`user_id`) REFERENCES `users` (`id`) ON DELETE SET NULL;

--
-- Constraints for table `pending_adjustments`
--
ALTER TABLE `pending_adjustments`
  ADD CONSTRAINT `pending_adjustments_ibfk_1` FOREIGN KEY (`inventory_id`) REFERENCES `inventory` (`id`) ON DELETE SET NULL,
  ADD CONSTRAINT `pending_adjustments_ibfk_2` FOREIGN KEY (`requested_by`) REFERENCES `users` (`id`),
  ADD CONSTRAINT `pending_adjustments_ibfk_3` FOREIGN KEY (`approved_by`) REFERENCES `users` (`id`) ON DELETE SET NULL;

--
-- Constraints for table `sales`
--
ALTER TABLE `sales`
  ADD CONSTRAINT `sales_ibfk_1` FOREIGN KEY (`staff_id`) REFERENCES `users` (`id`);

--
-- Constraints for table `sales_items`
--
ALTER TABLE `sales_items`
  ADD CONSTRAINT `sales_items_ibfk_1` FOREIGN KEY (`sale_id`) REFERENCES `sales` (`id`) ON DELETE CASCADE,
  ADD CONSTRAINT `sales_items_ibfk_2` FOREIGN KEY (`inventory_id`) REFERENCES `inventory` (`id`);
COMMIT;

/*!40101 SET CHARACTER_SET_CLIENT=@OLD_CHARACTER_SET_CLIENT */;
/*!40101 SET CHARACTER_SET_RESULTS=@OLD_CHARACTER_SET_RESULTS */;
/*!40101 SET COLLATION_CONNECTION=@OLD_COLLATION_CONNECTION */;
